date,feature,horizon,full_grid_daily_ic,nonoverlap_daily_ic,robust_daily_ic,robust_row_count,fixed_clock_row_count,retained_fraction,positive_day_count,median,min,max,statistic
2024-01-01,qi_1,100ms,0.252599270452,0.252599270452,0.296031564968,546352,863986,0.63236209846,,,,,changed_state
2024-01-01,qi_1,500ms,0.372058299926,0.371345068755,0.411410440781,546352,863986,0.63236209846,,,,,changed_state
2024-01-01,qi_1,1s,0.428730663838,0.427678754973,0.461380461496,546352,863986,0.63236209846,,,,,changed_state
2024-01-01,qi_1,5s,0.45652140643,0.451552853264,0.459715370733,546352,863986,0.63236209846,,,,,changed_state
2024-01-01,qi_1,30s,0.250150794966,0.274492417214,0.245826358736,546352,863986,0.63236209846,,,,,changed_state
2024-01-01,di_5,100ms,0.251843297608,0.251843297608,0.295441262404,546352,863986,0.63236209846,,,,,changed_state
2024-01-01,di_5,500ms,0.369182188443,0.368641346011,0.408563393217,546352,863986,0.63236209846,,,,,changed_state
2024-01-01,di_5,1s,0.425997616879,0.425190281449,0.458911584406,546352,863986,0.63236209846,,,,,changed_state
2024-01-01,di_5,5s,0.45561152172,0.45098691726,0.459478330657,546352,863986,0.63236209846,,,,,changed_state
2024-01-01,di_5,30s,0.250908146168,0.279008314319,0.246494183169,546352,863986,0.63236209846,,,,,changed_state
2024-01-01,di_10,100ms,0.249128634038,0.249128634038,0.292240994853,546352,863986,0.63236209846,,,,,changed_state
2024-01-01,di_10,500ms,0.365049596878,0.364767124007,0.403963839544,546352,863986,0.63236209846,,,,,changed_state
2024-01-01,di_10,1s,0.421533929732,0.420444969466,0.453999596543,546352,863986,0.63236209846,,,,,changed_state
2024-01-01,di_10,5s,0.452715282521,0.447850869481,0.456537215524,546352,863986,0.63236209846,,,,,changed_state
2024-01-01,di_10,30s,0.248408061202,0.275490323598,0.243836122031,546352,863986,0.63236209846,,,,,changed_state
2024-01-01,microprice_deviation_bps,100ms,0.252653904616,0.252653904616,0.29635353681,546352,863986,0.63236209846,,,,,changed_state
2024-01-01,microprice_deviation_bps,500ms,0.37058406826,0.37032372142,0.409890736423,546352,863986,0.63236209846,,,,,changed_state
2024-01-01,microprice_deviation_bps,1s,0.426904025446,0.426109275955,0.459367271581,546352,863986,0.63236209846,,,,,changed_state
2024-01-01,microprice_deviation_bps,5s,0.455866917713,0.451325677966,0.458897818209,546352,863986,0.63236209846,,,,,changed_state
2024-01-01,microprice_deviation_bps,30s,0.25023464159,0.276987655584,0.245809759013,546352,863986,0.63236209846,,,,,changed_state
2024-02-01,qi_1,100ms,0.283858839683,0.283858839683,0.329475381038,568005,863980,0.657428412695,,,,,changed_state
2024-02-01,qi_1,500ms,0.395887521667,0.397215875924,0.43645919825,568005,863980,0.657428412695,,,,,changed_state
2024-02-01,qi_1,1s,0.438329183756,0.439947134736,0.471035884533,568005,863980,0.657428412695,,,,,changed_state
2024-02-01,qi_1,5s,0.409933002366,0.410340225154,0.416005817899,568005,863980,0.657428412695,,,,,changed_state
2024-02-01,qi_1,30s,0.187665335997,0.169498365248,0.186176297855,568005,863980,0.657428412695,,,,,changed_state
2024-02-01,di_5,100ms,0.284346968888,0.284346968888,0.330129427095,568005,863980,0.657428412695,,,,,changed_state
2024-02-01,di_5,500ms,0.395390911858,0.396822642496,0.436475016247,568005,863980,0.657428412695,,,,,changed_state
2024-02-01,di_5,1s,0.437623232719,0.439573437073,0.470962525209,568005,863980,0.657428412695,,,,,changed_state
2024-02-01,di_5,5s,0.408790813052,0.408132575439,0.415668442874,568005,863980,0.657428412695,,,,,changed_state
2024-02-01,di_5,30s,0.18721499999,0.1659723033,0.18587051558,568005,863980,0.657428412695,,,,,changed_state
2024-02-01,di_10,100ms,0.281374816498,0.281374816498,0.326690035517,568005,863980,0.657428412695,,,,,changed_state
2024-02-01,di_10,500ms,0.390666144205,0.391969178917,0.431299128274,568005,863980,0.657428412695,,,,,changed_state
2024-02-01,di_10,1s,0.432702874621,0.434717987502,0.465734049699,568005,863980,0.657428412695,,,,,changed_state
2024-02-01,di_10,5s,0.40510877673,0.404048292774,0.412006980252,568005,863980,0.657428412695,,,,,changed_state
2024-02-01,di_10,30s,0.185204127114,0.163655136899,0.183860725523,568005,863980,0.657428412695,,,,,changed_state
2024-02-01,microprice_deviation_bps,100ms,0.285748872933,0.285748872933,0.331762340017,568005,863980,0.657428412695,,,,,changed_state
2024-02-01,microprice_deviation_bps,500ms,0.396174882109,0.397653359501,0.436815157705,568005,863980,0.657428412695,,,,,changed_state
2024-02-01,microprice_deviation_bps,1s,0.438118617171,0.439647991659,0.470767272447,568005,863980,0.657428412695,,,,,changed_state
2024-02-01,microprice_deviation_bps,5s,0.409469346192,0.409524197039,0.415336473579,568005,863980,0.657428412695,,,,,changed_state
2024-02-01,microprice_deviation_bps,30s,0.187343600701,0.170843415235,0.185760431255,568005,863980,0.657428412695,,,,,changed_state
2024-03-01,qi_1,100ms,0.329370510789,0.329370510789,0.360505488106,664207,863986,0.768770558782,,,,,changed_state
2024-03-01,qi_1,500ms,0.431814539836,0.429918909694,0.457959401265,664207,863986,0.768770558782,,,,,changed_state
2024-03-01,qi_1,1s,0.454687445949,0.45021130227,0.474623277531,664207,863986,0.768770558782,,,,,changed_state
2024-03-01,qi_1,5s,0.347125219637,0.353752943345,0.349111154771,664207,863986,0.768770558782,,,,,changed_state
2024-03-01,qi_1,30s,0.160304784662,0.157965600121,0.160384557595,664207,863986,0.768770558782,,,,,changed_state
2024-03-01,di_5,100ms,0.3232046603,0.3232046603,0.353434735554,664207,863986,0.768770558782,,,,,changed_state
2024-03-01,di_5,500ms,0.425913129423,0.423782101287,0.451702035126,664207,863986,0.768770558782,,,,,changed_state
2024-03-01,di_5,1s,0.449948440189,0.444984503969,0.469781124895,664207,863986,0.768770558782,,,,,changed_state
2024-03-01,di_5,5s,0.345341273912,0.350058052584,0.347243683787,664207,863986,0.768770558782,,,,,changed_state
2024-03-01,di_5,30s,0.161283228573,0.157939411478,0.161304688632,664207,863986,0.768770558782,,,,,changed_state
2024-03-01,di_10,100ms,0.314352390468,0.314352390468,0.343761807793,664207,863986,0.768770558782,,,,,changed_state
2024-03-01,di_10,500ms,0.414834882391,0.412786212098,0.440108169982,664207,863986,0.768770558782,,,,,changed_state
2024-03-01,di_10,1s,0.438892501449,0.433858101297,0.45856003798,664207,863986,0.768770558782,,,,,changed_state
2024-03-01,di_10,5s,0.338112019047,0.342070563909,0.34019456299,664207,863986,0.768770558782,,,,,changed_state
2024-03-01,di_10,30s,0.161342750534,0.155043061677,0.161419013263,664207,863986,0.768770558782,,,,,changed_state
2024-03-01,microprice_deviation_bps,100ms,0.331348894586,0.331348894586,0.36275658007,664207,863986,0.768770558782,,,,,changed_state
2024-03-01,microprice_deviation_bps,500ms,0.432329550237,0.430563189865,0.458502819105,664207,863986,0.768770558782,,,,,changed_state
2024-03-01,microprice_deviation_bps,1s,0.454649149514,0.450601373568,0.47452824253,664207,863986,0.768770558782,,,,,changed_state
2024-03-01,microprice_deviation_bps,5s,0.346646185497,0.353608365563,0.348499328577,664207,863986,0.768770558782,,,,,changed_state
2024-03-01,microprice_deviation_bps,30s,0.160113089748,0.157106372225,0.160142191752,664207,863986,0.768770558782,,,,,changed_state
2024-04-01,qi_1,100ms,0.294969809591,0.294969809591,0.326745197929,641711,863952,0.742762329389,,,,,changed_state
2024-04-01,qi_1,500ms,0.412258699664,0.412280253475,0.439163726414,641711,863952,0.742762329389,,,,,changed_state
2024-04-01,qi_1,1s,0.448297921437,0.449573020778,0.467944682477,641711,863952,0.742762329389,,,,,changed_state
2024-04-01,qi_1,5s,0.399772426419,0.40813018512,0.395910250271,641711,863952,0.742762329389,,,,,changed_state
2024-04-01,qi_1,30s,0.218495248417,0.228881765434,0.209937597887,641711,863952,0.742762329389,,,,,changed_state
2024-04-01,di_5,100ms,0.298090049049,0.298090049049,0.330615018457,641711,863952,0.742762329389,,,,,changed_state
2024-04-01,di_5,500ms,0.411920835459,0.411574885132,0.439614355193,641711,863952,0.742762329389,,,,,changed_state
2024-04-01,di_5,1s,0.447258334021,0.44795782656,0.467645371519,641711,863952,0.742762329389,,,,,changed_state
2024-04-01,di_5,5s,0.399886548138,0.406745822828,0.396765994333,641711,863952,0.742762329389,,,,,changed_state
2024-04-01,di_5,30s,0.218240217877,0.226442909239,0.210159655451,641711,863952,0.742762329389,,,,,changed_state
2024-04-01,di_10,100ms,0.29040558372,0.29040558372,0.322034402845,641711,863952,0.742762329389,,,,,changed_state
2024-04-01,di_10,500ms,0.402142473498,0.401799679596,0.428929521047,641711,863952,0.742762329389,,,,,changed_state
2024-04-01,di_10,1s,0.43822969919,0.43833744673,0.45791555109,641711,863952,0.742762329389,,,,,changed_state
2024-04-01,di_10,5s,0.395259073035,0.401485774316,0.391862461122,641711,863952,0.742762329389,,,,,changed_state
2024-04-01,di_10,30s,0.216022841481,0.225196744532,0.207821372346,641711,863952,0.742762329389,,,,,changed_state
2024-04-01,microprice_deviation_bps,100ms,0.299576519315,0.299576519315,0.331474327468,641711,863952,0.742762329389,,,,,changed_state
2024-04-01,microprice_deviation_bps,500ms,0.413762289057,0.4135625713,0.440122508078,641711,863952,0.742762329389,,,,,changed_state
2024-04-01,microprice_deviation_bps,1s,0.448005878659,0.449251892928,0.466773544874,641711,863952,0.742762329389,,,,,changed_state
2024-04-01,microprice_deviation_bps,5s,0.397232097899,0.405690257647,0.392468959462,641711,863952,0.742762329389,,,,,changed_state
2024-04-01,microprice_deviation_bps,30s,0.216365163698,0.224725335701,0.207326382061,641711,863952,0.742762329389,,,,,changed_state
2024-05-01,qi_1,100ms,0.361192036693,0.361192036693,0.384235282829,716622,863986,0.829437051063,,,,,changed_state
2024-05-01,qi_1,500ms,0.406602725243,0.409113393303,0.41982428138,716622,863986,0.829437051063,,,,,changed_state
2024-05-01,qi_1,1s,0.389384986931,0.387175235817,0.395170690228,716622,863986,0.829437051063,,,,,changed_state
2024-05-01,qi_1,5s,0.252437074343,0.254982128133,0.245507012192,716622,863986,0.829437051063,,,,,changed_state
2024-05-01,qi_1,30s,0.122788156283,0.116920632728,0.117125968761,716622,863986,0.829437051063,,,,,changed_state
2024-05-01,di_5,100ms,0.350476174926,0.350476174926,0.37284028509,716622,863986,0.829437051063,,,,,changed_state
2024-05-01,di_5,500ms,0.399035266317,0.400672161961,0.412039136546,716622,863986,0.829437051063,,,,,changed_state
2024-05-01,di_5,1s,0.384216097199,0.380816698116,0.390045974993,716622,863986,0.829437051063,,,,,changed_state
2024-05-01,di_5,5s,0.251498121359,0.254186311801,0.244722760688,716622,863986,0.829437051063,,,,,changed_state
2024-05-01,di_5,30s,0.121252866445,0.118955788438,0.115943744562,716622,863986,0.829437051063,,,,,changed_state
2024-05-01,di_10,100ms,0.336970604128,0.336970604128,0.358376198875,716622,863986,0.829437051063,,,,,changed_state
2024-05-01,di_10,500ms,0.387482046547,0.389201508931,0.400022427386,716622,863986,0.829437051063,,,,,changed_state
2024-05-01,di_10,1s,0.37475101685,0.371615518093,0.380354916276,716622,863986,0.829437051063,,,,,changed_state
2024-05-01,di_10,5s,0.247518344396,0.251013858443,0.24063783618,716622,863986,0.829437051063,,,,,changed_state
2024-05-01,di_10,30s,0.120092614532,0.118336835753,0.114732497637,716622,863986,0.829437051063,,,,,changed_state
2024-05-01,microprice_deviation_bps,100ms,0.363718132708,0.363718132708,0.386367498391,716622,863986,0.829437051063,,,,,changed_state
2024-05-01,microprice_deviation_bps,500ms,0.407063191009,0.409587777411,0.419687438696,716622,863986,0.829437051063,,,,,changed_state
2024-05-01,microprice_deviation_bps,1s,0.389235204736,0.387797596193,0.394513906766,716622,863986,0.829437051063,,,,,changed_state
2024-05-01,microprice_deviation_bps,5s,0.251184430257,0.252829835801,0.24406493666,716622,863986,0.829437051063,,,,,changed_state
2024-05-01,microprice_deviation_bps,30s,0.122076166842,0.118680958231,0.116371384592,716622,863986,0.829437051063,,,,,changed_state
2024-06-01,qi_1,100ms,0.122810452079,0.122810452079,0.149412421784,449936,863991,0.520764683891,,,,,changed_state
2024-06-01,qi_1,500ms,0.219763245747,0.219926609007,0.247920474069,449936,863991,0.520764683891,,,,,changed_state
2024-06-01,qi_1,1s,0.281563591184,0.283428601004,0.311140124105,449936,863991,0.520764683891,,,,,changed_state
2024-06-01,qi_1,5s,0.438241637706,0.438469295056,0.460931389171,449936,863991,0.520764683891,,,,,changed_state
2024-06-01,qi_1,30s,0.443878295386,0.457876213452,0.452120499762,449936,863991,0.520764683891,,,,,changed_state
2024-06-01,di_5,100ms,0.121104012564,0.121104012564,0.147523648058,449936,863991,0.520764683891,,,,,changed_state
2024-06-01,di_5,500ms,0.215742839513,0.215588594388,0.243290721994,449936,863991,0.520764683891,,,,,changed_state
2024-06-01,di_5,1s,0.276763706318,0.278423845425,0.305715384397,449936,863991,0.520764683891,,,,,changed_state
2024-06-01,di_5,5s,0.433222516815,0.434069024567,0.455424995141,449936,863991,0.520764683891,,,,,changed_state
2024-06-01,di_5,30s,0.444508000089,0.457897885476,0.452591239149,449936,863991,0.520764683891,,,,,changed_state
2024-06-01,di_10,100ms,0.119223625107,0.119223625107,0.145501666311,449936,863991,0.520764683891,,,,,changed_state
2024-06-01,di_10,500ms,0.210850824466,0.210871205,0.238185984969,449936,863991,0.520764683891,,,,,changed_state
2024-06-01,di_10,1s,0.270540414679,0.272486187954,0.299202443998,449936,863991,0.520764683891,,,,,changed_state
2024-06-01,di_10,5s,0.425863692984,0.42682670225,0.447564448164,449936,863991,0.520764683891,,,,,changed_state
2024-06-01,di_10,30s,0.439615548373,0.45473422219,0.447560296254,449936,863991,0.520764683891,,,,,changed_state
2024-06-01,microprice_deviation_bps,100ms,0.12341806257,0.12341806257,0.150405160627,449936,863991,0.520764683891,,,,,changed_state
2024-06-01,microprice_deviation_bps,500ms,0.22007603409,0.220387482586,0.248452949481,449936,863991,0.520764683891,,,,,changed_state
2024-06-01,microprice_deviation_bps,1s,0.281761752958,0.283504660646,0.311474681363,449936,863991,0.520764683891,,,,,changed_state
2024-06-01,microprice_deviation_bps,5s,0.438204462544,0.437798951034,0.460851661166,449936,863991,0.520764683891,,,,,changed_state
2024-06-01,microprice_deviation_bps,30s,0.44373863051,0.455863887039,0.451890669548,449936,863991,0.520764683891,,,,,changed_state
2024-07-01,qi_1,100ms,0.232496726686,0.232496726686,0.263702627267,571817,863983,0.661838253762,,,,,changed_state
2024-07-01,qi_1,500ms,0.375864877431,0.375302152276,0.407370582617,571817,863983,0.661838253762,,,,,changed_state
2024-07-01,qi_1,1s,0.440724091556,0.439093458377,0.468465504758,571817,863983,0.661838253762,,,,,changed_state
2024-07-01,qi_1,5s,0.463141540807,0.45725875329,0.468247534798,571817,863983,0.661838253762,,,,,changed_state
2024-07-01,qi_1,30s,0.225563033896,0.233437554398,0.22030474647,571817,863983,0.661838253762,,,,,changed_state
2024-07-01,di_5,100ms,0.230632097704,0.230632097704,0.261813336291,571817,863983,0.661838253762,,,,,changed_state
2024-07-01,di_5,500ms,0.371366369801,0.37085198376,0.402872325054,571817,863983,0.661838253762,,,,,changed_state
2024-07-01,di_5,1s,0.436046875773,0.435094024805,0.463833641355,571817,863983,0.661838253762,,,,,changed_state
2024-07-01,di_5,5s,0.460394043097,0.455973601165,0.465764534695,571817,863983,0.661838253762,,,,,changed_state
2024-07-01,di_5,30s,0.226070502087,0.233448871325,0.220617109566,571817,863983,0.661838253762,,,,,changed_state
2024-07-01,di_10,100ms,0.2283009877,0.2283009877,0.259347632799,571817,863983,0.661838253762,,,,,changed_state
2024-07-01,di_10,500ms,0.366838229616,0.366052305724,0.398202423366,571817,863983,0.661838253762,,,,,changed_state
2024-07-01,di_10,1s,0.430983316538,0.429648791752,0.458672891256,571817,863983,0.661838253762,,,,,changed_state
2024-07-01,di_10,5s,0.456674388286,0.452447345289,0.461977558782,571817,863983,0.661838253762,,,,,changed_state
2024-07-01,di_10,30s,0.224935691804,0.229553817799,0.219237688947,571817,863983,0.661838253762,,,,,changed_state
2024-07-01,microprice_deviation_bps,100ms,0.233979552937,0.233979552937,0.265635046382,571817,863983,0.661838253762,,,,,changed_state
2024-07-01,microprice_deviation_bps,500ms,0.376248086287,0.376252689292,0.407827357917,571817,863983,0.661838253762,,,,,changed_state
2024-07-01,microprice_deviation_bps,1s,0.440874379879,0.43934943008,0.468610241144,571817,863983,0.661838253762,,,,,changed_state
2024-07-01,microprice_deviation_bps,5s,0.462907783793,0.456428882394,0.467865456731,571817,863983,0.661838253762,,,,,changed_state
2024-07-01,microprice_deviation_bps,30s,0.225452301022,0.233766269345,0.220148097817,571817,863983,0.661838253762,,,,,changed_state
2024-08-01,qi_1,100ms,0.365558110332,0.365558110332,0.392656533826,705419,863988,0.816468515766,,,,,changed_state
2024-08-01,qi_1,500ms,0.469547228038,0.468819926395,0.49099158008,705419,863988,0.816468515766,,,,,changed_state
2024-08-01,qi_1,1s,0.475745932735,0.473792384014,0.490370021129,705419,863988,0.816468515766,,,,,changed_state
2024-08-01,qi_1,5s,0.332950749197,0.331175434054,0.329407236234,705419,863988,0.816468515766,,,,,changed_state
2024-08-01,qi_1,30s,0.132943015004,0.119459206532,0.130089930916,705419,863988,0.816468515766,,,,,changed_state
2024-08-01,di_5,100ms,0.362177439528,0.362177439528,0.388903477804,705419,863988,0.816468515766,,,,,changed_state
2024-08-01,di_5,500ms,0.467037789765,0.465996999012,0.488421248886,705419,863988,0.816468515766,,,,,changed_state
2024-08-01,di_5,1s,0.47392711263,0.472093763496,0.488606180908,705419,863988,0.816468515766,,,,,changed_state
2024-08-01,di_5,5s,0.332262922205,0.330173252308,0.328744245649,705419,863988,0.816468515766,,,,,changed_state
2024-08-01,di_5,30s,0.132114653356,0.122042892263,0.129355585674,705419,863988,0.816468515766,,,,,changed_state
2024-08-01,di_10,100ms,0.354832778871,0.354832778871,0.381002198631,705419,863988,0.816468515766,,,,,changed_state
2024-08-01,di_10,500ms,0.459097599318,0.457962842105,0.480177156481,705419,863988,0.816468515766,,,,,changed_state
2024-08-01,di_10,1s,0.466887403518,0.46529683624,0.481472539463,705419,863988,0.816468515766,,,,,changed_state
2024-08-01,di_10,5s,0.328982315503,0.326543708414,0.32548578586,705419,863988,0.816468515766,,,,,changed_state
2024-08-01,di_10,30s,0.130253757694,0.119211244122,0.127357167471,705419,863988,0.816468515766,,,,,changed_state
2024-08-01,microprice_deviation_bps,100ms,0.367758509867,0.367758509867,0.394938385809,705419,863988,0.816468515766,,,,,changed_state
2024-08-01,microprice_deviation_bps,500ms,0.471001869271,0.470471676358,0.492418739387,705419,863988,0.816468515766,,,,,changed_state
2024-08-01,microprice_deviation_bps,1s,0.476582319154,0.474623138085,0.491130397505,705419,863988,0.816468515766,,,,,changed_state
2024-08-01,microprice_deviation_bps,5s,0.332522308502,0.330829664197,0.328883315219,705419,863988,0.816468515766,,,,,changed_state
2024-08-01,microprice_deviation_bps,30s,0.132648577643,0.120054251144,0.129755751823,705419,863988,0.816468515766,,,,,changed_state
2024-09-01,qi_1,100ms,0.319670377619,0.319670377619,0.364597922294,589575,863991,0.682385580405,,,,,changed_state
2024-09-01,qi_1,500ms,0.446002279908,0.445195851865,0.479678635468,589575,863991,0.682385580405,,,,,changed_state
2024-09-01,qi_1,1s,0.491384618663,0.49317958969,0.514979348545,589575,863991,0.682385580405,,,,,changed_state
2024-09-01,qi_1,5s,0.450009560224,0.454295147541,0.445033538072,589575,863991,0.682385580405,,,,,changed_state
2024-09-01,qi_1,30s,0.202145582001,0.198425263392,0.198050125333,589575,863991,0.682385580405,,,,,changed_state
2024-09-01,di_5,100ms,0.308748686607,0.308748686607,0.351569733767,589575,863991,0.682385580405,,,,,changed_state
2024-09-01,di_5,500ms,0.437716763704,0.436702847975,0.470482004543,589575,863991,0.682385580405,,,,,changed_state
2024-09-01,di_5,1s,0.48476980192,0.48613711987,0.508029018855,589575,863991,0.682385580405,,,,,changed_state
2024-09-01,di_5,5s,0.447081698739,0.451326488801,0.442297202973,589575,863991,0.682385580405,,,,,changed_state
2024-09-01,di_5,30s,0.200668844927,0.195176777663,0.196616551141,589575,863991,0.682385580405,,,,,changed_state
2024-09-01,di_10,100ms,0.300656080803,0.300656080803,0.342142600027,589575,863991,0.682385580405,,,,,changed_state
2024-09-01,di_10,500ms,0.429013738562,0.428134539145,0.460913214754,589575,863991,0.682385580405,,,,,changed_state
2024-09-01,di_10,1s,0.476620375158,0.478117742806,0.499427009932,589575,863991,0.682385580405,,,,,changed_state
2024-09-01,di_10,5s,0.441946964537,0.445491276565,0.437246513938,589575,863991,0.682385580405,,,,,changed_state
2024-09-01,di_10,30s,0.199985954112,0.192753806469,0.195672491995,589575,863991,0.682385580405,,,,,changed_state
2024-09-01,microprice_deviation_bps,100ms,0.321895113377,0.321895113377,0.366862288599,589575,863991,0.682385580405,,,,,changed_state
2024-09-01,microprice_deviation_bps,500ms,0.448058867162,0.447289744444,0.481746729102,589575,863991,0.682385580405,,,,,changed_state
2024-09-01,microprice_deviation_bps,1s,0.492929110243,0.494792554573,0.516411837288,589575,863991,0.682385580405,,,,,changed_state
2024-09-01,microprice_deviation_bps,5s,0.44985591233,0.454292125298,0.444704340893,589575,863991,0.682385580405,,,,,changed_state
2024-09-01,microprice_deviation_bps,30s,0.201840018208,0.198818201571,0.197817589176,589575,863991,0.682385580405,,,,,changed_state
2024-10-01,qi_1,100ms,0.349329906337,0.349329906337,0.385846968734,659848,863992,0.763720034445,,,,,changed_state
2024-10-01,qi_1,500ms,0.42885510176,0.427607465811,0.456670507739,659848,863992,0.763720034445,,,,,changed_state
2024-10-01,qi_1,1s,0.43024947741,0.429878964441,0.448114583548,659848,863992,0.763720034445,,,,,changed_state
2024-10-01,qi_1,5s,0.320859125475,0.311323664717,0.312151570913,659848,863992,0.763720034445,,,,,changed_state
2024-10-01,qi_1,30s,0.166999092203,0.161394412302,0.155452872944,659848,863992,0.763720034445,,,,,changed_state
2024-10-01,di_5,100ms,0.341500798773,0.341500798773,0.377095816215,659848,863992,0.763720034445,,,,,changed_state
2024-10-01,di_5,500ms,0.422478539911,0.4216890448,0.450050657179,659848,863992,0.763720034445,,,,,changed_state
2024-10-01,di_5,1s,0.425184953935,0.425547482631,0.443180180164,659848,863992,0.763720034445,,,,,changed_state
2024-10-01,di_5,5s,0.318318839616,0.308080066649,0.309682078742,659848,863992,0.763720034445,,,,,changed_state
2024-10-01,di_5,30s,0.165911254305,0.162489604088,0.154551906394,659848,863992,0.763720034445,,,,,changed_state
2024-10-01,di_10,100ms,0.329658699081,0.329658699081,0.364046364199,659848,863992,0.763720034445,,,,,changed_state
2024-10-01,di_10,500ms,0.410862461226,0.409997800166,0.437945023917,659848,863992,0.763720034445,,,,,changed_state
2024-10-01,di_10,1s,0.414880103678,0.4147665153,0.432749095214,659848,863992,0.763720034445,,,,,changed_state
2024-10-01,di_10,5s,0.313119173895,0.301980552385,0.304760019965,659848,863992,0.763720034445,,,,,changed_state
2024-10-01,di_10,30s,0.163703421421,0.159115408284,0.152640752455,659848,863992,0.763720034445,,,,,changed_state
2024-10-01,microprice_deviation_bps,100ms,0.353151911732,0.353151911732,0.389412923905,659848,863992,0.763720034445,,,,,changed_state
2024-10-01,microprice_deviation_bps,500ms,0.432709623444,0.431378456052,0.460247430177,659848,863992,0.763720034445,,,,,changed_state
2024-10-01,microprice_deviation_bps,1s,0.433154797642,0.432913136577,0.450752251451,659848,863992,0.763720034445,,,,,changed_state
2024-10-01,microprice_deviation_bps,5s,0.32036178776,0.311603530826,0.311581557441,659848,863992,0.763720034445,,,,,changed_state
2024-10-01,microprice_deviation_bps,30s,0.1660375173,0.162143619709,0.154488143399,659848,863992,0.763720034445,,,,,changed_state
2024-11-01,qi_1,100ms,0.315338298983,0.315338298983,0.345059357602,665286,863950,0.77005150761,,,,,changed_state
2024-11-01,qi_1,500ms,0.418991859576,0.419058823848,0.442355878341,665286,863950,0.77005150761,,,,,changed_state
2024-11-01,qi_1,1s,0.434552455362,0.435637223621,0.449257344458,665286,863950,0.77005150761,,,,,changed_state
2024-11-01,qi_1,5s,0.348724341055,0.353603588359,0.339913220049,665286,863950,0.77005150761,,,,,changed_state
2024-11-01,qi_1,30s,0.149103137423,0.15328083483,0.143039647972,665286,863950,0.77005150761,,,,,changed_state
2024-11-01,di_5,100ms,0.31219468068,0.31219468068,0.341361008207,665286,863950,0.77005150761,,,,,changed_state
2024-11-01,di_5,500ms,0.416585769089,0.416658211387,0.439754932151,665286,863950,0.77005150761,,,,,changed_state
2024-11-01,di_5,1s,0.432700026271,0.434183673839,0.447356909339,665286,863950,0.77005150761,,,,,changed_state
2024-11-01,di_5,5s,0.347269862579,0.351457532887,0.338613683057,665286,863950,0.77005150761,,,,,changed_state
2024-11-01,di_5,30s,0.147218411231,0.153347692412,0.14123727257,665286,863950,0.77005150761,,,,,changed_state
2024-11-01,di_10,100ms,0.305037485278,0.305037485278,0.333213192508,665286,863950,0.77005150761,,,,,changed_state
2024-11-01,di_10,500ms,0.409698598666,0.409337359404,0.432182469442,665286,863950,0.77005150761,,,,,changed_state
2024-11-01,di_10,1s,0.42708187426,0.427906935827,0.441300803166,665286,863950,0.77005150761,,,,,changed_state
2024-11-01,di_10,5s,0.345313820471,0.350225736509,0.336615867166,665286,863950,0.77005150761,,,,,changed_state
2024-11-01,di_10,30s,0.145210004816,0.151010916947,0.139231520797,665286,863950,0.77005150761,,,,,changed_state
2024-11-01,microprice_deviation_bps,100ms,0.314568334509,0.314568334509,0.344240873159,665286,863950,0.77005150761,,,,,changed_state
2024-11-01,microprice_deviation_bps,500ms,0.418150239516,0.418280516633,0.441444344051,665286,863950,0.77005150761,,,,,changed_state
2024-11-01,microprice_deviation_bps,1s,0.433895119799,0.435194407094,0.448545182878,665286,863950,0.77005150761,,,,,changed_state
2024-11-01,microprice_deviation_bps,5s,0.348703086993,0.353497876955,0.339871678817,665286,863950,0.77005150761,,,,,changed_state
2024-11-01,microprice_deviation_bps,30s,0.149157159191,0.152644546491,0.143089119427,665286,863950,0.77005150761,,,,,changed_state
2024-12-01,qi_1,100ms,0.230177826918,0.230177826918,0.253486793678,644263,863987,0.745685988331,,,,,changed_state
2024-12-01,qi_1,500ms,0.367343129424,0.369226356738,0.390483949461,644263,863987,0.745685988331,,,,,changed_state
2024-12-01,qi_1,1s,0.43266311777,0.434685035186,0.45329659134,644263,863987,0.745685988331,,,,,changed_state
2024-12-01,qi_1,5s,0.475016555394,0.473581233338,0.479789050193,644263,863987,0.745685988331,,,,,changed_state
2024-12-01,qi_1,30s,0.283403884201,0.279761692467,0.279094432779,644263,863987,0.745685988331,,,,,changed_state
2024-12-01,di_5,100ms,0.229994973156,0.229994973156,0.253339708066,644263,863987,0.745685988331,,,,,changed_state
2024-12-01,di_5,500ms,0.366745516965,0.368692363464,0.390157208703,644263,863987,0.745685988331,,,,,changed_state
2024-12-01,di_5,1s,0.431555506667,0.433889889303,0.452441012777,644263,863987,0.745685988331,,,,,changed_state
2024-12-01,di_5,5s,0.473706344904,0.47311180622,0.47873489052,644263,863987,0.745685988331,,,,,changed_state
2024-12-01,di_5,30s,0.282790369563,0.278433287233,0.278616135101,644263,863987,0.745685988331,,,,,changed_state
2024-12-01,di_10,100ms,0.228402634736,0.228402634736,0.251548971733,644263,863987,0.745685988331,,,,,changed_state
2024-12-01,di_10,500ms,0.365000403735,0.366954190463,0.388310459892,644263,863987,0.745685988331,,,,,changed_state
2024-12-01,di_10,1s,0.430002867171,0.432304739323,0.450866333389,644263,863987,0.745685988331,,,,,changed_state
2024-12-01,di_10,5s,0.472649909193,0.47248963743,0.47769669364,644263,863987,0.745685988331,,,,,changed_state
2024-12-01,di_10,30s,0.283597313984,0.2777915896,0.279414651891,644263,863987,0.745685988331,,,,,changed_state
2024-12-01,microprice_deviation_bps,100ms,0.230155527884,0.230155527884,0.253559294243,644263,863987,0.745685988331,,,,,changed_state
2024-12-01,microprice_deviation_bps,500ms,0.367125328898,0.368954669718,0.390332054814,644263,863987,0.745685988331,,,,,changed_state
2024-12-01,microprice_deviation_bps,1s,0.432418927789,0.434530419787,0.453099494646,644263,863987,0.745685988331,,,,,changed_state
2024-12-01,microprice_deviation_bps,5s,0.474828492291,0.473359206615,0.479585058575,644263,863987,0.745685988331,,,,,changed_state
2024-12-01,microprice_deviation_bps,30s,0.283195869314,0.279792703587,0.278835797406,644263,863987,0.745685988331,,,,,changed_state
2025-01-01,qi_1,100ms,0.226197125066,0.226197125066,0.258534980843,591714,863992,0.684860507968,,,,,changed_state
2025-01-01,qi_1,500ms,0.353336866755,0.352250032284,0.388004703376,591714,863992,0.684860507968,,,,,changed_state
2025-01-01,qi_1,1s,0.408506802533,0.405693700165,0.440868975511,591714,863992,0.684860507968,,,,,changed_state
2025-01-01,qi_1,5s,0.435372515688,0.439421255352,0.449759257957,591714,863992,0.684860507968,,,,,changed_state
2025-01-01,qi_1,30s,0.272047789287,0.26793993705,0.271988841814,591714,863992,0.684860507968,,,,,changed_state
2025-01-01,di_5,100ms,0.223874095325,0.223874095325,0.255646984556,591714,863992,0.684860507968,,,,,changed_state
2025-01-01,di_5,500ms,0.350650705357,0.34959635789,0.384997572541,591714,863992,0.684860507968,,,,,changed_state
2025-01-01,di_5,1s,0.405752961911,0.403034489927,0.437900310722,591714,863992,0.684860507968,,,,,changed_state
2025-01-01,di_5,5s,0.433374520342,0.437017954421,0.447845104556,591714,863992,0.684860507968,,,,,changed_state
2025-01-01,di_5,30s,0.272818407818,0.268435658116,0.272866422337,591714,863992,0.684860507968,,,,,changed_state
2025-01-01,di_10,100ms,0.221127886199,0.221127886199,0.252324831958,591714,863992,0.684860507968,,,,,changed_state
2025-01-01,di_10,500ms,0.347280650732,0.346217724154,0.381105139426,591714,863992,0.684860507968,,,,,changed_state
2025-01-01,di_10,1s,0.402436272557,0.399632745637,0.434195244706,591714,863992,0.684860507968,,,,,changed_state
2025-01-01,di_10,5s,0.431391294836,0.43448294089,0.445788509588,591714,863992,0.684860507968,,,,,changed_state
2025-01-01,di_10,30s,0.27247837738,0.268333912855,0.272423829227,591714,863992,0.684860507968,,,,,changed_state
2025-01-01,microprice_deviation_bps,100ms,0.225535411957,0.225535411957,0.257820458813,591714,863992,0.684860507968,,,,,changed_state
2025-01-01,microprice_deviation_bps,500ms,0.35247274687,0.351516632157,0.387033811273,591714,863992,0.684860507968,,,,,changed_state
2025-01-01,microprice_deviation_bps,1s,0.40776238948,0.405032819397,0.44005358294,591714,863992,0.684860507968,,,,,changed_state
2025-01-01,microprice_deviation_bps,5s,0.435066698385,0.439247492112,0.449430110624,591714,863992,0.684860507968,,,,,changed_state
2025-01-01,microprice_deviation_bps,30s,0.27203416034,0.267948546809,0.271994809094,591714,863992,0.684860507968,,,,,changed_state
2025-02-01,qi_1,100ms,0.229038185716,0.229038185716,0.255760622276,602920,863992,0.697830535468,,,,,changed_state
2025-02-01,qi_1,500ms,0.375448597661,0.37585124235,0.401361487344,602920,863992,0.697830535468,,,,,changed_state
2025-02-01,qi_1,1s,0.44815019092,0.449520390579,0.471031899098,602920,863992,0.697830535468,,,,,changed_state
2025-02-01,qi_1,5s,0.516344798112,0.517680042228,0.522394532514,602920,863992,0.697830535468,,,,,changed_state
2025-02-01,qi_1,30s,0.28139583841,0.284668906028,0.276960793504,602920,863992,0.697830535468,,,,,changed_state
2025-02-01,di_5,100ms,0.226773172273,0.226773172273,0.253137236814,602920,863992,0.697830535468,,,,,changed_state
2025-02-01,di_5,500ms,0.372879522337,0.373409802254,0.398479458403,602920,863992,0.697830535468,,,,,changed_state
2025-02-01,di_5,1s,0.445581498884,0.446808904517,0.468205761231,602920,863992,0.697830535468,,,,,changed_state
2025-02-01,di_5,5s,0.514588399147,0.515589922914,0.520599813928,602920,863992,0.697830535468,,,,,changed_state
2025-02-01,di_5,30s,0.280289089606,0.283607117241,0.275928359998,602920,863992,0.697830535468,,,,,changed_state
2025-02-01,di_10,100ms,0.224404868627,0.224404868627,0.250279008754,602920,863992,0.697830535468,,,,,changed_state
2025-02-01,di_10,500ms,0.370327121145,0.370790044668,0.395507137695,602920,863992,0.697830535468,,,,,changed_state
2025-02-01,di_10,1s,0.443044346377,0.444018621517,0.465368656492,602920,863992,0.697830535468,,,,,changed_state
2025-02-01,di_10,5s,0.512888089787,0.513258730471,0.518837418703,602920,863992,0.697830535468,,,,,changed_state
2025-02-01,di_10,30s,0.280329171022,0.281275819126,0.275936983841,602920,863992,0.697830535468,,,,,changed_state
2025-02-01,microprice_deviation_bps,100ms,0.229795373861,0.229795373861,0.256479219749,602920,863992,0.697830535468,,,,,changed_state
2025-02-01,microprice_deviation_bps,500ms,0.376594857253,0.377014861346,0.402582973292,602920,863992,0.697830535468,,,,,changed_state
2025-02-01,microprice_deviation_bps,1s,0.449207869218,0.450597336265,0.472153854551,602920,863992,0.697830535468,,,,,changed_state
2025-02-01,microprice_deviation_bps,5s,0.516718878858,0.518164240668,0.522723194945,602920,863992,0.697830535468,,,,,changed_state
2025-02-01,microprice_deviation_bps,30s,0.281308068041,0.285132098712,0.276832496965,602920,863992,0.697830535468,,,,,changed_state
2025-03-01,qi_1,100ms,0.326524905651,0.326524905651,0.351692628667,685316,863992,0.793197159233,,,,,changed_state
2025-03-01,qi_1,500ms,0.474693598858,0.474223184174,0.496813826589,685316,863992,0.793197159233,,,,,changed_state
2025-03-01,qi_1,1s,0.50632479166,0.508338767833,0.523018407247,685316,863992,0.793197159233,,,,,changed_state
2025-03-01,qi_1,5s,0.406746858114,0.407959001117,0.404869968026,685316,863992,0.793197159233,,,,,changed_state
2025-03-01,qi_1,30s,0.168078335685,0.191873506245,0.166278860889,685316,863992,0.793197159233,,,,,changed_state
2025-03-01,di_5,100ms,0.323791031333,0.323791031333,0.348739216641,685316,863992,0.793197159233,,,,,changed_state
2025-03-01,di_5,500ms,0.47232595459,0.471637762265,0.494502778625,685316,863992,0.793197159233,,,,,changed_state
2025-03-01,di_5,1s,0.50404943589,0.505968010079,0.520868010453,685316,863992,0.793197159233,,,,,changed_state
2025-03-01,di_5,5s,0.405305851209,0.406061803085,0.403659672192,685316,863992,0.793197159233,,,,,changed_state
2025-03-01,di_5,30s,0.167843369273,0.189074544773,0.166105543637,685316,863992,0.793197159233,,,,,changed_state
2025-03-01,di_10,100ms,0.319411409747,0.319411409747,0.343976067412,685316,863992,0.793197159233,,,,,changed_state
2025-03-01,di_10,500ms,0.469010296291,0.468112298361,0.491057387277,685316,863992,0.793197159233,,,,,changed_state
2025-03-01,di_10,1s,0.501448569849,0.503293755013,0.518189293147,685316,863992,0.793197159233,,,,,changed_state
2025-03-01,di_10,5s,0.404641671575,0.405550897016,0.403095802119,685316,863992,0.793197159233,,,,,changed_state
2025-03-01,di_10,30s,0.16834167315,0.189798878678,0.166568750524,685316,863992,0.793197159233,,,,,changed_state
2025-03-01,microprice_deviation_bps,100ms,0.325363524217,0.325363524217,0.350342991648,685316,863992,0.793197159233,,,,,changed_state
2025-03-01,microprice_deviation_bps,500ms,0.473976629291,0.47354519978,0.495988307945,685316,863992,0.793197159233,,,,,changed_state
2025-03-01,microprice_deviation_bps,1s,0.505806772477,0.507954935112,0.522436247135,685316,863992,0.793197159233,,,,,changed_state
2025-03-01,microprice_deviation_bps,5s,0.406748117482,0.408253077456,0.404848370313,685316,863992,0.793197159233,,,,,changed_state
2025-03-01,microprice_deviation_bps,30s,0.168058608908,0.191998987211,0.166229996083,685316,863992,0.793197159233,,,,,changed_state
2025-04-01,qi_1,100ms,0.321253067861,0.321253067861,0.350588377041,683679,863992,0.791302465764,,,,,changed_state
2025-04-01,qi_1,500ms,0.45513372634,0.454969898693,0.481970692972,683679,863992,0.791302465764,,,,,changed_state
2025-04-01,qi_1,1s,0.482073124974,0.482116967734,0.502485979969,683679,863992,0.791302465764,,,,,changed_state
2025-04-01,qi_1,5s,0.406042385519,0.410400624468,0.404051746241,683679,863992,0.791302465764,,,,,changed_state
2025-04-01,qi_1,30s,0.179204679121,0.210056757428,0.174563502616,683679,863992,0.791302465764,,,,,changed_state
2025-04-01,di_5,100ms,0.319086567584,0.319086567584,0.34809775636,683679,863992,0.791302465764,,,,,changed_state
2025-04-01,di_5,500ms,0.453534981024,0.453462066551,0.480249257432,683679,863992,0.791302465764,,,,,changed_state
2025-04-01,di_5,1s,0.480903894162,0.481087808114,0.501255793272,683679,863992,0.791302465764,,,,,changed_state
2025-04-01,di_5,5s,0.405506904724,0.409428198648,0.403543028281,683679,863992,0.791302465764,,,,,changed_state
2025-04-01,di_5,30s,0.178652130982,0.210253854282,0.174008753959,683679,863992,0.791302465764,,,,,changed_state
2025-04-01,di_10,100ms,0.316226126326,0.316226126326,0.344855763041,683679,863992,0.791302465764,,,,,changed_state
2025-04-01,di_10,500ms,0.451472083869,0.45122007913,0.477995384929,683679,863992,0.791302465764,,,,,changed_state
2025-04-01,di_10,1s,0.479554410261,0.479610650968,0.499817384606,683679,863992,0.791302465764,,,,,changed_state
2025-04-01,di_10,5s,0.405814475133,0.409982159334,0.40385812269,683679,863992,0.791302465764,,,,,changed_state
2025-04-01,di_10,30s,0.178520984495,0.211292594042,0.17383997276,683679,863992,0.791302465764,,,,,changed_state
2025-04-01,microprice_deviation_bps,100ms,0.319283490839,0.319283490839,0.348518172023,683679,863992,0.791302465764,,,,,changed_state
2025-04-01,microprice_deviation_bps,500ms,0.453048442509,0.452969169484,0.479780144091,683679,863992,0.791302465764,,,,,changed_state
2025-04-01,microprice_deviation_bps,1s,0.480246497591,0.480281452052,0.500558743293,683679,863992,0.791302465764,,,,,changed_state
2025-04-01,microprice_deviation_bps,5s,0.405416057994,0.409204092114,0.403356793991,683679,863992,0.791302465764,,,,,changed_state
2025-04-01,microprice_deviation_bps,30s,0.179076724837,0.209595400955,0.174411417196,683679,863992,0.791302465764,,,,,changed_state
2025-05-01,qi_1,100ms,0.216513065532,0.216513065532,0.244387036719,640335,863991,0.741136192391,,,,,changed_state
2025-05-01,qi_1,500ms,0.316790386983,0.31715886683,0.345803034957,640335,863991,0.741136192391,,,,,changed_state
2025-05-01,qi_1,1s,0.358232846743,0.355270535097,0.385671145436,640335,863991,0.741136192391,,,,,changed_state
2025-05-01,qi_1,5s,0.375592195138,0.376019959399,0.387920664545,640335,863991,0.741136192391,,,,,changed_state
2025-05-01,qi_1,30s,0.223696390358,0.203963639897,0.221547235111,640335,863991,0.741136192391,,,,,changed_state
2025-05-01,di_5,100ms,0.216408215933,0.216408215933,0.244157649584,640335,863991,0.741136192391,,,,,changed_state
2025-05-01,di_5,500ms,0.316643661539,0.316960470439,0.345611614144,640335,863991,0.741136192391,,,,,changed_state
2025-05-01,di_5,1s,0.358009742389,0.355000669816,0.385402314055,640335,863991,0.741136192391,,,,,changed_state
2025-05-01,di_5,5s,0.376055763049,0.376383036386,0.388335332782,640335,863991,0.741136192391,,,,,changed_state
2025-05-01,di_5,30s,0.223908379434,0.204782702096,0.221902735387,640335,863991,0.741136192391,,,,,changed_state
2025-05-01,di_10,100ms,0.215464953441,0.215464953441,0.242956480891,640335,863991,0.741136192391,,,,,changed_state
2025-05-01,di_10,500ms,0.31565441537,0.315825601235,0.344437346193,640335,863991,0.741136192391,,,,,changed_state
2025-05-01,di_10,1s,0.356956179594,0.353842186503,0.384207382037,640335,863991,0.741136192391,,,,,changed_state
2025-05-01,di_10,5s,0.375487078579,0.376387788106,0.387821475596,640335,863991,0.741136192391,,,,,changed_state
2025-05-01,di_10,30s,0.224515365269,0.206274893903,0.222417329864,640335,863991,0.741136192391,,,,,changed_state
2025-05-01,microprice_deviation_bps,100ms,0.215392307115,0.215392307115,0.243153582055,640335,863991,0.741136192391,,,,,changed_state
2025-05-01,microprice_deviation_bps,500ms,0.315470668838,0.315932993388,0.344388198681,640335,863991,0.741136192391,,,,,changed_state
2025-05-01,microprice_deviation_bps,1s,0.356994293627,0.354066661867,0.384358032557,640335,863991,0.741136192391,,,,,changed_state
2025-05-01,microprice_deviation_bps,5s,0.375068226489,0.375310750181,0.387399088708,640335,863991,0.741136192391,,,,,changed_state
2025-05-01,microprice_deviation_bps,30s,0.223756164781,0.203534534487,0.221601227985,640335,863991,0.741136192391,,,,,changed_state
2025-06-01,qi_1,100ms,0.182082896264,0.182082896264,0.207189857096,620336,863992,0.71798812952,,,,,changed_state
2025-06-01,qi_1,500ms,0.289275514295,0.289868582204,0.316505918896,620336,863992,0.71798812952,,,,,changed_state
2025-06-01,qi_1,1s,0.339717337119,0.339597576062,0.365000348733,620336,863992,0.71798812952,,,,,changed_state
2025-06-01,qi_1,5s,0.403314317869,0.403567195573,0.417419499423,620336,863992,0.71798812952,,,,,changed_state
2025-06-01,qi_1,30s,0.280222575258,0.288330742961,0.280632750776,620336,863992,0.71798812952,,,,,changed_state
2025-06-01,di_5,100ms,0.182149905162,0.182149905162,0.207148523556,620336,863992,0.71798812952,,,,,changed_state
2025-06-01,di_5,500ms,0.289316200867,0.289576519864,0.316506356911,620336,863992,0.71798812952,,,,,changed_state
2025-06-01,di_5,1s,0.339729173763,0.339410114111,0.36500366442,620336,863992,0.71798812952,,,,,changed_state
2025-06-01,di_5,5s,0.403249004428,0.403520517743,0.417435925361,620336,863992,0.71798812952,,,,,changed_state
2025-06-01,di_5,30s,0.28034402959,0.288488328069,0.280866211784,620336,863992,0.71798812952,,,,,changed_state
2025-06-01,di_10,100ms,0.181742961005,0.181742961005,0.206595663827,620336,863992,0.71798812952,,,,,changed_state
2025-06-01,di_10,500ms,0.288844122405,0.289195227193,0.315904216955,620336,863992,0.71798812952,,,,,changed_state
2025-06-01,di_10,1s,0.339247059598,0.339015206188,0.364395931997,620336,863992,0.71798812952,,,,,changed_state
2025-06-01,di_10,5s,0.403262777929,0.40368385417,0.417489195229,620336,863992,0.71798812952,,,,,changed_state
2025-06-01,di_10,30s,0.28080010496,0.287385407106,0.281166351515,620336,863992,0.71798812952,,,,,changed_state
2025-06-01,microprice_deviation_bps,100ms,0.182051195936,0.182051195936,0.207142961743,620336,863992,0.71798812952,,,,,changed_state
2025-06-01,microprice_deviation_bps,500ms,0.289233189456,0.28990083574,0.316453851112,620336,863992,0.71798812952,,,,,changed_state
2025-06-01,microprice_deviation_bps,1s,0.339687619856,0.339644442112,0.364959105869,620336,863992,0.71798812952,,,,,changed_state
2025-06-01,microprice_deviation_bps,5s,0.403340670647,0.403642074055,0.417453471016,620336,863992,0.71798812952,,,,,changed_state
2025-06-01,microprice_deviation_bps,30s,0.280254898693,0.288337835107,0.28067340866,620336,863992,0.71798812952,,,,,changed_state
2025-07-01,qi_1,100ms,0.195780169889,0.195780169889,0.218005578653,638213,863991,0.738680148289,,,,,changed_state
2025-07-01,qi_1,500ms,0.317908225342,0.317411568884,0.344061531281,638213,863991,0.738680148289,,,,,changed_state
2025-07-01,qi_1,1s,0.37535568133,0.374680064321,0.400755916013,638213,863991,0.738680148289,,,,,changed_state
2025-07-01,qi_1,5s,0.442710171196,0.453813353991,0.454897478629,638213,863991,0.738680148289,,,,,changed_state
2025-07-01,qi_1,30s,0.285572036507,0.30398633844,0.284588369852,638213,863991,0.738680148289,,,,,changed_state
2025-07-01,di_5,100ms,0.19531743526,0.19531743526,0.217436625375,638213,863991,0.738680148289,,,,,changed_state
2025-07-01,di_5,500ms,0.316937976934,0.316701705611,0.343059445289,638213,863991,0.738680148289,,,,,changed_state
2025-07-01,di_5,1s,0.374100724514,0.37376789827,0.399513231339,638213,863991,0.738680148289,,,,,changed_state
2025-07-01,di_5,5s,0.440999183013,0.452121066878,0.453395790505,638213,863991,0.738680148289,,,,,changed_state
2025-07-01,di_5,30s,0.283803546636,0.305808069731,0.283121357387,638213,863991,0.738680148289,,,,,changed_state
2025-07-01,di_10,100ms,0.194552008663,0.194552008663,0.216467391896,638213,863991,0.738680148289,,,,,changed_state
2025-07-01,di_10,500ms,0.315946890359,0.315766768558,0.341926340744,638213,863991,0.738680148289,,,,,changed_state
2025-07-01,di_10,1s,0.372976670876,0.372723460357,0.398364635076,638213,863991,0.738680148289,,,,,changed_state
2025-07-01,di_10,5s,0.439777394131,0.451940819257,0.452271092426,638213,863991,0.738680148289,,,,,changed_state
2025-07-01,di_10,30s,0.283828709311,0.306905919703,0.283226908263,638213,863991,0.738680148289,,,,,changed_state
2025-07-01,microprice_deviation_bps,100ms,0.196017220835,0.196017220835,0.218373071769,638213,863991,0.738680148289,,,,,changed_state
2025-07-01,microprice_deviation_bps,500ms,0.318143882892,0.317608875496,0.344420057573,638213,863991,0.738680148289,,,,,changed_state
2025-07-01,microprice_deviation_bps,1s,0.375584591244,0.374837089721,0.40108668423,638213,863991,0.738680148289,,,,,changed_state
2025-07-01,microprice_deviation_bps,5s,0.442752110248,0.453660109812,0.454965470551,638213,863991,0.738680148289,,,,,changed_state
2025-07-01,microprice_deviation_bps,30s,0.285311849637,0.303887027327,0.284286843845,638213,863991,0.738680148289,,,,,changed_state
2025-08-01,qi_1,100ms,0.327181243448,0.327181243448,0.343063311339,759690,863992,0.879278974805,,,,,changed_state
2025-08-01,qi_1,500ms,0.460660038157,0.461558352745,0.475630372984,759690,863992,0.879278974805,,,,,changed_state
2025-08-01,qi_1,1s,0.484572285727,0.486873712364,0.496303449728,759690,863992,0.879278974805,,,,,changed_state
2025-08-01,qi_1,5s,0.379522969978,0.374236597209,0.379169668427,759690,863992,0.879278974805,,,,,changed_state
2025-08-01,qi_1,30s,0.163692327347,0.131635821965,0.163802232515,759690,863992,0.879278974805,,,,,changed_state
2025-08-01,di_5,100ms,0.326673225879,0.326673225879,0.34234134791,759690,863992,0.879278974805,,,,,changed_state
2025-08-01,di_5,500ms,0.460430510031,0.461379092068,0.475353040619,759690,863992,0.879278974805,,,,,changed_state
2025-08-01,di_5,1s,0.48424800814,0.486402566243,0.496000950743,759690,863992,0.879278974805,,,,,changed_state
2025-08-01,di_5,5s,0.378914467712,0.372793205526,0.37868535292,759690,863992,0.879278974805,,,,,changed_state
2025-08-01,di_5,30s,0.163100548344,0.133625566082,0.16326111151,759690,863992,0.879278974805,,,,,changed_state
2025-08-01,di_10,100ms,0.324152341087,0.324152341087,0.339535792165,759690,863992,0.879278974805,,,,,changed_state
2025-08-01,di_10,500ms,0.45812703564,0.459249598373,0.472908200622,759690,863992,0.879278974805,,,,,changed_state
2025-08-01,di_10,1s,0.482193712526,0.484452527131,0.49384329736,759690,863992,0.879278974805,,,,,changed_state
2025-08-01,di_10,5s,0.377763776921,0.371634537788,0.377562129202,759690,863992,0.879278974805,,,,,changed_state
2025-08-01,di_10,30s,0.163424060706,0.134784133708,0.16360396038,759690,863992,0.879278974805,,,,,changed_state
2025-08-01,microprice_deviation_bps,100ms,0.326999922406,0.326999922406,0.34280902614,759690,863992,0.879278974805,,,,,changed_state
2025-08-01,microprice_deviation_bps,500ms,0.460611021314,0.461514557446,0.475543340325,759690,863992,0.879278974805,,,,,changed_state
2025-08-01,microprice_deviation_bps,1s,0.484504230769,0.486821321737,0.496204594445,759690,863992,0.879278974805,,,,,changed_state
2025-08-01,microprice_deviation_bps,5s,0.379180115907,0.373815365006,0.378795235137,759690,863992,0.879278974805,,,,,changed_state
2025-08-01,microprice_deviation_bps,30s,0.163490724591,0.131806158217,0.16356026857,759690,863992,0.879278974805,,,,,changed_state
2025-09-01,qi_1,100ms,0.292859874052,0.292859874052,0.315806086651,697337,863979,0.807122626823,,,,,changed_state
2025-09-01,qi_1,500ms,0.420145744826,0.419002662781,0.440426997601,697337,863979,0.807122626823,,,,,changed_state
2025-09-01,qi_1,1s,0.463752119711,0.462156002446,0.480308247366,697337,863979,0.807122626823,,,,,changed_state
2025-09-01,qi_1,5s,0.404987187413,0.407471129416,0.409940384713,697337,863979,0.807122626823,,,,,changed_state
2025-09-01,qi_1,30s,0.167301937557,0.169703164934,0.169019467725,697337,863979,0.807122626823,,,,,changed_state
2025-09-01,di_5,100ms,0.294107534974,0.294107534974,0.316965036094,697337,863979,0.807122626823,,,,,changed_state
2025-09-01,di_5,500ms,0.42154401855,0.420215692226,0.441863141176,697337,863979,0.807122626823,,,,,changed_state
2025-09-01,di_5,1s,0.465024604552,0.463223941815,0.481678846452,697337,863979,0.807122626823,,,,,changed_state
2025-09-01,di_5,5s,0.405463599615,0.407322843763,0.410485814471,697337,863979,0.807122626823,,,,,changed_state
2025-09-01,di_5,30s,0.167236110907,0.170022636531,0.168945450674,697337,863979,0.807122626823,,,,,changed_state
2025-09-01,di_10,100ms,0.293958178596,0.293958178596,0.31663035047,697337,863979,0.807122626823,,,,,changed_state
2025-09-01,di_10,500ms,0.421957758257,0.420982237078,0.442182901659,697337,863979,0.807122626823,,,,,changed_state
2025-09-01,di_10,1s,0.465616213814,0.464133216739,0.482240137081,697337,863979,0.807122626823,,,,,changed_state
2025-09-01,di_10,5s,0.406122288949,0.408278639706,0.411149088087,697337,863979,0.807122626823,,,,,changed_state
2025-09-01,di_10,30s,0.1670112333,0.170391775939,0.168832773558,697337,863979,0.807122626823,,,,,changed_state
2025-09-01,microprice_deviation_bps,100ms,0.293170126593,0.293170126593,0.316013226581,697337,863979,0.807122626823,,,,,changed_state
2025-09-01,microprice_deviation_bps,500ms,0.420520221431,0.419424024551,0.440738896662,697337,863979,0.807122626823,,,,,changed_state
2025-09-01,microprice_deviation_bps,1s,0.464180106369,0.462628757635,0.480681787481,697337,863979,0.807122626823,,,,,changed_state
2025-09-01,microprice_deviation_bps,5s,0.405231278376,0.407515543785,0.410161587607,697337,863979,0.807122626823,,,,,changed_state
2025-09-01,microprice_deviation_bps,30s,0.167113944905,0.16975854618,0.168804785899,697337,863979,0.807122626823,,,,,changed_state
2025-10-01,qi_1,100ms,0.249016737427,0.249016737427,0.270125450382,704461,863990,0.815357816641,,,,,changed_state
2025-10-01,qi_1,500ms,0.353708528339,0.353569295939,0.374623957377,704461,863990,0.815357816641,,,,,changed_state
2025-10-01,qi_1,1s,0.396679619913,0.395767814054,0.414951847837,704461,863990,0.815357816641,,,,,changed_state
2025-10-01,qi_1,5s,0.417605867934,0.421124831694,0.423047840849,704461,863990,0.815357816641,,,,,changed_state
2025-10-01,qi_1,30s,0.234823237352,0.265590118423,0.233779500783,704461,863990,0.815357816641,,,,,changed_state
2025-10-01,di_5,100ms,0.249423214605,0.249423214605,0.270432381463,704461,863990,0.815357816641,,,,,changed_state
2025-10-01,di_5,500ms,0.353690752061,0.353701972287,0.374588140795,704461,863990,0.815357816641,,,,,changed_state
2025-10-01,di_5,1s,0.396410530959,0.395423690929,0.414687391489,704461,863990,0.815357816641,,,,,changed_state
2025-10-01,di_5,5s,0.416725583178,0.420265378579,0.422278851491,704461,863990,0.815357816641,,,,,changed_state
2025-10-01,di_5,30s,0.234003335291,0.263676201889,0.233088174301,704461,863990,0.815357816641,,,,,changed_state
2025-10-01,di_10,100ms,0.248199462633,0.248199462633,0.269096617262,704461,863990,0.815357816641,,,,,changed_state
2025-10-01,di_10,500ms,0.351791051528,0.351693337044,0.372783492951,704461,863990,0.815357816641,,,,,changed_state
2025-10-01,di_10,1s,0.393977829671,0.39288391565,0.412423079007,704461,863990,0.815357816641,,,,,changed_state
2025-10-01,di_10,5s,0.413927015021,0.417450739086,0.419762950843,704461,863990,0.815357816641,,,,,changed_state
2025-10-01,di_10,30s,0.234174784807,0.264812836665,0.233362786046,704461,863990,0.815357816641,,,,,changed_state
2025-10-01,microprice_deviation_bps,100ms,0.248087022095,0.248087022095,0.269001765568,704461,863990,0.815357816641,,,,,changed_state
2025-10-01,microprice_deviation_bps,500ms,0.352731649722,0.352413362284,0.373509749571,704461,863990,0.815357816641,,,,,changed_state
2025-10-01,microprice_deviation_bps,1s,0.395717438717,0.394743512121,0.413842075575,704461,863990,0.815357816641,,,,,changed_state
2025-10-01,microprice_deviation_bps,5s,0.417350047968,0.42077196309,0.42271290134,704461,863990,0.815357816641,,,,,changed_state
2025-10-01,microprice_deviation_bps,30s,0.234499534594,0.265108301239,0.233468325817,704461,863990,0.815357816641,,,,,changed_state
2025-11-01,qi_1,100ms,0.181657933853,0.181657933853,0.198499665886,664795,863990,0.76944756305,,,,,changed_state
2025-11-01,qi_1,500ms,0.301959439959,0.301889440887,0.321187309131,664795,863990,0.76944756305,,,,,changed_state
2025-11-01,qi_1,1s,0.367380061434,0.366418629795,0.384791674611,664795,863990,0.76944756305,,,,,changed_state
2025-11-01,qi_1,5s,0.490329790917,0.484672829877,0.498705195083,664795,863990,0.76944756305,,,,,changed_state
2025-11-01,qi_1,30s,0.348381877275,0.354279031484,0.347232862068,664795,863990,0.76944756305,,,,,changed_state
2025-11-01,di_5,100ms,0.18138296451,0.18138296451,0.198153560342,664795,863990,0.76944756305,,,,,changed_state
2025-11-01,di_5,500ms,0.301468847361,0.301426682326,0.320672709895,664795,863990,0.76944756305,,,,,changed_state
2025-11-01,di_5,1s,0.366795120234,0.365789279869,0.384203222911,664795,863990,0.76944756305,,,,,changed_state
2025-11-01,di_5,5s,0.48979805778,0.484185683535,0.498194113175,664795,863990,0.76944756305,,,,,changed_state
2025-11-01,di_5,30s,0.347930226026,0.353716279149,0.346810174517,664795,863990,0.76944756305,,,,,changed_state
2025-11-01,di_10,100ms,0.179398024297,0.179398024297,0.195934349783,664795,863990,0.76944756305,,,,,changed_state
2025-11-01,di_10,500ms,0.30013981388,0.300010814752,0.319174080616,664795,863990,0.76944756305,,,,,changed_state
2025-11-01,di_10,1s,0.365885670417,0.365006780162,0.3831899911,664795,863990,0.76944756305,,,,,changed_state
2025-11-01,di_10,5s,0.489894537799,0.48453616174,0.498275002755,664795,863990,0.76944756305,,,,,changed_state
2025-11-01,di_10,30s,0.34950604066,0.357285001053,0.348422722833,664795,863990,0.76944756305,,,,,changed_state
2025-11-01,microprice_deviation_bps,100ms,0.18165459687,0.18165459687,0.198444328541,664795,863990,0.76944756305,,,,,changed_state
2025-11-01,microprice_deviation_bps,500ms,0.301819019214,0.301798362597,0.321000825955,664795,863990,0.76944756305,,,,,changed_state
2025-11-01,microprice_deviation_bps,1s,0.367259168102,0.366344696764,0.384627654219,664795,863990,0.76944756305,,,,,changed_state
2025-11-01,microprice_deviation_bps,5s,0.490354944668,0.484931232299,0.498716175412,664795,863990,0.76944756305,,,,,changed_state
2025-11-01,microprice_deviation_bps,30s,0.348227678826,0.354313383011,0.347079147607,664795,863990,0.76944756305,,,,,changed_state
2025-12-01,qi_1,100ms,0.375819425675,0.375819425675,0.393514679,762225,863992,0.88221302975,,,,,changed_state
2025-12-01,qi_1,500ms,0.454419807942,0.453190719222,0.467960344645,762225,863992,0.88221302975,,,,,changed_state
2025-12-01,qi_1,1s,0.445505682861,0.440659639074,0.454221772768,762225,863992,0.88221302975,,,,,changed_state
2025-12-01,qi_1,5s,0.297227362747,0.307889110119,0.295359814464,762225,863992,0.88221302975,,,,,changed_state
2025-12-01,qi_1,30s,0.132972719036,0.153160007844,0.131340731993,762225,863992,0.88221302975,,,,,changed_state
2025-12-01,di_5,100ms,0.375364471859,0.375364471859,0.392859996443,762225,863992,0.88221302975,,,,,changed_state
2025-12-01,di_5,500ms,0.454629986354,0.453359202882,0.468116761613,762225,863992,0.88221302975,,,,,changed_state
2025-12-01,di_5,1s,0.445956181826,0.441167652763,0.454681352647,762225,863992,0.88221302975,,,,,changed_state
2025-12-01,di_5,5s,0.297335281291,0.308211226071,0.295526111795,762225,863992,0.88221302975,,,,,changed_state
2025-12-01,di_5,30s,0.132740543462,0.154727051302,0.131204276422,762225,863992,0.88221302975,,,,,changed_state
2025-12-01,di_10,100ms,0.372654350359,0.372654350359,0.3898309866,762225,863992,0.88221302975,,,,,changed_state
2025-12-01,di_10,500ms,0.452979054515,0.451737719981,0.466349634241,762225,863992,0.88221302975,,,,,changed_state
2025-12-01,di_10,1s,0.444989666483,0.440179629343,0.453694697511,762225,863992,0.88221302975,,,,,changed_state
2025-12-01,di_10,5s,0.297565435943,0.309276619128,0.295772532177,762225,863992,0.88221302975,,,,,changed_state
2025-12-01,di_10,30s,0.132486941326,0.155138174326,0.131058240424,762225,863992,0.88221302975,,,,,changed_state
2025-12-01,microprice_deviation_bps,100ms,0.37390420665,0.37390420665,0.39113388357,762225,863992,0.88221302975,,,,,changed_state
2025-12-01,microprice_deviation_bps,500ms,0.45334781428,0.452099675889,0.466624331209,762225,863992,0.88221302975,,,,,changed_state
2025-12-01,microprice_deviation_bps,1s,0.444828664231,0.439706518346,0.453362736316,762225,863992,0.88221302975,,,,,changed_state
2025-12-01,microprice_deviation_bps,5s,0.296931058097,0.307700344546,0.295034599903,762225,863992,0.88221302975,,,,,changed_state
2025-12-01,microprice_deviation_bps,30s,0.132883718137,0.153716048677,0.131258753034,762225,863992,0.88221302975,,,,,changed_state
ALL,di_10,100ms,0.267901537142,0.267901537142,0.29534955709,15474062,20735657,0.746253759888,24,0.3193323766576923,0.14550166631086206,0.38983098660033694,changed_state
ALL,di_10,1s,0.419643040786,0.419095602812,0.440424374922,15474062,20735657,0.746253759888,24,0.45384714702709955,0.2992024439976995,0.5181892931470483,changed_state
ALL,di_10,30s,0.218907897227,0.223148852291,0.216401871244,15474062,20735657,0.746253759888,24,0.20174693217049705,0.11473249763732744,0.4475602962537725,changed_state
ALL,di_10,500ms,0.381461137212,0.381276474837,0.406732128432,15474062,20735657,0.746253759888,24,0.4164466802954442,0.23818598496883073,0.4910573872770171,changed_state
ALL,di_10,5s,0.399241649883,0.400372425186,0.402677885958,15474062,20735657,0.746253759888,24,0.41157803416934613,0.24063783618034232,0.5188374187032708,changed_state
ALL,di_5,100ms,0.272027736437,0.272027736437,0.299965990506,15474062,20735657,0.746253759888,24,0.32354723159476745,0.14752364805782617,0.39285999644284864,changed_state
ALL,di_5,1s,0.423856399239,0.423374065541,0.444829573273,15474062,20735657,0.746253759888,24,0.4567964685268435,0.30571538439728746,0.5208680104533399,changed_state
ALL,di_5,30s,0.219618800499,0.224057239437,0.217144464954,15474062,20735657,0.746253759888,24,0.2033881032955952,0.11594374456248698,0.45259123914879146,changed_state
ALL,di_5,500ms,0.385965376552,0.385795854514,0.411559304678,15474062,20735657,0.746253759888,24,0.4242570763963157,0.24329072199369933,0.4945027786253406,changed_state
ALL,di_5,5s,0.401695880068,0.402800095419,0.405130239774,15474062,20735657,0.746253759888,24,0.41307712867216195,0.2447227606882079,0.5205998139283223,changed_state
ALL,microprice_deviation_bps,100ms,0.274801155684,0.274801155684,0.303041705987,15474062,20735657,0.746253759888,24,0.32374377702427437,0.15040516062673034,0.3949383858093481,changed_state
ALL,microprice_deviation_bps,1s,0.425846205195,0.425457309178,0.446679142629,15474062,20735657,0.746253759888,24,0.45636500394879265,0.3114746813625104,0.5224362471351501,changed_state
ALL,microprice_deviation_bps,30s,0.219759117169,0.224023503491,0.217151533251,15474062,20735657,0.746253759888,24,0.20257198561841988,0.11637138459243651,0.45189066954777835,changed_state
ALL,microprice_deviation_bps,500ms,0.388385590517,0.388351850197,0.413981364693,15474062,20735657,0.746253759888,24,0.42825129820055796,0.24845294948080737,0.4959883079454142,changed_state
ALL,microprice_deviation_bps,5s,0.402580875704,0.403875202352,0.40575864937,15474062,20735657,0.746253759888,24,0.41274903059283735,0.2440649366602605,0.5227231949452752,changed_state
ALL,qi_1,100ms,0.274220699858,0.274220699858,0.302455158942,15474062,20735657,0.746253759888,24,0.3212756422898585,0.14941242178363415,0.39351467900042897,changed_state
ALL,qi_1,1s,0.42594016798,0.425473937685,0.446882840769,15474062,20735657,0.746253759888,24,0.457801117131997,0.31114012410542813,0.5230184072472799,changed_state
ALL,qi_1,30s,0.220034587651,0.224024247117,0.217472424444,15474062,20735657,0.746253759888,24,0.20399386161003938,0.11712596876142875,0.4521204997623517,changed_state
ALL,qi_1,500ms,0.388269582653,0.388164772253,0.413943284709,15474062,20735657,0.746253759888,24,0.42814173981532655,0.24792047406885723,0.4968138265888611,changed_state
ALL,qi_1,5s,0.40293871082,0.404280057576,0.406219133174,15474062,20735657,0.746253759888,24,0.4129731013062674,0.24550701219157586,0.5223945325135435,changed_state
