date,feature,horizon,bucket,independent_mean_ret_fwd_1s,production_mean_ret_fwd_1s,mean_return_abs_diff,independent_mean_future_move_bps,production_mean_future_move_bps,mean_move_abs_diff,independent_count,production_count,count_matches,bucket_low_feature_to_high_feature,labels_used_for_bucket_assignment,sorted_by_future_return
2024-01-01,qi_1,1s,1,-2.33677776529e-05,-2.33677776529e-05,9.04631187668e-19,-0.233660694197,-0.233660694197,6.85007606194e-14,86399,86399,True,True,False,False
2024-01-01,qi_1,1s,2,-1.02671919801e-05,-1.02671919801e-05,1.92767758136e-17,-0.10266219319,-0.10266219319,3.90923404758e-13,86399,86399,True,True,False,False
2024-01-01,qi_1,1s,3,-5.14749052699e-06,-5.14749052699e-06,2.75201004563e-18,-0.0514684034077,-0.0514684034077,1.59317004034e-14,86398,86398,True,True,False,False
2024-01-01,qi_1,1s,4,-2.27008957688e-06,-2.27008957688e-06,1.84017907791e-18,-0.0226957829222,-0.0226957829222,4.59007831743e-15,86399,86399,True,True,False,False
2024-01-01,qi_1,1s,5,-8.70970638487e-07,-8.70970638487e-07,3.81376584501e-19,-0.00870427748975,-0.00870427748975,2.91953961007e-15,86398,86398,True,True,False,False
2024-01-01,qi_1,1s,6,2.03186146898e-06,2.03186146898e-06,3.68374628761e-18,0.0203238434469,0.0203238434469,1.2635725799e-14,86396,86396,True,True,False,False
2024-01-01,qi_1,1s,7,3.93358715278e-06,3.93358715278e-06,3.61598365183e-18,0.039341686456,0.039341686456,2.67078026361e-14,86397,86397,True,True,False,False
2024-01-01,qi_1,1s,8,5.89253790383e-06,5.89253790383e-06,1.69067776272e-18,0.0589318932633,0.0589318932633,2.39391839685e-15,86393,86393,True,True,False,False
2024-01-01,qi_1,1s,9,1.01337516644e-05,1.01337516644e-05,5.56161833167e-18,0.101347394586,0.101347394586,3.25114934974e-13,86399,86399,True,True,False,False
2024-01-01,qi_1,1s,10,2.50093618771e-05,2.50093618771e-05,1.62799732462e-17,0.250111845054,0.250111845054,2.96929147936e-13,86398,86398,True,True,False,False
2024-06-01,qi_1,1s,1,-6.98907820766e-06,-6.98907820766e-06,2.50298235914e-18,-0.069886563547,-0.069886563547,1.07414077632e-14,86395,86395,True,True,False,False
2024-06-01,qi_1,1s,2,-2.26574630053e-06,-2.26574630053e-06,1.56870501831e-18,-0.0226552178153,-0.0226552178153,3.46250805805e-15,86395,86395,True,True,False,False
2024-06-01,qi_1,1s,3,-1.26112783797e-06,-1.26112783797e-06,3.35022706463e-18,-0.0126099077223,-0.0126099077223,9.19403442268e-15,86394,86394,True,True,False,False
2024-06-01,qi_1,1s,4,-5.9949731188e-07,-5.9949731188e-07,4.96149548854e-19,-0.00599371489844,-0.00599371489844,1.47191286937e-15,86395,86395,True,True,False,False
2024-06-01,qi_1,1s,5,-1.79163789234e-07,-1.79163789234e-07,2.74915130943e-19,-0.0017900719203,-0.0017900719203,1.90602741923e-15,86384,86384,True,True,False,False
2024-06-01,qi_1,1s,6,2.27912742848e-07,2.27912742848e-07,1.0167042345e-19,0.00228024632744,0.00228024632744,4.21841381271e-15,86385,86385,True,True,False,False
2024-06-01,qi_1,1s,7,7.54091461078e-07,7.54091461078e-07,2.68085927806e-19,0.00754208725903,0.00754208725903,2.75907768854e-15,86395,86395,True,True,False,False
2024-06-01,qi_1,1s,8,1.277641987e-06,1.277641987e-06,1.21168063105e-18,0.0127781028833,0.0127781028833,1.31856331409e-14,86394,86394,True,True,False,False
2024-06-01,qi_1,1s,9,2.35093999618e-06,2.35093999618e-06,1.91429446079e-19,0.0235110779575,0.0235110779575,3.07774639108e-14,86395,86395,True,True,False,False
2024-06-01,qi_1,1s,10,7.05893005614e-06,7.05893005614e-06,4.27074012006e-18,0.0705935805686,0.0705935805686,2.33840724562e-14,86394,86394,True,True,False,False
2024-12-01,qi_1,1s,1,-2.0823089211e-05,-2.0823089211e-05,2.35644565926e-17,-0.208217320905,-0.208217320905,2.3017698858e-13,86399,86399,True,True,False,False
2024-12-01,qi_1,1s,2,-8.70271881066e-06,-8.70271881066e-06,4.98224779575e-18,-0.0870201684346,-0.0870201684346,4.02455846427e-14,86399,86399,True,True,False,False
2024-12-01,qi_1,1s,3,-5.42811138663e-06,-5.42811138663e-06,2.87059465824e-18,-0.0542763057731,-0.0542763057731,3.24046345312e-15,86399,86399,True,True,False,False
2024-12-01,qi_1,1s,4,-2.60199359727e-06,-2.60199359727e-06,5.59041745188e-20,-0.0260156794955,-0.0260156794955,3.91318921711e-14,86398,86398,True,True,False,False
2024-12-01,qi_1,1s,5,-1.17152286703e-06,-1.17152286703e-06,4.65550483635e-18,-0.0117112729032,-0.0117112729032,1.40495254319e-14,86398,86398,True,True,False,False
2024-12-01,qi_1,1s,6,2.76524311646e-07,2.76524311646e-07,3.98846639038e-19,0.00276913152679,0.00276913152679,7.43762690325e-16,86398,86398,True,True,False,False
2024-12-01,qi_1,1s,7,2.64980041526e-06,2.64980041526e-06,3.98910166509e-18,0.0265021652999,0.0265021652999,1.04465047723e-14,86397,86397,True,True,False,False
2024-12-01,qi_1,1s,8,5.14917626288e-06,5.14917626288e-06,6.64073830647e-19,0.0514969333731,0.0514969333731,1.93664528858e-14,86392,86392,True,True,False,False
2024-12-01,qi_1,1s,9,9.98896638812e-06,9.98896638812e-06,2.38016258178e-18,0.099898514572,0.099898514572,4.81142903297e-14,86399,86399,True,True,False,False
2024-12-01,qi_1,1s,10,2.15929548806e-05,2.15929548806e-05,5.25499240477e-18,0.215945481241,0.215945481241,4.497235917e-13,86398,86398,True,True,False,False
2025-06-01,qi_1,1s,1,-1.62662525785e-05,-1.62662525785e-05,3.42269073327e-17,-0.162650550519,-0.162650550519,3.7711500589e-13,86400,86400,True,True,False,False
2025-06-01,qi_1,1s,2,-5.77764340971e-06,-5.77764340971e-06,1.25022063015e-18,-0.057770994156,-0.057770994156,1.15810139256e-14,86399,86399,True,True,False,False
2025-06-01,qi_1,1s,3,-2.87854768007e-06,-2.87854768007e-06,6.97531632064e-19,-0.0287818279891,-0.0287818279891,1.87141968588e-14,86399,86399,True,True,False,False
2025-06-01,qi_1,1s,4,-1.93193312206e-06,-1.93193312206e-06,9.86793383551e-20,-0.0193159619348,-0.0193159619348,3.32477101406e-14,86389,86389,True,True,False,False
2025-06-01,qi_1,1s,5,-4.38505237153e-07,-4.38505237153e-07,4.56444879452e-19,-0.00438273118117,-0.00438273118117,2.09728068246e-15,86399,86399,True,True,False,False
2025-06-01,qi_1,1s,6,7.42056849806e-07,7.42056849806e-07,3.92917408408e-19,0.00742320429496,0.00742320429496,1.41379963292e-16,86400,86400,True,True,False,False
2025-06-01,qi_1,1s,7,1.49195723322e-06,1.49195723322e-06,1.65849051072e-18,0.0149231441278,0.0149231441278,2.53772697301e-14,86399,86399,True,True,False,False
2025-06-01,qi_1,1s,8,2.65118793283e-06,2.65118793283e-06,2.15146368603e-18,0.0265153054102,0.0265153054102,1.62821145455e-14,86399,86399,True,True,False,False
2025-06-01,qi_1,1s,9,5.64509948676e-06,5.64509948676e-06,4.04881748788e-19,0.0564556781649,0.0564556781649,3.68732822054e-14,86399,86399,True,True,False,False
2025-06-01,qi_1,1s,10,1.79198194453e-05,1.79198194453e-05,1.64188866496e-17,0.179211712543,0.179211712543,4.64212002171e-13,86399,86399,True,True,False,False
2025-12-01,qi_1,1s,1,-6.2065997269e-05,-6.2065997269e-05,9.78492460668e-18,-0.620575817787,-0.620575817787,1.68642877441e-13,86393,86393,True,True,False,False
2025-12-01,qi_1,1s,2,-2.93911646833e-05,-2.93911646833e-05,3.15096256379e-17,-0.293864099058,-0.293864099058,9.16489106828e-14,86397,86397,True,True,False,False
2025-12-01,qi_1,1s,3,-1.77594603609e-05,-1.77594603609e-05,2.18229568531e-17,-0.177553000157,-0.177553000157,3.27959881474e-13,86398,86398,True,True,False,False
2025-12-01,qi_1,1s,4,-8.70086177459e-06,-8.70086177459e-06,1.12655381985e-18,-0.086972402692,-0.086972402692,1.08524300657e-14,86399,86399,True,True,False,False
2025-12-01,qi_1,1s,5,-3.26112407417e-06,-3.26112407417e-06,2.34797532979e-18,-0.0325753283934,-0.0325753283934,7.75074449066e-15,86399,86399,True,True,False,False
2025-12-01,qi_1,1s,6,1.5420514965e-06,1.5420514965e-06,1.15238832474e-18,0.0154542794942,0.0154542794942,2.83627288322e-15,86399,86399,True,True,False,False
2025-12-01,qi_1,1s,7,8.46237250642e-06,8.46237250642e-06,2.54448697355e-18,0.0846625923624,0.0846625923624,2.49245069028e-14,86399,86399,True,True,False,False
2025-12-01,qi_1,1s,8,1.72052880134e-05,1.72052880134e-05,3.23498823215e-17,0.172092868259,0.172092868259,2.68118860447e-14,86399,86399,True,True,False,False
2025-12-01,qi_1,1s,9,2.81945716361e-05,2.81945716361e-05,3.26243209964e-17,0.281991197013,0.281991197013,2.87436741075e-13,86399,86399,True,True,False,False
2025-12-01,qi_1,1s,10,6.04328774673e-05,6.04328774673e-05,3.58125530099e-17,0.604404589734,0.604404589734,1.53654866608e-13,86399,86399,True,True,False,False
