date,median_spread_bps,p95_spread_bps,minimum_spread_bps,fraction_at_minimum_spread,distinct_spread_values,horizon,group,qi_1_spearman_ic,count
2024-01-01,0.00234400005719,0.00236395582003,0.00226325785331,1.157426162e-06,22903,100ms,minimum_spread,,1
2024-01-01,0.00234400005719,0.00236395582003,0.00226325785331,1.157426162e-06,22903,100ms,wider_spread,0.252600168165,863985
2024-01-01,0.00234400005719,0.00236395582003,0.00226325785331,1.157426162e-06,22903,500ms,minimum_spread,,1
2024-01-01,0.00234400005719,0.00236395582003,0.00226325785331,1.157426162e-06,22903,500ms,wider_spread,0.372058729258,863985
2024-01-01,0.00234400005719,0.00236395582003,0.00226325785331,1.157426162e-06,22903,1s,minimum_spread,,1
2024-01-01,0.00234400005719,0.00236395582003,0.00226325785331,1.157426162e-06,22903,1s,wider_spread,0.428730878516,863985
2024-01-01,0.00234400005719,0.00236395582003,0.00226325785331,1.157426162e-06,22903,5s,minimum_spread,,1
2024-01-01,0.00234400005719,0.00236395582003,0.00226325785331,1.157426162e-06,22903,5s,wider_spread,0.456521292057,863985
2024-01-01,0.00234400005719,0.00236395582003,0.00226325785331,1.157426162e-06,22903,30s,minimum_spread,,1
2024-01-01,0.00234400005719,0.00236395582003,0.00226325785331,1.157426162e-06,22903,30s,wider_spread,0.25015020767,863985
2024-02-01,0.00236712975221,0.00238023972584,0.0023102624747,5.78717099933e-06,27465,100ms,minimum_spread,0.707106781187,5
2024-02-01,0.00236712975221,0.00238023972584,0.0023102624747,5.78717099933e-06,27465,100ms,wider_spread,0.283863209516,863975
2024-02-01,0.00236712975221,0.00238023972584,0.0023102624747,5.78717099933e-06,27465,500ms,minimum_spread,-0.158113883008,5
2024-02-01,0.00236712975221,0.00238023972584,0.0023102624747,5.78717099933e-06,27465,500ms,wider_spread,0.395905865789,863975
2024-02-01,0.00236712975221,0.00238023972584,0.0023102624747,5.78717099933e-06,27465,1s,minimum_spread,,5
2024-02-01,0.00236712975221,0.00238023972584,0.0023102624747,5.78717099933e-06,27465,1s,wider_spread,0.438343730008,863975
2024-02-01,0.00236712975221,0.00238023972584,0.0023102624747,5.78717099933e-06,27465,5s,minimum_spread,,5
2024-02-01,0.00236712975221,0.00238023972584,0.0023102624747,5.78717099933e-06,27465,5s,wider_spread,0.409942073868,863975
2024-02-01,0.00236712975221,0.00238023972584,0.0023102624747,5.78717099933e-06,27465,30s,minimum_spread,0.105409255339,5
2024-02-01,0.00236712975221,0.00238023972584,0.0023102624747,5.78717099933e-06,27465,30s,wider_spread,0.187671482147,863975
2024-03-01,0.00161490192741,0.00164012116887,0.00158442886687,1.15749314764e-05,37816,100ms,minimum_spread,0.523822721827,10
2024-03-01,0.00161490192741,0.00164012116887,0.00158442886687,1.15749314764e-05,37816,100ms,wider_spread,0.329379352777,863926
2024-03-01,0.00161490192741,0.00164012116887,0.00158442886687,1.15749314764e-05,37816,500ms,minimum_spread,0.723371184771,10
2024-03-01,0.00161490192741,0.00164012116887,0.00158442886687,1.15749314764e-05,37816,500ms,wider_spread,0.431838868317,863926
2024-03-01,0.00161490192741,0.00164012116887,0.00158442886687,1.15749314764e-05,37816,1s,minimum_spread,0.130144801574,10
2024-03-01,0.00161490192741,0.00164012116887,0.00158442886687,1.15749314764e-05,37816,1s,wider_spread,0.454726168279,863926
2024-03-01,0.00161490192741,0.00164012116887,0.00158442886687,1.15749314764e-05,37816,5s,minimum_spread,,10
2024-03-01,0.00161490192741,0.00164012116887,0.00158442886687,1.15749314764e-05,37816,5s,wider_spread,0.347149551749,863926
2024-03-01,0.00161490192741,0.00164012116887,0.00158442886687,1.15749314764e-05,37816,30s,minimum_spread,-0.558744236616,10
2024-03-01,0.00161490192741,0.00164012116887,0.00158442886687,1.15749314764e-05,37816,30s,wider_spread,0.160327897346,863926
2024-04-01,0.00143614267015,0.00146028048045,0.0014033920688,1.85198260525e-05,35969,100ms,minimum_spread,0.281091347571,16
2024-04-01,0.00143614267015,0.00146028048045,0.0014033920688,1.85198260525e-05,35969,100ms,wider_spread,0.294970690842,863923
2024-04-01,0.00143614267015,0.00146028048045,0.0014033920688,1.85198260525e-05,35969,500ms,minimum_spread,0.513783090392,16
2024-04-01,0.00143614267015,0.00146028048045,0.0014033920688,1.85198260525e-05,35969,500ms,wider_spread,0.412256838816,863923
2024-04-01,0.00143614267015,0.00146028048045,0.0014033920688,1.85198260525e-05,35969,1s,minimum_spread,0.815164907955,16
2024-04-01,0.00143614267015,0.00146028048045,0.0014033920688,1.85198260525e-05,35969,1s,wider_spread,0.448297085251,863923
2024-04-01,0.00143614267015,0.00146028048045,0.0014033920688,1.85198260525e-05,35969,5s,minimum_spread,,16
2024-04-01,0.00143614267015,0.00146028048045,0.0014033920688,1.85198260525e-05,35969,5s,wider_spread,0.399780879334,863923
2024-04-01,0.00143614267015,0.00146028048045,0.0014033920688,1.85198260525e-05,35969,30s,minimum_spread,,16
2024-04-01,0.00143614267015,0.00146028048045,0.0014033920688,1.85198260525e-05,35969,30s,wider_spread,0.218497288436,863923
2024-05-01,0.00172854826232,0.00175598776463,0.00164361158993,5.09267511279e-05,53458,100ms,minimum_spread,0.186268131226,44
2024-05-01,0.00172854826232,0.00175598776463,0.00164361158993,5.09267511279e-05,53458,100ms,wider_spread,0.361198911995,863942
2024-05-01,0.00172854826232,0.00175598776463,0.00164361158993,5.09267511279e-05,53458,500ms,minimum_spread,0.0729688654828,44
2024-05-01,0.00172854826232,0.00175598776463,0.00164361158993,5.09267511279e-05,53458,500ms,wider_spread,0.406608712488,863942
2024-05-01,0.00172854826232,0.00175598776463,0.00164361158993,5.09267511279e-05,53458,1s,minimum_spread,0.121145606481,44
2024-05-01,0.00172854826232,0.00175598776463,0.00164361158993,5.09267511279e-05,53458,1s,wider_spread,0.389387222536,863942
2024-05-01,0.00172854826232,0.00175598776463,0.00164361158993,5.09267511279e-05,53458,5s,minimum_spread,,44
2024-05-01,0.00172854826232,0.00175598776463,0.00164361158993,5.09267511279e-05,53458,5s,wider_spread,0.252446565066,863942
2024-05-01,0.00172854826232,0.00175598776463,0.00164361158993,5.09267511279e-05,53458,30s,minimum_spread,0.801869990952,44
2024-05-01,0.00172854826232,0.00175598776463,0.00164361158993,5.09267511279e-05,53458,30s,wider_spread,0.122787412789,863942
2024-06-01,0.00147698695547,0.00147954196636,0.00147307958114,3.47243924968e-06,4857,100ms,minimum_spread,0.866025403784,3
2024-06-01,0.00147698695547,0.00147954196636,0.00147307958114,3.47243924968e-06,4857,100ms,wider_spread,0.122811303411,863943
2024-06-01,0.00147698695547,0.00147954196636,0.00147307958114,3.47243924968e-06,4857,500ms,minimum_spread,,3
2024-06-01,0.00147698695547,0.00147954196636,0.00147307958114,3.47243924968e-06,4857,500ms,wider_spread,0.219783921347,863943
2024-06-01,0.00147698695547,0.00147954196636,0.00147307958114,3.47243924968e-06,4857,1s,minimum_spread,,3
2024-06-01,0.00147698695547,0.00147954196636,0.00147307958114,3.47243924968e-06,4857,1s,wider_spread,0.281578978919,863943
2024-06-01,0.00147698695547,0.00147954196636,0.00147307958114,3.47243924968e-06,4857,5s,minimum_spread,,3
2024-06-01,0.00147698695547,0.00147954196636,0.00147307958114,3.47243924968e-06,4857,5s,wider_spread,0.438249669312,863943
2024-06-01,0.00147698695547,0.00147954196636,0.00147307958114,3.47243924968e-06,4857,30s,minimum_spread,,3
2024-06-01,0.00147698695547,0.00147954196636,0.00147307958114,3.47243924968e-06,4857,30s,wider_spread,0.443882977872,863943
2024-07-01,0.00158348125028,0.00159461568446,0.00156588242838,2.77783886451e-05,16046,100ms,minimum_spread,0.0753065568508,24
2024-07-01,0.00158348125028,0.00159461568446,0.00156588242838,2.77783886451e-05,16046,100ms,wider_spread,0.232502808947,863957
2024-07-01,0.00158348125028,0.00159461568446,0.00156588242838,2.77783886451e-05,16046,500ms,minimum_spread,0.0074107967498,24
2024-07-01,0.00158348125028,0.00159461568446,0.00156588242838,2.77783886451e-05,16046,500ms,wider_spread,0.37587734534,863957
2024-07-01,0.00158348125028,0.00159461568446,0.00156588242838,2.77783886451e-05,16046,1s,minimum_spread,0.305233847834,24
2024-07-01,0.00158348125028,0.00159461568446,0.00156588242838,2.77783886451e-05,16046,1s,wider_spread,0.440738520529,863957
2024-07-01,0.00158348125028,0.00159461568446,0.00156588242838,2.77783886451e-05,16046,5s,minimum_spread,,24
2024-07-01,0.00158348125028,0.00159461568446,0.00156588242838,2.77783886451e-05,16046,5s,wider_spread,0.463163715612,863957
2024-07-01,0.00158348125028,0.00159461568446,0.00156588242838,2.77783886451e-05,16046,30s,minimum_spread,0.0879386876675,24
2024-07-01,0.00158348125028,0.00159461568446,0.00156588242838,2.77783886451e-05,16046,30s,wider_spread,0.225567795103,863957
2024-08-01,0.00155360379763,0.0015914303386,0.00152308992909,5.78711741367e-06,26668,100ms,minimum_spread,0.353553390593,5
2024-08-01,0.00155360379763,0.0015914303386,0.00152308992909,5.78711741367e-06,26668,100ms,wider_spread,0.365559695332,863983
2024-08-01,0.00155360379763,0.0015914303386,0.00152308992909,5.78711741367e-06,26668,500ms,minimum_spread,,5
2024-08-01,0.00155360379763,0.0015914303386,0.00152308992909,5.78711741367e-06,26668,500ms,wider_spread,0.469553797447,863983
2024-08-01,0.00155360379763,0.0015914303386,0.00152308992909,5.78711741367e-06,26668,1s,minimum_spread,0.666885928855,5
2024-08-01,0.00155360379763,0.0015914303386,0.00152308992909,5.78711741367e-06,26668,1s,wider_spread,0.475750641855,863983
2024-08-01,0.00155360379763,0.0015914303386,0.00152308992909,5.78711741367e-06,26668,5s,minimum_spread,0.666885928855,5
2024-08-01,0.00155360379763,0.0015914303386,0.00152308992909,5.78711741367e-06,26668,5s,wider_spread,0.332954995875,863983
2024-08-01,0.00155360379763,0.0015914303386,0.00152308992909,5.78711741367e-06,26668,30s,minimum_spread,,5
2024-08-01,0.00155360379763,0.0015914303386,0.00152308992909,5.78711741367e-06,26668,30s,wider_spread,0.13294514048,863983
2024-09-01,0.00171788556803,0.00174009898901,0.00169271802018,3.47235886597e-05,15309,100ms,minimum_spread,0.311710248438,30
2024-09-01,0.00171788556803,0.00174009898901,0.00169271802018,3.47235886597e-05,15309,100ms,wider_spread,0.319672171135,863936
2024-09-01,0.00171788556803,0.00174009898901,0.00169271802018,3.47235886597e-05,15309,500ms,minimum_spread,0.617112783017,30
2024-09-01,0.00171788556803,0.00174009898901,0.00169271802018,3.47235886597e-05,15309,500ms,wider_spread,0.446000210859,863936
2024-09-01,0.00171788556803,0.00174009898901,0.00169271802018,3.47235886597e-05,15309,1s,minimum_spread,0.780526158266,30
2024-09-01,0.00171788556803,0.00174009898901,0.00169271802018,3.47235886597e-05,15309,1s,wider_spread,0.491378742204,863936
2024-09-01,0.00171788556803,0.00174009898901,0.00169271802018,3.47235886597e-05,15309,5s,minimum_spread,,30
2024-09-01,0.00171788556803,0.00174009898901,0.00169271802018,3.47235886597e-05,15309,5s,wider_spread,0.450022903772,863936
2024-09-01,0.00171788556803,0.00174009898901,0.00169271802018,3.47235886597e-05,15309,30s,minimum_spread,,30
2024-09-01,0.00171788556803,0.00174009898901,0.00169271802018,3.47235886597e-05,15309,30s,wider_spread,0.202142599033,863936
2024-10-01,0.00157748624255,0.00164500753784,0.00155932567585,0.000251163221371,34138,100ms,minimum_spread,0.0450814138508,217
2024-10-01,0.00157748624255,0.00164500753784,0.00155932567585,0.000251163221371,34138,100ms,wider_spread,0.349354880985,863763
2024-10-01,0.00157748624255,0.00164500753784,0.00155932567585,0.000251163221371,34138,500ms,minimum_spread,0.116427167551,217
2024-10-01,0.00157748624255,0.00164500753784,0.00155932567585,0.000251163221371,34138,500ms,wider_spread,0.428877129159,863763
2024-10-01,0.00157748624255,0.00164500753784,0.00155932567585,0.000251163221371,34138,1s,minimum_spread,0.233363254141,217
2024-10-01,0.00157748624255,0.00164500753784,0.00155932567585,0.000251163221371,34138,1s,wider_spread,0.43026555926,863763
2024-10-01,0.00157748624255,0.00164500753784,0.00155932567585,0.000251163221371,34138,5s,minimum_spread,0.120677096696,217
2024-10-01,0.00157748624255,0.00164500753784,0.00155932567585,0.000251163221371,34138,5s,wider_spread,0.320869469894,863763
2024-10-01,0.00157748624255,0.00164500753784,0.00155932567585,0.000251163221371,34138,30s,minimum_spread,0.451520568526,217
2024-10-01,0.00157748624255,0.00164500753784,0.00155932567585,0.000251163221371,34138,30s,wider_spread,0.167008937024,863763
2024-11-01,0.00143791551714,0.00144699006171,0.00139600843496,2.8936859772e-05,24810,100ms,minimum_spread,0.339683110243,25
2024-11-01,0.00143791551714,0.00144699006171,0.00139600843496,2.8936859772e-05,24810,100ms,wider_spread,0.315337948654,863925
2024-11-01,0.00143791551714,0.00144699006171,0.00139600843496,2.8936859772e-05,24810,500ms,minimum_spread,0.455110625458,25
2024-11-01,0.00143791551714,0.00144699006171,0.00139600843496,2.8936859772e-05,24810,500ms,wider_spread,0.418986175941,863925
2024-11-01,0.00143791551714,0.00144699006171,0.00139600843496,2.8936859772e-05,24810,1s,minimum_spread,0.2903819825,25
2024-11-01,0.00143791551714,0.00144699006171,0.00139600843496,2.8936859772e-05,24810,1s,wider_spread,0.434548539634,863925
2024-11-01,0.00143791551714,0.00144699006171,0.00139600843496,2.8936859772e-05,24810,5s,minimum_spread,-0.278089476397,25
2024-11-01,0.00143791551714,0.00144699006171,0.00139600843496,2.8936859772e-05,24810,5s,wider_spread,0.348708500547,863925
2024-11-01,0.00143791551714,0.00144699006171,0.00139600843496,2.8936859772e-05,24810,30s,minimum_spread,0.465382994653,25
2024-11-01,0.00143791551714,0.00144699006171,0.00139600843496,2.8936859772e-05,24810,30s,wider_spread,0.149076466793,863925
2024-12-01,0.00103127458784,0.00104020447507,0.00102211869977,2.77781957367e-05,16634,100ms,minimum_spread,0.316562930675,24
2024-12-01,0.00103127458784,0.00104020447507,0.00102211869977,2.77781957367e-05,16634,100ms,wider_spread,0.23018078373,863963
2024-12-01,0.00103127458784,0.00104020447507,0.00102211869977,2.77781957367e-05,16634,500ms,minimum_spread,0.707726711354,24
2024-12-01,0.00103127458784,0.00104020447507,0.00102211869977,2.77781957367e-05,16634,500ms,wider_spread,0.367347036424,863963
2024-12-01,0.00103127458784,0.00104020447507,0.00102211869977,2.77781957367e-05,16634,1s,minimum_spread,0.548164718883,24
2024-12-01,0.00103127458784,0.00104020447507,0.00102211869977,2.77781957367e-05,16634,1s,wider_spread,0.432688086251,863963
2024-12-01,0.00103127458784,0.00104020447507,0.00102211869977,2.77781957367e-05,16634,5s,minimum_spread,0.331871244593,24
2024-12-01,0.00103127458784,0.00104020447507,0.00102211869977,2.77781957367e-05,16634,5s,wider_spread,0.475070700173,863963
2024-12-01,0.00103127458784,0.00104020447507,0.00102211869977,2.77781957367e-05,16634,30s,minimum_spread,0.100190626339,24
2024-12-01,0.00103127458784,0.00104020447507,0.00102211869977,2.77781957367e-05,16634,30s,wider_spread,0.283445138073,863963
2025-01-01,0.00106527862282,0.00107110504033,0.00105095950238,8.10192686969e-06,17786,100ms,minimum_spread,-0.408248290464,7
2025-01-01,0.00106527862282,0.00107110504033,0.00105095950238,8.10192686969e-06,17786,100ms,wider_spread,0.226209107208,863985
2025-01-01,0.00106527862282,0.00107110504033,0.00105095950238,8.10192686969e-06,17786,500ms,minimum_spread,0.158113883008,7
2025-01-01,0.00106527862282,0.00107110504033,0.00105095950238,8.10192686969e-06,17786,500ms,wider_spread,0.353359938734,863985
2025-01-01,0.00106527862282,0.00107110504033,0.00105095950238,8.10192686969e-06,17786,1s,minimum_spread,,7
2025-01-01,0.00106527862282,0.00107110504033,0.00105095950238,8.10192686969e-06,17786,1s,wider_spread,0.408534468221,863985
2025-01-01,0.00106527862282,0.00107110504033,0.00105095950238,8.10192686969e-06,17786,5s,minimum_spread,,7
2025-01-01,0.00106527862282,0.00107110504033,0.00105095950238,8.10192686969e-06,17786,5s,wider_spread,0.435385988741,863985
2025-01-01,0.00106527862282,0.00107110504033,0.00105095950238,8.10192686969e-06,17786,30s,minimum_spread,,7
2025-01-01,0.00106527862282,0.00107110504033,0.00105095950238,8.10192686969e-06,17786,30s,wider_spread,0.272058557755,863985
2025-02-01,0.000979508822362,0.00099249421289,0.000972916864594,6.48154149575e-05,18304,100ms,minimum_spread,0.221118690376,56
2025-02-01,0.000979508822362,0.00099249421289,0.000972916864594,6.48154149575e-05,18304,100ms,wider_spread,0.229045233529,863936
2025-02-01,0.000979508822362,0.00099249421289,0.000972916864594,6.48154149575e-05,18304,500ms,minimum_spread,0.474708406703,56
2025-02-01,0.000979508822362,0.00099249421289,0.000972916864594,6.48154149575e-05,18304,500ms,wider_spread,0.375460258993,863936
2025-02-01,0.000979508822362,0.00099249421289,0.000972916864594,6.48154149575e-05,18304,1s,minimum_spread,0.631867653108,56
2025-02-01,0.000979508822362,0.00099249421289,0.000972916864594,6.48154149575e-05,18304,1s,wider_spread,0.448171989366,863936
2025-02-01,0.000979508822362,0.00099249421289,0.000972916864594,6.48154149575e-05,18304,5s,minimum_spread,0.568485912212,56
2025-02-01,0.000979508822362,0.00099249421289,0.000972916864594,6.48154149575e-05,18304,5s,wider_spread,0.516494092167,863936
2025-02-01,0.000979508822362,0.00099249421289,0.000972916864594,6.48154149575e-05,18304,30s,minimum_spread,,56
2025-02-01,0.000979508822362,0.00099249421289,0.000972916864594,6.48154149575e-05,18304,30s,wider_spread,0.281525402071,863936
2025-03-01,0.00117475468626,0.00118688748075,0.00115529478242,2.31488179635e-05,35162,100ms,minimum_spread,0.377964473009,20
2025-03-01,0.00117475468626,0.00118688748075,0.00115529478242,2.31488179635e-05,35162,100ms,wider_spread,0.326524935936,863955
2025-03-01,0.00117475468626,0.00118688748075,0.00115529478242,2.31488179635e-05,35162,500ms,minimum_spread,0.530663744781,20
2025-03-01,0.00117475468626,0.00118688748075,0.00115529478242,2.31488179635e-05,35162,500ms,wider_spread,0.474687932713,863955
2025-03-01,0.00117475468626,0.00118688748075,0.00115529478242,2.31488179635e-05,35162,1s,minimum_spread,0.426057791474,20
2025-03-01,0.00117475468626,0.00118688748075,0.00115529478242,2.31488179635e-05,35162,1s,wider_spread,0.50631096409,863955
2025-03-01,0.00117475468626,0.00118688748075,0.00115529478242,2.31488179635e-05,35162,5s,minimum_spread,,20
2025-03-01,0.00117475468626,0.00118688748075,0.00115529478242,2.31488179635e-05,35162,5s,wider_spread,0.406733238348,863955
2025-03-01,0.00117475468626,0.00118688748075,0.00115529478242,2.31488179635e-05,35162,30s,minimum_spread,-0.644767460377,20
2025-03-01,0.00117475468626,0.00118688748075,0.00115529478242,2.31488179635e-05,35162,30s,wider_spread,0.168067094268,863955
2025-04-01,0.00118979637765,0.00120986097185,0.0011687977063,2.31483624848e-06,35372,100ms,minimum_spread,-1,2
2025-04-01,0.00118979637765,0.00120986097185,0.0011687977063,2.31483624848e-06,35372,100ms,wider_spread,0.321256570928,863990
2025-04-01,0.00118979637765,0.00120986097185,0.0011687977063,2.31483624848e-06,35372,500ms,minimum_spread,,2
2025-04-01,0.00118979637765,0.00120986097185,0.0011687977063,2.31483624848e-06,35372,500ms,wider_spread,0.455135515286,863990
2025-04-01,0.00118979637765,0.00120986097185,0.0011687977063,2.31483624848e-06,35372,1s,minimum_spread,,2
2025-04-01,0.00118979637765,0.00120986097185,0.0011687977063,2.31483624848e-06,35372,1s,wider_spread,0.482074252686,863990
2025-04-01,0.00118979637765,0.00120986097185,0.0011687977063,2.31483624848e-06,35372,5s,minimum_spread,,2
2025-04-01,0.00118979637765,0.00120986097185,0.0011687977063,2.31483624848e-06,35372,5s,wider_spread,0.40604267567,863990
2025-04-01,0.00118979637765,0.00120986097185,0.0011687977063,2.31483624848e-06,35372,30s,minimum_spread,,2
2025-04-01,0.00118979637765,0.00120986097185,0.0011687977063,2.31483624848e-06,35372,30s,wider_spread,0.179204087241,863990
2025-05-01,0.00103984460978,0.00105785185515,0.00102646604114,4.62967785544e-06,16931,100ms,minimum_spread,0.774596669241,4
2025-05-01,0.00103984460978,0.00105785185515,0.00102646604114,4.62967785544e-06,16931,100ms,wider_spread,0.216509154597,863987
2025-05-01,0.00103984460978,0.00105785185515,0.00102646604114,4.62967785544e-06,16931,500ms,minimum_spread,0.774596669241,4
2025-05-01,0.00103984460978,0.00105785185515,0.00102646604114,4.62967785544e-06,16931,500ms,wider_spread,0.316789743534,863987
2025-05-01,0.00103984460978,0.00105785185515,0.00102646604114,4.62967785544e-06,16931,1s,minimum_spread,0.774596669241,4
2025-05-01,0.00103984460978,0.00105785185515,0.00102646604114,4.62967785544e-06,16931,1s,wider_spread,0.358231931086,863987
2025-05-01,0.00103984460978,0.00105785185515,0.00102646604114,4.62967785544e-06,16931,5s,minimum_spread,,4
2025-05-01,0.00103984460978,0.00105785185515,0.00102646604114,4.62967785544e-06,16931,5s,wider_spread,0.375590563254,863987
2025-05-01,0.00103984460978,0.00105785185515,0.00102646604114,4.62967785544e-06,16931,30s,minimum_spread,,4
2025-05-01,0.00103984460978,0.00105785185515,0.00102646604114,4.62967785544e-06,16931,30s,wider_spread,0.223693343549,863987
2025-06-01,0.00095723527479,0.00096241976968,0.000944582256372,1.62038537394e-05,10733,100ms,minimum_spread,0.103203137423,14
2025-06-01,0.00095723527479,0.00096241976968,0.000944582256372,1.62038537394e-05,10733,100ms,wider_spread,0.182083347989,863978
2025-06-01,0.00095723527479,0.00096241976968,0.000944582256372,1.62038537394e-05,10733,500ms,minimum_spread,0.425270150439,14
2025-06-01,0.00095723527479,0.00096241976968,0.000944582256372,1.62038537394e-05,10733,500ms,wider_spread,0.289271861506,863978
2025-06-01,0.00095723527479,0.00096241976968,0.000944582256372,1.62038537394e-05,10733,1s,minimum_spread,0.784464540553,14
2025-06-01,0.00095723527479,0.00096241976968,0.000944582256372,1.62038537394e-05,10733,1s,wider_spread,0.339708713185,863978
2025-06-01,0.00095723527479,0.00096241976968,0.000944582256372,1.62038537394e-05,10733,5s,minimum_spread,,14
2025-06-01,0.00095723527479,0.00096241976968,0.000944582256372,1.62038537394e-05,10733,5s,wider_spread,0.403316211906,863978
2025-06-01,0.00095723527479,0.00096241976968,0.000944582256372,1.62038537394e-05,10733,30s,minimum_spread,,14
2025-06-01,0.00095723527479,0.00096241976968,0.000944582256372,1.62038537394e-05,10733,30s,wider_spread,0.280219149543,863978
2025-07-01,0.000938654207346,0.000947556760427,0.000929886597075,4.97708803311e-05,12674,100ms,minimum_spread,0.261224988606,43
2025-07-01,0.000938654207346,0.000947556760427,0.000929886597075,4.97708803311e-05,12674,100ms,wider_spread,0.195786736467,863916
2025-07-01,0.000938654207346,0.000947556760427,0.000929886597075,4.97708803311e-05,12674,500ms,minimum_spread,0.533692517718,43
2025-07-01,0.000938654207346,0.000947556760427,0.000929886597075,4.97708803311e-05,12674,500ms,wider_spread,0.317919412012,863916
2025-07-01,0.000938654207346,0.000947556760427,0.000929886597075,4.97708803311e-05,12674,1s,minimum_spread,0.565864681503,43
2025-07-01,0.000938654207346,0.000947556760427,0.000929886597075,4.97708803311e-05,12674,1s,wider_spread,0.37537529684,863916
2025-07-01,0.000938654207346,0.000947556760427,0.000929886597075,4.97708803311e-05,12674,5s,minimum_spread,0.0712201903656,43
2025-07-01,0.000938654207346,0.000947556760427,0.000929886597075,4.97708803311e-05,12674,5s,wider_spread,0.442830264307,863916
2025-07-01,0.000938654207346,0.000947556760427,0.000929886597075,4.97708803311e-05,12674,30s,minimum_spread,,43
2025-07-01,0.000938654207346,0.000947556760427,0.000929886597075,4.97708803311e-05,12674,30s,wider_spread,0.285628142849,863916
2025-08-01,0.000868888655351,0.000882523384994,0.00086168273109,0.000899313882536,33730,100ms,minimum_spread,0.0696771245498,777
2025-08-01,0.000868888655351,0.000882523384994,0.00086168273109,0.000899313882536,33730,100ms,wider_spread,0.32729355984,863215
2025-08-01,0.000868888655351,0.000882523384994,0.00086168273109,0.000899313882536,33730,500ms,minimum_spread,0.156277236899,777
2025-08-01,0.000868888655351,0.000882523384994,0.00086168273109,0.000899313882536,33730,500ms,wider_spread,0.460778451366,863215
2025-08-01,0.000868888655351,0.000882523384994,0.00086168273109,0.000899313882536,33730,1s,minimum_spread,0.219043830454,777
2025-08-01,0.000868888655351,0.000882523384994,0.00086168273109,0.000899313882536,33730,1s,wider_spread,0.484680404308,863215
2025-08-01,0.000868888655351,0.000882523384994,0.00086168273109,0.000899313882536,33730,5s,minimum_spread,0.509731191658,777
2025-08-01,0.000868888655351,0.000882523384994,0.00086168273109,0.000899313882536,33730,5s,wider_spread,0.379569247813,863215
2025-08-01,0.000868888655351,0.000882523384994,0.00086168273109,0.000899313882536,33730,30s,minimum_spread,0.433901901725,777
2025-08-01,0.000868888655351,0.000882523384994,0.00086168273109,0.000899313882536,33730,30s,wider_spread,0.16395728146,863215
2025-09-01,0.000920048731301,0.000930310228226,0.000909815494422,4.62979574499e-06,27356,100ms,minimum_spread,0.774596669241,4
2025-09-01,0.000920048731301,0.000930310228226,0.000909815494422,4.62979574499e-06,27356,100ms,wider_spread,0.292860999064,863965
2025-09-01,0.000920048731301,0.000930310228226,0.000909815494422,4.62979574499e-06,27356,500ms,minimum_spread,0.948683298051,4
2025-09-01,0.000920048731301,0.000930310228226,0.000909815494422,4.62979574499e-06,27356,500ms,wider_spread,0.420154451614,863965
2025-09-01,0.000920048731301,0.000930310228226,0.000909815494422,4.62979574499e-06,27356,1s,minimum_spread,0.894427191,4
2025-09-01,0.000920048731301,0.000930310228226,0.000909815494422,4.62979574499e-06,27356,1s,wider_spread,0.463758744784,863965
2025-09-01,0.000920048731301,0.000930310228226,0.000909815494422,4.62979574499e-06,27356,5s,minimum_spread,,4
2025-09-01,0.000920048731301,0.000930310228226,0.000909815494422,4.62979574499e-06,27356,5s,wider_spread,0.40499055496,863965
2025-09-01,0.000920048731301,0.000930310228226,0.000909815494422,4.62979574499e-06,27356,30s,minimum_spread,,4
2025-09-01,0.000920048731301,0.000930310228226,0.000909815494422,4.62979574499e-06,27356,30s,wider_spread,0.167302285756,863965
2025-10-01,0.000858481438193,0.000875482604314,0.000842821430707,1.15742884127e-06,23128,100ms,minimum_spread,,1
2025-10-01,0.000858481438193,0.000875482604314,0.000842821430707,1.15742884127e-06,23128,100ms,wider_spread,0.249025186017,863983
2025-10-01,0.000858481438193,0.000875482604314,0.000842821430707,1.15742884127e-06,23128,500ms,minimum_spread,,1
2025-10-01,0.000858481438193,0.000875482604314,0.000842821430707,1.15742884127e-06,23128,500ms,wider_spread,0.353713098649,863983
2025-10-01,0.000858481438193,0.000875482604314,0.000842821430707,1.15742884127e-06,23128,1s,minimum_spread,,1
2025-10-01,0.000858481438193,0.000875482604314,0.000842821430707,1.15742884127e-06,23128,1s,wider_spread,0.396683120033,863983
2025-10-01,0.000858481438193,0.000875482604314,0.000842821430707,1.15742884127e-06,23128,5s,minimum_spread,,1
2025-10-01,0.000858481438193,0.000875482604314,0.000842821430707,1.15742884127e-06,23128,5s,wider_spread,0.417607036197,863983
2025-10-01,0.000858481438193,0.000875482604314,0.000842821430707,1.15742884127e-06,23128,30s,minimum_spread,,1
2025-10-01,0.000858481438193,0.000875482604314,0.000842821430707,1.15742884127e-06,23128,30s,wider_spread,0.234824774699,863983
2025-11-01,0.000908204130322,0.000911979937171,0.00090444956172,3.47226241044e-06,10239,100ms,minimum_spread,0,3
2025-11-01,0.000908204130322,0.000911979937171,0.00090444956172,3.47226241044e-06,10239,100ms,wider_spread,0.181667177066,863987
2025-11-01,0.000908204130322,0.000911979937171,0.00090444956172,3.47226241044e-06,10239,500ms,minimum_spread,,3
2025-11-01,0.000908204130322,0.000911979937171,0.00090444956172,3.47226241044e-06,10239,500ms,wider_spread,0.301975975432,863987
2025-11-01,0.000908204130322,0.000911979937171,0.00090444956172,3.47226241044e-06,10239,1s,minimum_spread,,3
2025-11-01,0.000908204130322,0.000911979937171,0.00090444956172,3.47226241044e-06,10239,1s,wider_spread,0.367393448264,863987
2025-11-01,0.000908204130322,0.000911979937171,0.00090444956172,3.47226241044e-06,10239,5s,minimum_spread,,3
2025-11-01,0.000908204130322,0.000911979937171,0.00090444956172,3.47226241044e-06,10239,5s,wider_spread,0.490336662867,863987
2025-11-01,0.000908204130322,0.000911979937171,0.00090444956172,3.47226241044e-06,10239,30s,minimum_spread,,3
2025-11-01,0.000908204130322,0.000911979937171,0.00090444956172,3.47226241044e-06,10239,30s,wider_spread,0.348386354247,863987
2025-12-01,0.00116006595903,0.00118097336179,0.00110603581997,1.85187114218e-05,53638,100ms,minimum_spread,0.420393251621,16
2025-12-01,0.00116006595903,0.00118097336179,0.00110603581997,1.85187114218e-05,53638,100ms,wider_spread,0.375820884295,863975
2025-12-01,0.00116006595903,0.00118097336179,0.00110603581997,1.85187114218e-05,53638,500ms,minimum_spread,0.795997186056,16
2025-12-01,0.00116006595903,0.00118097336179,0.00110603581997,1.85187114218e-05,53638,500ms,wider_spread,0.454418667487,863975
2025-12-01,0.00116006595903,0.00118097336179,0.00110603581997,1.85187114218e-05,53638,1s,minimum_spread,0.81232010044,16
2025-12-01,0.00116006595903,0.00118097336179,0.00110603581997,1.85187114218e-05,53638,1s,wider_spread,0.44551254002,863975
2025-12-01,0.00116006595903,0.00118097336179,0.00110603581997,1.85187114218e-05,53638,5s,minimum_spread,0.547054200591,16
2025-12-01,0.00116006595903,0.00118097336179,0.00110603581997,1.85187114218e-05,53638,5s,wider_spread,0.297233249137,863975
2025-12-01,0.00116006595903,0.00118097336179,0.00110603581997,1.85187114218e-05,53638,30s,minimum_spread,,16
2025-12-01,0.00116006595903,0.00118097336179,0.00110603581997,1.85187114218e-05,53638,30s,wider_spread,0.132977640252,863975
