date,model,mode,latency_ms,parent_orders,fills,filled_parent_orders,fill_rate,turnover,gross_pnl,gross_pnl_bps_of_turnover,terminal_position,terminal_notional_exposure,max_inventory,mean_implementation_shortfall,mean_levels_consumed,full_fills,partial_fills,expired_or_no_fill,mean_fill_fraction,maker_fill_count,taker_on_arrival_count,average_signed_markout_100ms,average_signed_markout_500ms,average_signed_markout_1000ms,average_signed_markout_5000ms,queue_fraction,ttl_ms
2024-07-01,lightgbm_extended,passive,0,20465,9501,633,0.030930857561690693,4866605.998529209,-3630.264330080594,-7.459540244634015,11.957668360736466,752137.280101982,11.957668360736466,-1.9750778566219973e-07,0.0,390,243,19832,0.023682415223913997,9501,0,-8.853923819075048e-05,-0.00010300249237838641,-0.00010995416381369382,-0.00014437388197153765,1.0,1000
2024-07-01,lightgbm_extended,passive,100,20465,10911,778,0.03801612509161984,6234185.619222174,-2571.828693028423,-4.125364322003143,7.732312207016806,486362.39915979607,7.821530552968911,-8.409320521833261e-07,0.005521622281944784,520,258,19687,0.03036492513370315,10798,113,-8.624031028703795e-05,-0.00010239381380745542,-0.00010997019695218208,-0.00014979489708356197,1.0,1000
2024-07-01,lightgbm_qi_ofi,passive,0,21789,12060,793,0.03639451099178485,6125189.791964068,-3080.5074360552244,-5.029244057215486,9.130302156076135,574295.9599656782,10.06877227302567,-3.4183513970957855e-07,0.0,497,296,20996,0.028111386227098304,12060,0,-9.322343980259134e-05,-0.00010873946625068069,-0.00011684898244945549,-0.00015091894030667703,1.0,1000
2024-07-01,lightgbm_qi_ofi,passive,100,21789,12748,988,0.04534398090779751,8031909.703807328,-2178.263225474686,-2.712011595999559,5.819067941774399,366019.34444227,7.021528248729046,-1.1539556554697e-06,0.00899536463353068,685,303,20801,0.03686223902300702,12552,196,-8.61329387292434e-05,-0.00010137862400062468,-0.00011011667748482327,-0.00015148806561746244,1.0,1000
2024-07-01,qi_direct_baseline,passive,0,14240,1972,210,0.014747191011235955,1879536.6388541388,-1035.9125899009377,-5.511531770577682,1.943989932014357,122276.9570037534,3.6595463441971856,-2.0118706247781496e-06,0.0,172,38,14030,0.013128770964257372,1972,0,-0.00014105230024999424,-0.00015450348990506962,-0.0001528900626330091,-0.00011454134612318728,1.0,1000
2024-07-01,qi_direct_baseline,passive,100,14240,2815,336,0.02359550561797753,3023648.8893636637,151.5554936050612,0.5012337713488835,3.204774389905958,201580.29310121282,3.7069910927698375,-3.883156911046472e-06,0.007092696629213483,278,58,13904,0.02116323707953792,2714,101,-0.00013767096596692502,-0.0001599663576247513,-0.00016111101548255477,-0.0001700897346064218,1.0,1000
2025-01-01,lightgbm_extended,passive,0,14389,28705,732,0.050872194037111684,4599571.915157143,-1092.3104893806776,-2.374809024685853,-0.16219182619007652,-15342.014351729087,2.705306142506031,-9.141276683629719e-08,0.0,348,384,13657,0.03196589046495034,28705,0,-7.498971429886283e-05,-9.62858609848643e-05,-0.0001068245554850144,-0.00014846482374168687,1.0,1000
2025-01-01,lightgbm_extended,passive,100,14389,30150,813,0.056501494196956006,5443977.257953488,-1141.3750657020973,-2.096583089201158,0.34329341910002414,32472.73729142438,2.3748674090877118,-1.858103121586592e-07,0.004934324831468483,423,390,13576,0.0376952327346991,30079,71,-7.916492529474793e-05,-0.00010295848502270742,-0.00011477553116790953,-0.00014905843653542728,1.0,1000
2025-01-01,lightgbm_qi_ofi,passive,0,15712,31853,797,0.05072556008146639,5334994.405102101,-1784.6948768821603,-3.3452610094124453,-0.984828404453249,-93156.67669593477,3.0927192743999212,-9.650005524072495e-08,0.0,410,387,14915,0.03395489769016328,31853,0,-7.745702633245161e-05,-9.875219441022218e-05,-0.00011006698409967634,-0.0001553938897334703,1.0,1000
2025-01-01,lightgbm_qi_ofi,passive,100,15712,32231,931,0.0592540733197556,6713333.362610938,-2887.710859204177,-4.301456077374196,-1.9073219046189247,-180416.98352750385,4.94041146065216,-2.716407889124228e-07,0.00980142566191446,548,383,14781,0.042663689546106824,32077,154,-8.08259837078825e-05,-0.00010458464531274631,-0.00011782936542679832,-0.0001557776389172132,1.0,1000
2025-01-01,qi_direct_baseline,passive,0,12359,7613,233,0.01885265798203738,1914654.808319587,-671.5928851829667,-3.507644731910688,-2.5742480186700436,-243502.71511871275,2.5742480186700436,-5.320437022825499e-08,0.0,162,71,12126,0.015491987988092896,7613,0,-0.00010237771503095362,-0.0001231062950776887,-0.00013214501320339564,-0.0001672069049487401,1.0,1000
2025-01-01,qi_direct_baseline,passive,100,12359,10630,331,0.026782102111821346,2723758.273795861,580.1409905799082,2.129928327932776,-1.7919547049019016,-169504.19417581914,1.9211073121384847,-2.402204463827556e-07,0.003802896674488227,235,96,12028,0.021957767129151238,10583,47,-9.502495340442486e-05,-0.00011466205961508214,-0.0001350141505922452,-0.0001685769619189383,1.0,1000
2025-07-01,lightgbm_extended,passive,0,8075,28417,478,0.05919504643962848,3093965.586918592,-1477.6149115925655,-4.775796207430294,2.5871867503422927,273416.8322331351,2.830334206487229,-4.6992658787895734e-08,0.0,224,254,7597,0.03819152445640373,28417,0,-8.73636281290855e-05,-0.00010129268422112525,-0.00011399612197879292,-0.00013696392550693588,1.0,1000
2025-07-01,lightgbm_extended,passive,100,8075,30870,555,0.06873065015479876,3914479.938433269,-2375.6649456070154,-6.068915878919669,3.79862891388252,401443.415062922,4.127169827772796,-1.710603993825017e-07,0.009659442724458204,302,253,7520,0.04834888482044392,30792,78,-8.796758968517053e-05,-0.00010255132109409299,-0.0001152166969665809,-0.00014115825487001187,1.0,1000
2025-07-01,lightgbm_qi_ofi,passive,0,14222,24731,471,0.033117704964140064,3420761.7642463576,3031.4239216506103,8.861838767419911,-1.1087532256470995,-117174.29932129658,2.4595120587028996,-7.943137616090745e-08,0.0,262,209,13751,0.024052605628227402,24731,0,-9.037304197257248e-05,-0.00010379961624342868,-0.00011919447452211673,-0.00013966379181013275,1.0,1000
2025-07-01,lightgbm_qi_ofi,passive,100,14222,27792,596,0.04190690479538743,4487464.273137024,2982.7886939989694,6.646935802597064,-1.6008702985800671,-169181.79014173037,2.594581607294304,-1.9831135479746277e-07,0.005976655885248207,359,237,13626,0.03155079447748837,27707,85,-8.879666652998958e-05,-0.00010425420800001075,-0.00011659576840924046,-0.00013896418926380587,1.0,1000
2025-07-01,qi_direct_baseline,passive,0,10643,5847,140,0.013154185849854364,1244264.897416428,-164.28016741131432,-1.3202989793606092,1.2518573910917188,132297.70994871174,1.2518573910917188,-5.51590508962771e-08,0.0,107,33,10503,0.011548541039748228,5847,0,-0.00011182155666106736,-0.00013359967740482397,-0.00014570136087064967,-0.00012336647316237557,1.0,1000
2025-07-01,qi_direct_baseline,passive,100,10643,9321,218,0.020482946537630366,1902475.5910895874,-1073.3566741913673,-5.641894588390665,2.5822820847377037,272898.5016052467,2.5822820847377037,-2.814164824846334e-07,0.003570421873531899,161,57,10425,0.017684569302392168,9283,38,-9.947057186956765e-05,-0.00011757422970464992,-0.00012505469164262556,-0.00012275052788332435,1.0,1000
