date,model,mode,latency_ms,fee_scenario,gross_pnl,maker_fees,taker_fees,total_fees,net_pnl,fee_burden_fraction_of_gross_pnl
2024-07-01,lightgbm_extended,market,0,market_0_00bps,5720.895120207824,0.0,0.0,0.0,5720.895120207824,0.0
2024-07-01,lightgbm_extended,market,0,market_0_10bps,5720.895120207824,0.0,2065.1840189216414,2065.1840189216414,3655.711101286183,0.3609896660448862
2024-07-01,lightgbm_extended,market,0,market_0_25bps,5720.895120207824,0.0,5162.960047304103,5162.960047304103,557.9350729037214,0.9024741651122153
2024-07-01,lightgbm_extended,market,0,market_0_50bps,5720.895120207824,0.0,10325.920094608206,10325.920094608206,-4605.024974400381,1.8049483302244307
2024-07-01,lightgbm_extended,market,0,market_1_00bps,5720.895120207824,0.0,20651.84018921641,20651.84018921641,-14930.945069008587,3.6098966604488614
2024-07-01,lightgbm_extended,market,0,market_2_00bps,5720.895120207824,0.0,41303.68037843282,41303.68037843282,-35582.785258225,7.219793320897723
2024-07-01,lightgbm_extended,market,0,market_5_00bps,5720.895120207824,0.0,103259.20094608206,103259.20094608206,-97538.30582587424,18.049483302244305
2024-07-01,lightgbm_extended,market,0,market_10_00bps,5720.895120207824,0.0,206518.4018921641,206518.4018921641,-200797.50677195628,36.09896660448861
2024-07-01,lightgbm_extended,market,10,market_0_00bps,5720.895120207824,0.0,0.0,0.0,5720.895120207824,0.0
2024-07-01,lightgbm_extended,market,10,market_0_10bps,5720.895120207824,0.0,2065.1840189216414,2065.1840189216414,3655.711101286183,0.3609896660448862
2024-07-01,lightgbm_extended,market,10,market_0_25bps,5720.895120207824,0.0,5162.960047304103,5162.960047304103,557.9350729037214,0.9024741651122153
2024-07-01,lightgbm_extended,market,10,market_0_50bps,5720.895120207824,0.0,10325.920094608206,10325.920094608206,-4605.024974400381,1.8049483302244307
2024-07-01,lightgbm_extended,market,10,market_1_00bps,5720.895120207824,0.0,20651.84018921641,20651.84018921641,-14930.945069008587,3.6098966604488614
2024-07-01,lightgbm_extended,market,10,market_2_00bps,5720.895120207824,0.0,41303.68037843282,41303.68037843282,-35582.785258225,7.219793320897723
2024-07-01,lightgbm_extended,market,10,market_5_00bps,5720.895120207824,0.0,103259.20094608206,103259.20094608206,-97538.30582587424,18.049483302244305
2024-07-01,lightgbm_extended,market,10,market_10_00bps,5720.895120207824,0.0,206518.4018921641,206518.4018921641,-200797.50677195628,36.09896660448861
2024-07-01,lightgbm_extended,market,100,market_0_00bps,5264.311049242642,0.0,0.0,0.0,5264.311049242642,0.0
2024-07-01,lightgbm_extended,market,100,market_0_10bps,5264.311049242642,0.0,2064.4611654784517,2064.4611654784517,3199.8498837641905,0.39216169906515275
2024-07-01,lightgbm_extended,market,100,market_0_25bps,5264.311049242642,0.0,5161.152913696128,5161.152913696128,103.15813554651413,0.9804042476628817
2024-07-01,lightgbm_extended,market,100,market_0_50bps,5264.311049242642,0.0,10322.305827392256,10322.305827392256,-5057.994778149614,1.9608084953257634
2024-07-01,lightgbm_extended,market,100,market_1_00bps,5264.311049242642,0.0,20644.611654784512,20644.611654784512,-15380.30060554187,3.921616990651527
2024-07-01,lightgbm_extended,market,100,market_2_00bps,5264.311049242642,0.0,41289.223309569024,41289.223309569024,-36024.91226032638,7.843233981303054
2024-07-01,lightgbm_extended,market,100,market_5_00bps,5264.311049242642,0.0,103223.05827392256,103223.05827392256,-97958.74722467992,19.608084953257634
2024-07-01,lightgbm_extended,market,100,market_10_00bps,5264.311049242642,0.0,206446.11654784513,206446.11654784513,-201181.80549860248,39.21616990651527
2024-07-01,lightgbm_extended,market,250,market_0_00bps,4327.789911211177,0.0,0.0,0.0,4327.789911211177,0.0
2024-07-01,lightgbm_extended,market,250,market_0_10bps,4327.789911211177,0.0,2065.408040643953,2065.408040643953,2262.3818705672243,0.47724313864993667
2024-07-01,lightgbm_extended,market,250,market_0_25bps,4327.789911211177,0.0,5163.520101609882,5163.520101609882,-835.7301903987045,1.1931078466248415
2024-07-01,lightgbm_extended,market,250,market_0_50bps,4327.789911211177,0.0,10327.040203219763,10327.040203219763,-5999.250292008586,2.386215693249683
2024-07-01,lightgbm_extended,market,250,market_1_00bps,4327.789911211177,0.0,20654.080406439527,20654.080406439527,-16326.29049522835,4.772431386499366
2024-07-01,lightgbm_extended,market,250,market_2_00bps,4327.789911211177,0.0,41308.160812879054,41308.160812879054,-36980.37090166788,9.544862772998732
2024-07-01,lightgbm_extended,market,250,market_5_00bps,4327.789911211177,0.0,103270.40203219764,103270.40203219764,-98942.61212098647,23.86215693249683
2024-07-01,lightgbm_extended,market,250,market_10_00bps,4327.789911211177,0.0,206540.80406439528,206540.80406439528,-202213.0141531841,47.72431386499366
2024-07-01,lightgbm_extended,market,50,market_0_00bps,5720.895120207824,0.0,0.0,0.0,5720.895120207824,0.0
2024-07-01,lightgbm_extended,market,50,market_0_10bps,5720.895120207824,0.0,2065.1840189216414,2065.1840189216414,3655.711101286183,0.3609896660448862
2024-07-01,lightgbm_extended,market,50,market_0_25bps,5720.895120207824,0.0,5162.960047304103,5162.960047304103,557.9350729037214,0.9024741651122153
2024-07-01,lightgbm_extended,market,50,market_0_50bps,5720.895120207824,0.0,10325.920094608206,10325.920094608206,-4605.024974400381,1.8049483302244307
2024-07-01,lightgbm_extended,market,50,market_1_00bps,5720.895120207824,0.0,20651.84018921641,20651.84018921641,-14930.945069008587,3.6098966604488614
2024-07-01,lightgbm_extended,market,50,market_2_00bps,5720.895120207824,0.0,41303.68037843282,41303.68037843282,-35582.785258225,7.219793320897723
2024-07-01,lightgbm_extended,market,50,market_5_00bps,5720.895120207824,0.0,103259.20094608206,103259.20094608206,-97538.30582587424,18.049483302244305
2024-07-01,lightgbm_extended,market,50,market_10_00bps,5720.895120207824,0.0,206518.4018921641,206518.4018921641,-200797.50677195628,36.09896660448861
2024-07-01,lightgbm_qi_ofi,market,0,market_0_00bps,5550.258410920898,0.0,0.0,0.0,5550.258410920898,0.0
2024-07-01,lightgbm_qi_ofi,market,0,market_0_10bps,5550.258410920898,0.0,2198.5008070557387,2198.5008070557387,3351.7576038651596,0.39610782855261034
2024-07-01,lightgbm_qi_ofi,market,0,market_0_25bps,5550.258410920898,0.0,5496.252017639346,5496.252017639346,54.00639328155194,0.9902695713815258
2024-07-01,lightgbm_qi_ofi,market,0,market_0_50bps,5550.258410920898,0.0,10992.504035278693,10992.504035278693,-5442.245624357794,1.9805391427630517
2024-07-01,lightgbm_qi_ofi,market,0,market_1_00bps,5550.258410920898,0.0,21985.008070557386,21985.008070557386,-16434.749659636487,3.9610782855261033
2024-07-01,lightgbm_qi_ofi,market,0,market_2_00bps,5550.258410920898,0.0,43970.01614111477,43970.01614111477,-38419.75773019387,7.922156571052207
2024-07-01,lightgbm_qi_ofi,market,0,market_5_00bps,5550.258410920898,0.0,109925.04035278692,109925.04035278692,-104374.78194186602,19.805391427630514
2024-07-01,lightgbm_qi_ofi,market,0,market_10_00bps,5550.258410920898,0.0,219850.08070557384,219850.08070557384,-214299.82229465293,39.61078285526103
2024-07-01,lightgbm_qi_ofi,market,10,market_0_00bps,5550.258410920898,0.0,0.0,0.0,5550.258410920898,0.0
2024-07-01,lightgbm_qi_ofi,market,10,market_0_10bps,5550.258410920898,0.0,2198.5008070557387,2198.5008070557387,3351.7576038651596,0.39610782855261034
2024-07-01,lightgbm_qi_ofi,market,10,market_0_25bps,5550.258410920898,0.0,5496.252017639346,5496.252017639346,54.00639328155194,0.9902695713815258
2024-07-01,lightgbm_qi_ofi,market,10,market_0_50bps,5550.258410920898,0.0,10992.504035278693,10992.504035278693,-5442.245624357794,1.9805391427630517
2024-07-01,lightgbm_qi_ofi,market,10,market_1_00bps,5550.258410920898,0.0,21985.008070557386,21985.008070557386,-16434.749659636487,3.9610782855261033
2024-07-01,lightgbm_qi_ofi,market,10,market_2_00bps,5550.258410920898,0.0,43970.01614111477,43970.01614111477,-38419.75773019387,7.922156571052207
2024-07-01,lightgbm_qi_ofi,market,10,market_5_00bps,5550.258410920898,0.0,109925.04035278692,109925.04035278692,-104374.78194186602,19.805391427630514
2024-07-01,lightgbm_qi_ofi,market,10,market_10_00bps,5550.258410920898,0.0,219850.08070557384,219850.08070557384,-214299.82229465293,39.61078285526103
2024-07-01,lightgbm_qi_ofi,market,100,market_0_00bps,5323.436535794204,0.0,0.0,0.0,5323.436535794204,0.0
2024-07-01,lightgbm_qi_ofi,market,100,market_0_10bps,5323.436535794204,0.0,2197.9255292036055,2197.9255292036055,3125.5110065905988,0.4128771920966832
2024-07-01,lightgbm_qi_ofi,market,100,market_0_25bps,5323.436535794204,0.0,5494.813823009013,5494.813823009013,-171.37728721480835,1.0321929802417078
2024-07-01,lightgbm_qi_ofi,market,100,market_0_50bps,5323.436535794204,0.0,10989.627646018025,10989.627646018025,-5666.191110223821,2.0643859604834156
2024-07-01,lightgbm_qi_ofi,market,100,market_1_00bps,5323.436535794204,0.0,21979.25529203605,21979.25529203605,-16655.818756241846,4.128771920966831
2024-07-01,lightgbm_qi_ofi,market,100,market_2_00bps,5323.436535794204,0.0,43958.5105840721,43958.5105840721,-38635.07404827789,8.257543841933662
2024-07-01,lightgbm_qi_ofi,market,100,market_5_00bps,5323.436535794204,0.0,109896.27646018026,109896.27646018026,-104572.83992438606,20.64385960483416
2024-07-01,lightgbm_qi_ofi,market,100,market_10_00bps,5323.436535794204,0.0,219792.55292036053,219792.55292036053,-214469.11638456632,41.28771920966832
2024-07-01,lightgbm_qi_ofi,market,250,market_0_00bps,4432.70561762869,0.0,0.0,0.0,4432.70561762869,0.0
2024-07-01,lightgbm_qi_ofi,market,250,market_0_10bps,4432.70561762869,0.0,2198.604587067164,2198.604587067164,2234.1010305615255,0.49599607479535823
2024-07-01,lightgbm_qi_ofi,market,250,market_0_25bps,4432.70561762869,0.0,5496.5114676679095,5496.5114676679095,-1063.8058500392199,1.2399901869883954
2024-07-01,lightgbm_qi_ofi,market,250,market_0_50bps,4432.70561762869,0.0,10993.022935335819,10993.022935335819,-6560.317317707129,2.4799803739767907
2024-07-01,lightgbm_qi_ofi,market,250,market_1_00bps,4432.70561762869,0.0,21986.045870671638,21986.045870671638,-17553.34025304295,4.959960747953581
2024-07-01,lightgbm_qi_ofi,market,250,market_2_00bps,4432.70561762869,0.0,43972.091741343276,43972.091741343276,-39539.38612371459,9.919921495907163
2024-07-01,lightgbm_qi_ofi,market,250,market_5_00bps,4432.70561762869,0.0,109930.2293533582,109930.2293533582,-105497.52373572951,24.79980373976791
2024-07-01,lightgbm_qi_ofi,market,250,market_10_00bps,4432.70561762869,0.0,219860.4587067164,219860.4587067164,-215427.7530890877,49.59960747953582
2024-07-01,lightgbm_qi_ofi,market,50,market_0_00bps,5550.258410920898,0.0,0.0,0.0,5550.258410920898,0.0
2024-07-01,lightgbm_qi_ofi,market,50,market_0_10bps,5550.258410920898,0.0,2198.5008070557387,2198.5008070557387,3351.7576038651596,0.39610782855261034
2024-07-01,lightgbm_qi_ofi,market,50,market_0_25bps,5550.258410920898,0.0,5496.252017639346,5496.252017639346,54.00639328155194,0.9902695713815258
2024-07-01,lightgbm_qi_ofi,market,50,market_0_50bps,5550.258410920898,0.0,10992.504035278693,10992.504035278693,-5442.245624357794,1.9805391427630517
2024-07-01,lightgbm_qi_ofi,market,50,market_1_00bps,5550.258410920898,0.0,21985.008070557386,21985.008070557386,-16434.749659636487,3.9610782855261033
2024-07-01,lightgbm_qi_ofi,market,50,market_2_00bps,5550.258410920898,0.0,43970.01614111477,43970.01614111477,-38419.75773019387,7.922156571052207
2024-07-01,lightgbm_qi_ofi,market,50,market_5_00bps,5550.258410920898,0.0,109925.04035278692,109925.04035278692,-104374.78194186602,19.805391427630514
2024-07-01,lightgbm_qi_ofi,market,50,market_10_00bps,5550.258410920898,0.0,219850.08070557384,219850.08070557384,-214299.82229465293,39.61078285526103
2024-07-01,qi_direct_baseline,market,0,market_0_00bps,5374.277072860903,0.0,0.0,0.0,5374.277072860903,0.0
2024-07-01,qi_direct_baseline,market,0,market_0_10bps,5374.277072860903,0.0,1428.7621001564182,1428.7621001564182,3945.5149727044845,0.265851961256594
2024-07-01,qi_direct_baseline,market,0,market_0_25bps,5374.277072860903,0.0,3571.9052503910452,3571.9052503910452,1802.3718224698578,0.664629903141485
2024-07-01,qi_direct_baseline,market,0,market_0_50bps,5374.277072860903,0.0,7143.8105007820905,7143.8105007820905,-1769.5334279211875,1.32925980628297
2024-07-01,qi_direct_baseline,market,0,market_1_00bps,5374.277072860903,0.0,14287.621001564181,14287.621001564181,-8913.343928703278,2.65851961256594
2024-07-01,qi_direct_baseline,market,0,market_2_00bps,5374.277072860903,0.0,28575.242003128362,28575.242003128362,-23200.96493026746,5.31703922513188
2024-07-01,qi_direct_baseline,market,0,market_5_00bps,5374.277072860903,0.0,71438.10500782091,71438.10500782091,-66063.82793496,13.2925980628297
2024-07-01,qi_direct_baseline,market,0,market_10_00bps,5374.277072860903,0.0,142876.21001564182,142876.21001564182,-137501.9329427809,26.5851961256594
2024-07-01,qi_direct_baseline,market,10,market_0_00bps,5374.277072860903,0.0,0.0,0.0,5374.277072860903,0.0
2024-07-01,qi_direct_baseline,market,10,market_0_10bps,5374.277072860903,0.0,1428.7621001564182,1428.7621001564182,3945.5149727044845,0.265851961256594
2024-07-01,qi_direct_baseline,market,10,market_0_25bps,5374.277072860903,0.0,3571.9052503910452,3571.9052503910452,1802.3718224698578,0.664629903141485
2024-07-01,qi_direct_baseline,market,10,market_0_50bps,5374.277072860903,0.0,7143.8105007820905,7143.8105007820905,-1769.5334279211875,1.32925980628297
2024-07-01,qi_direct_baseline,market,10,market_1_00bps,5374.277072860903,0.0,14287.621001564181,14287.621001564181,-8913.343928703278,2.65851961256594
2024-07-01,qi_direct_baseline,market,10,market_2_00bps,5374.277072860903,0.0,28575.242003128362,28575.242003128362,-23200.96493026746,5.31703922513188
2024-07-01,qi_direct_baseline,market,10,market_5_00bps,5374.277072860903,0.0,71438.10500782091,71438.10500782091,-66063.82793496,13.2925980628297
2024-07-01,qi_direct_baseline,market,10,market_10_00bps,5374.277072860903,0.0,142876.21001564182,142876.21001564182,-137501.9329427809,26.5851961256594
2024-07-01,qi_direct_baseline,market,100,market_0_00bps,5177.823381225753,0.0,0.0,0.0,5177.823381225753,0.0
2024-07-01,qi_direct_baseline,market,100,market_0_10bps,5177.823381225753,0.0,1428.7987699890687,1428.7987699890687,3749.0246112366844,0.27594582989635064
2024-07-01,qi_direct_baseline,market,100,market_0_25bps,5177.823381225753,0.0,3571.9969249726714,3571.9969249726714,1605.8264562530817,0.6898645747408765
2024-07-01,qi_direct_baseline,market,100,market_0_50bps,5177.823381225753,0.0,7143.993849945343,7143.993849945343,-1966.1704687195897,1.379729149481753
2024-07-01,qi_direct_baseline,market,100,market_1_00bps,5177.823381225753,0.0,14287.987699890686,14287.987699890686,-9110.164318664933,2.759458298963506
2024-07-01,qi_direct_baseline,market,100,market_2_00bps,5177.823381225753,0.0,28575.97539978137,28575.97539978137,-23398.15201855562,5.518916597927012
2024-07-01,qi_direct_baseline,market,100,market_5_00bps,5177.823381225753,0.0,71439.93849945342,71439.93849945342,-66262.11511822767,13.797291494817529
2024-07-01,qi_direct_baseline,market,100,market_10_00bps,5177.823381225753,0.0,142879.87699890684,142879.87699890684,-137702.0536176811,27.594582989635057
2024-07-01,qi_direct_baseline,market,250,market_0_00bps,4267.334070700442,0.0,0.0,0.0,4267.334070700442,0.0
2024-07-01,qi_direct_baseline,market,250,market_0_10bps,4267.334070700442,0.0,1429.5204547888682,1429.5204547888682,2837.813615911574,0.33499145628273397
2024-07-01,qi_direct_baseline,market,250,market_0_25bps,4267.334070700442,0.0,3573.8011369721703,3573.8011369721703,693.5329337282715,0.8374786407068349
2024-07-01,qi_direct_baseline,market,250,market_0_50bps,4267.334070700442,0.0,7147.602273944341,7147.602273944341,-2880.268203243899,1.6749572814136697
2024-07-01,qi_direct_baseline,market,250,market_1_00bps,4267.334070700442,0.0,14295.204547888681,14295.204547888681,-10027.87047718824,3.3499145628273395
2024-07-01,qi_direct_baseline,market,250,market_2_00bps,4267.334070700442,0.0,28590.409095777362,28590.409095777362,-24323.07502507692,6.699829125654679
2024-07-01,qi_direct_baseline,market,250,market_5_00bps,4267.334070700442,0.0,71476.0227394434,71476.0227394434,-67208.68866874297,16.749572814136698
2024-07-01,qi_direct_baseline,market,250,market_10_00bps,4267.334070700442,0.0,142952.0454788868,142952.0454788868,-138684.71140818635,33.499145628273396
2024-07-01,qi_direct_baseline,market,50,market_0_00bps,5374.277072860903,0.0,0.0,0.0,5374.277072860903,0.0
2024-07-01,qi_direct_baseline,market,50,market_0_10bps,5374.277072860903,0.0,1428.7621001564182,1428.7621001564182,3945.5149727044845,0.265851961256594
2024-07-01,qi_direct_baseline,market,50,market_0_25bps,5374.277072860903,0.0,3571.9052503910452,3571.9052503910452,1802.3718224698578,0.664629903141485
2024-07-01,qi_direct_baseline,market,50,market_0_50bps,5374.277072860903,0.0,7143.8105007820905,7143.8105007820905,-1769.5334279211875,1.32925980628297
2024-07-01,qi_direct_baseline,market,50,market_1_00bps,5374.277072860903,0.0,14287.621001564181,14287.621001564181,-8913.343928703278,2.65851961256594
2024-07-01,qi_direct_baseline,market,50,market_2_00bps,5374.277072860903,0.0,28575.242003128362,28575.242003128362,-23200.96493026746,5.31703922513188
2024-07-01,qi_direct_baseline,market,50,market_5_00bps,5374.277072860903,0.0,71438.10500782091,71438.10500782091,-66063.82793496,13.2925980628297
2024-07-01,qi_direct_baseline,market,50,market_10_00bps,5374.277072860903,0.0,142876.21001564182,142876.21001564182,-137501.9329427809,26.5851961256594
2024-07-01,lightgbm_extended,passive,0,P0,-3630.264330080594,0.0,0.0,0.0,-3630.264330080594,
2024-07-01,lightgbm_extended,passive,0,P1,-3630.264330080594,-243.33029992646073,0.0,-243.33029992646073,-3386.9340301541333,
2024-07-01,lightgbm_extended,passive,0,P2,-3630.264330080594,0.0,0.0,0.0,-3630.264330080594,
2024-07-01,lightgbm_extended,passive,0,P3,-3630.264330080594,0.0,0.0,0.0,-3630.264330080594,
2024-07-01,lightgbm_extended,passive,0,P4,-3630.264330080594,121.66514996323036,0.0,121.66514996323036,-3751.9294800438242,
2024-07-01,lightgbm_extended,passive,0,P5,-3630.264330080594,243.33029992646073,0.0,243.33029992646073,-3873.5946300070545,
2024-07-01,lightgbm_extended,passive,0,P6,-3630.264330080594,486.66059985292145,0.0,486.66059985292145,-4116.924929933515,
2024-07-01,lightgbm_extended,passive,10,P0,-3344.955215478898,0.0,0.0,0.0,-3344.955215478898,
2024-07-01,lightgbm_extended,passive,10,P1,-3344.955215478898,-242.1919600729098,0.0,-242.1919600729098,-3102.7632554059883,
2024-07-01,lightgbm_extended,passive,10,P2,-3344.955215478898,0.0,0.0,0.0,-3344.955215478898,
2024-07-01,lightgbm_extended,passive,10,P3,-3344.955215478898,0.0,0.0,0.0,-3344.955215478898,
2024-07-01,lightgbm_extended,passive,10,P4,-3344.955215478898,121.0959800364549,0.0,121.0959800364549,-3466.051195515353,
2024-07-01,lightgbm_extended,passive,10,P5,-3344.955215478898,242.1919600729098,0.0,242.1919600729098,-3587.147175551808,
2024-07-01,lightgbm_extended,passive,10,P6,-3344.955215478898,484.3839201458196,0.0,484.3839201458196,-3829.3391356247175,
2024-07-01,lightgbm_extended,passive,100,P0,-2571.828693028423,0.0,0.0,0.0,-2571.828693028423,
2024-07-01,lightgbm_extended,passive,100,P1,-2571.828693028423,-258.7090881492267,53.00019281188559,-205.70889533734112,-2366.1197976910817,
2024-07-01,lightgbm_extended,passive,100,P2,-2571.828693028423,0.0,53.00019281188559,53.00019281188559,-2624.8288858403084,
2024-07-01,lightgbm_extended,passive,100,P3,-2571.828693028423,0.0,106.00038562377118,106.00038562377118,-2677.8290786521943,
2024-07-01,lightgbm_extended,passive,100,P4,-2571.828693028423,129.35454407461336,106.00038562377118,235.35492969838452,-2807.1836227268077,
2024-07-01,lightgbm_extended,passive,100,P5,-2571.828693028423,258.7090881492267,212.00077124754236,470.70985939676905,-3042.538552425192,
2024-07-01,lightgbm_extended,passive,100,P6,-2571.828693028423,517.4181762984534,530.0019281188559,1047.4201044173092,-3619.248797445732,
2024-07-01,lightgbm_extended,passive,250,P0,-3440.298609503545,0.0,0.0,0.0,-3440.298609503545,
2024-07-01,lightgbm_extended,passive,250,P1,-3440.298609503545,-238.8125042730702,148.4998280384956,-90.31267623457461,-3349.9859332689703,
2024-07-01,lightgbm_extended,passive,250,P2,-3440.298609503545,0.0,148.4998280384956,148.4998280384956,-3588.7984375420406,
2024-07-01,lightgbm_extended,passive,250,P3,-3440.298609503545,0.0,296.9996560769912,296.9996560769912,-3737.2982655805363,
2024-07-01,lightgbm_extended,passive,250,P4,-3440.298609503545,119.4062521365351,296.9996560769912,416.4059082135263,-3856.704517717071,
2024-07-01,lightgbm_extended,passive,250,P5,-3440.298609503545,238.8125042730702,593.9993121539824,832.8118164270526,-4273.110425930598,
2024-07-01,lightgbm_extended,passive,250,P6,-3440.298609503545,477.6250085461404,1484.998280384956,1962.6232889310963,-5402.921898434641,
2024-07-01,lightgbm_extended,passive,50,P0,-3349.823029478779,0.0,0.0,0.0,-3349.823029478779,
2024-07-01,lightgbm_extended,passive,50,P1,-3349.823029478779,-241.16838440211657,0.0,-241.16838440211657,-3108.6546450766623,
2024-07-01,lightgbm_extended,passive,50,P2,-3349.823029478779,0.0,0.0,0.0,-3349.823029478779,
2024-07-01,lightgbm_extended,passive,50,P3,-3349.823029478779,0.0,0.0,0.0,-3349.823029478779,
2024-07-01,lightgbm_extended,passive,50,P4,-3349.823029478779,120.58419220105829,0.0,120.58419220105829,-3470.407221679837,
2024-07-01,lightgbm_extended,passive,50,P5,-3349.823029478779,241.16838440211657,0.0,241.16838440211657,-3590.991413880896,
2024-07-01,lightgbm_extended,passive,50,P6,-3349.823029478779,482.33676880423315,0.0,482.33676880423315,-3832.159798283012,
2024-07-01,lightgbm_qi_ofi,passive,0,P0,-3080.5074360552244,0.0,0.0,0.0,-3080.5074360552244,
2024-07-01,lightgbm_qi_ofi,passive,0,P1,-3080.5074360552244,-306.25948959820596,0.0,-306.25948959820596,-2774.2479464570183,
2024-07-01,lightgbm_qi_ofi,passive,0,P2,-3080.5074360552244,0.0,0.0,0.0,-3080.5074360552244,
2024-07-01,lightgbm_qi_ofi,passive,0,P3,-3080.5074360552244,0.0,0.0,0.0,-3080.5074360552244,
2024-07-01,lightgbm_qi_ofi,passive,0,P4,-3080.5074360552244,153.12974479910298,0.0,153.12974479910298,-3233.637180854327,
2024-07-01,lightgbm_qi_ofi,passive,0,P5,-3080.5074360552244,306.25948959820596,0.0,306.25948959820596,-3386.7669256534305,
2024-07-01,lightgbm_qi_ofi,passive,0,P6,-3080.5074360552244,612.5189791964119,0.0,612.5189791964119,-3693.0264152516365,
2024-07-01,lightgbm_qi_ofi,passive,10,P0,-2741.6763699511066,0.0,0.0,0.0,-2741.6763699511066,
2024-07-01,lightgbm_qi_ofi,passive,10,P1,-2741.6763699511066,-303.72486888775427,0.0,-303.72486888775427,-2437.951501063352,
2024-07-01,lightgbm_qi_ofi,passive,10,P2,-2741.6763699511066,0.0,0.0,0.0,-2741.6763699511066,
2024-07-01,lightgbm_qi_ofi,passive,10,P3,-2741.6763699511066,0.0,0.0,0.0,-2741.6763699511066,
2024-07-01,lightgbm_qi_ofi,passive,10,P4,-2741.6763699511066,151.86243444387713,0.0,151.86243444387713,-2893.538804394984,
2024-07-01,lightgbm_qi_ofi,passive,10,P5,-2741.6763699511066,303.72486888775427,0.0,303.72486888775427,-3045.401238838861,
2024-07-01,lightgbm_qi_ofi,passive,10,P6,-2741.6763699511066,607.4497377755085,0.0,607.4497377755085,-3349.1261077266154,
2024-07-01,lightgbm_qi_ofi,passive,100,P0,-2178.263225474686,0.0,0.0,0.0,-2178.263225474686,
2024-07-01,lightgbm_qi_ofi,passive,100,P1,-2178.263225474686,-308.3640941525871,93.23139103778405,-215.13270311480304,-1963.130522359883,
2024-07-01,lightgbm_qi_ofi,passive,100,P2,-2178.263225474686,0.0,93.23139103778405,93.23139103778405,-2271.4946165124697,
2024-07-01,lightgbm_qi_ofi,passive,100,P3,-2178.263225474686,0.0,186.4627820755681,186.4627820755681,-2364.726007550254,
2024-07-01,lightgbm_qi_ofi,passive,100,P4,-2178.263225474686,154.18204707629354,186.4627820755681,340.64482915186164,-2518.9080546265477,
2024-07-01,lightgbm_qi_ofi,passive,100,P5,-2178.263225474686,308.3640941525871,372.9255641511362,681.2896583037233,-2859.552883778409,
2024-07-01,lightgbm_qi_ofi,passive,100,P6,-2178.263225474686,616.7281883051742,932.3139103778406,1549.0420986830147,-3727.305324157701,
2024-07-01,lightgbm_qi_ofi,passive,250,P0,-2348.992528170522,0.0,0.0,0.0,-2348.992528170522,
2024-07-01,lightgbm_qi_ofi,passive,250,P1,-2348.992528170522,-282.5140715570912,197.65834779970248,-84.85572375738872,-2264.136804413133,
2024-07-01,lightgbm_qi_ofi,passive,250,P2,-2348.992528170522,0.0,197.65834779970248,197.65834779970248,-2546.650875970224,
2024-07-01,lightgbm_qi_ofi,passive,250,P3,-2348.992528170522,0.0,395.31669559940497,395.31669559940497,-2744.3092237699266,
2024-07-01,lightgbm_qi_ofi,passive,250,P4,-2348.992528170522,141.2570357785456,395.31669559940497,536.5737313779506,-2885.5662595484723,
2024-07-01,lightgbm_qi_ofi,passive,250,P5,-2348.992528170522,282.5140715570912,790.6333911988099,1073.1474627559012,-3422.139990926423,
2024-07-01,lightgbm_qi_ofi,passive,250,P6,-2348.992528170522,565.0281431141824,1976.5834779970248,2541.611621111207,-4890.604149281729,
2024-07-01,lightgbm_qi_ofi,passive,50,P0,-2788.000988913991,0.0,0.0,0.0,-2788.000988913991,
2024-07-01,lightgbm_qi_ofi,passive,50,P1,-2788.000988913991,-300.78428116964267,0.0,-300.78428116964267,-2487.2167077443482,
2024-07-01,lightgbm_qi_ofi,passive,50,P2,-2788.000988913991,0.0,0.0,0.0,-2788.000988913991,
2024-07-01,lightgbm_qi_ofi,passive,50,P3,-2788.000988913991,0.0,0.0,0.0,-2788.000988913991,
2024-07-01,lightgbm_qi_ofi,passive,50,P4,-2788.000988913991,150.39214058482133,0.0,150.39214058482133,-2938.3931294988124,
2024-07-01,lightgbm_qi_ofi,passive,50,P5,-2788.000988913991,300.78428116964267,0.0,300.78428116964267,-3088.785270083634,
2024-07-01,lightgbm_qi_ofi,passive,50,P6,-2788.000988913991,601.5685623392853,0.0,601.5685623392853,-3389.5695512532766,
2024-07-01,qi_direct_baseline,passive,0,P0,-1035.9125899009377,0.0,0.0,0.0,-1035.9125899009377,
2024-07-01,qi_direct_baseline,passive,0,P1,-1035.9125899009377,-93.97683194270655,0.0,-93.97683194270655,-941.9357579582312,
2024-07-01,qi_direct_baseline,passive,0,P2,-1035.9125899009377,0.0,0.0,0.0,-1035.9125899009377,
2024-07-01,qi_direct_baseline,passive,0,P3,-1035.9125899009377,0.0,0.0,0.0,-1035.9125899009377,
2024-07-01,qi_direct_baseline,passive,0,P4,-1035.9125899009377,46.98841597135328,0.0,46.98841597135328,-1082.901005872291,
2024-07-01,qi_direct_baseline,passive,0,P5,-1035.9125899009377,93.97683194270655,0.0,93.97683194270655,-1129.8894218436444,
2024-07-01,qi_direct_baseline,passive,0,P6,-1035.9125899009377,187.9536638854131,0.0,187.9536638854131,-1223.8662537863509,
2024-07-01,qi_direct_baseline,passive,10,P0,-921.6541381248244,0.0,0.0,0.0,-921.6541381248244,
2024-07-01,qi_direct_baseline,passive,10,P1,-921.6541381248244,-93.95437566616987,0.0,-93.95437566616987,-827.6997624586545,
2024-07-01,qi_direct_baseline,passive,10,P2,-921.6541381248244,0.0,0.0,0.0,-921.6541381248244,
2024-07-01,qi_direct_baseline,passive,10,P3,-921.6541381248244,0.0,0.0,0.0,-921.6541381248244,
2024-07-01,qi_direct_baseline,passive,10,P4,-921.6541381248244,46.97718783308493,0.0,46.97718783308493,-968.6313259579093,
2024-07-01,qi_direct_baseline,passive,10,P5,-921.6541381248244,93.95437566616987,0.0,93.95437566616987,-1015.6085137909943,
2024-07-01,qi_direct_baseline,passive,10,P6,-921.6541381248244,187.90875133233973,0.0,187.90875133233973,-1109.5628894571641,
2024-07-01,qi_direct_baseline,passive,100,P0,151.5554936050612,0.0,0.0,0.0,151.5554936050612,0.0
2024-07-01,qi_direct_baseline,passive,100,P1,151.5554936050612,-101.45065259823163,49.73179186995186,-51.718860728279765,203.27435433334097,-0.34125361937096166
2024-07-01,qi_direct_baseline,passive,100,P2,151.5554936050612,0.0,49.73179186995186,49.73179186995186,101.82370173510934,0.3281424558554641
2024-07-01,qi_direct_baseline,passive,100,P3,151.5554936050612,0.0,99.46358373990373,99.46358373990373,52.091909865157476,0.6562849117109282
2024-07-01,qi_direct_baseline,passive,100,P4,151.5554936050612,50.725326299115814,99.46358373990373,150.18891003901953,1.366583566041669,0.990982949324141
2024-07-01,qi_direct_baseline,passive,100,P5,151.5554936050612,101.45065259823163,198.92716747980745,300.37782007803906,-148.82232647297786,1.981965898648282
2024-07-01,qi_direct_baseline,passive,100,P6,151.5554936050612,202.90130519646326,497.3179186995186,700.2192238959818,-548.6637302909206,4.620216709007492
2024-07-01,qi_direct_baseline,passive,250,P0,-1478.53166434163,0.0,0.0,0.0,-1478.53166434163,
2024-07-01,qi_direct_baseline,passive,250,P1,-1478.53166434163,-99.22076807279991,109.15866075424577,9.93789268144586,-1488.4695570230758,
2024-07-01,qi_direct_baseline,passive,250,P2,-1478.53166434163,0.0,109.15866075424577,109.15866075424577,-1587.6903250958758,
2024-07-01,qi_direct_baseline,passive,250,P3,-1478.53166434163,0.0,218.31732150849155,218.31732150849155,-1696.8489858501216,
2024-07-01,qi_direct_baseline,passive,250,P4,-1478.53166434163,49.61038403639996,218.31732150849155,267.9277055448915,-1746.4593698865215,
2024-07-01,qi_direct_baseline,passive,250,P5,-1478.53166434163,99.22076807279991,436.6346430169831,535.855411089783,-2014.387075431413,
2024-07-01,qi_direct_baseline,passive,250,P6,-1478.53166434163,198.44153614559983,1091.5866075424578,1290.0281436880578,-2768.5598080296877,
2024-07-01,qi_direct_baseline,passive,50,P0,-827.7040411124326,0.0,0.0,0.0,-827.7040411124326,
2024-07-01,qi_direct_baseline,passive,50,P1,-827.7040411124326,-89.93891239037328,0.0,-89.93891239037328,-737.7651287220593,
2024-07-01,qi_direct_baseline,passive,50,P2,-827.7040411124326,0.0,0.0,0.0,-827.7040411124326,
2024-07-01,qi_direct_baseline,passive,50,P3,-827.7040411124326,0.0,0.0,0.0,-827.7040411124326,
2024-07-01,qi_direct_baseline,passive,50,P4,-827.7040411124326,44.96945619518664,0.0,44.96945619518664,-872.6734973076193,
2024-07-01,qi_direct_baseline,passive,50,P5,-827.7040411124326,89.93891239037328,0.0,89.93891239037328,-917.6429535028059,
2024-07-01,qi_direct_baseline,passive,50,P6,-827.7040411124326,179.87782478074655,0.0,179.87782478074655,-1007.5818658931792,
