date,model,mode,latency_ms,fee_bps,gross_pnl,taker_fees,total_fees,net_pnl,turnover,net_pnl_bps_of_turnover
2024-07-01,lightgbm_extended,market,0,0.0,5720.895120207824,0.0,0.0,5720.895120207824,206518401.8921641,0.27701624009249565
2024-07-01,lightgbm_extended,market,0,0.1,5720.895120207824,2065.1840189216414,2065.1840189216414,3655.711101286183,206518401.8921641,0.17701624009249564
2024-07-01,lightgbm_extended,market,0,0.25,5720.895120207824,5162.960047304103,5162.960047304103,557.9350729037214,206518401.8921641,0.027016240092495654
2024-07-01,lightgbm_extended,market,0,0.5,5720.895120207824,10325.920094608206,10325.920094608206,-4605.024974400381,206518401.8921641,-0.22298375990750435
2024-07-01,lightgbm_extended,market,0,1.0,5720.895120207824,20651.84018921641,20651.84018921641,-14930.945069008587,206518401.8921641,-0.7229837599075043
2024-07-01,lightgbm_extended,market,0,2.0,5720.895120207824,41303.68037843282,41303.68037843282,-35582.785258225,206518401.8921641,-1.7229837599075042
2024-07-01,lightgbm_extended,market,0,5.0,5720.895120207824,103259.20094608206,103259.20094608206,-97538.30582587424,206518401.8921641,-4.722983759907505
2024-07-01,lightgbm_extended,market,0,10.0,5720.895120207824,206518.4018921641,206518.4018921641,-200797.50677195628,206518401.8921641,-9.722983759907503
2024-07-01,lightgbm_extended,market,10,0.0,5720.895120207824,0.0,0.0,5720.895120207824,206518401.8921641,0.27701624009249565
2024-07-01,lightgbm_extended,market,10,0.1,5720.895120207824,2065.1840189216414,2065.1840189216414,3655.711101286183,206518401.8921641,0.17701624009249564
2024-07-01,lightgbm_extended,market,10,0.25,5720.895120207824,5162.960047304103,5162.960047304103,557.9350729037214,206518401.8921641,0.027016240092495654
2024-07-01,lightgbm_extended,market,10,0.5,5720.895120207824,10325.920094608206,10325.920094608206,-4605.024974400381,206518401.8921641,-0.22298375990750435
2024-07-01,lightgbm_extended,market,10,1.0,5720.895120207824,20651.84018921641,20651.84018921641,-14930.945069008587,206518401.8921641,-0.7229837599075043
2024-07-01,lightgbm_extended,market,10,2.0,5720.895120207824,41303.68037843282,41303.68037843282,-35582.785258225,206518401.8921641,-1.7229837599075042
2024-07-01,lightgbm_extended,market,10,5.0,5720.895120207824,103259.20094608206,103259.20094608206,-97538.30582587424,206518401.8921641,-4.722983759907505
2024-07-01,lightgbm_extended,market,10,10.0,5720.895120207824,206518.4018921641,206518.4018921641,-200797.50677195628,206518401.8921641,-9.722983759907503
2024-07-01,lightgbm_extended,market,100,0.0,5264.311049242642,0.0,0.0,5264.311049242642,206446116.54784513,0.2549968552216678
2024-07-01,lightgbm_extended,market,100,0.1,5264.311049242642,2064.4611654784517,2064.4611654784517,3199.8498837641905,206446116.54784513,0.15499685522166778
2024-07-01,lightgbm_extended,market,100,0.25,5264.311049242642,5161.152913696128,5161.152913696128,103.15813554651413,206446116.54784513,0.0049968552216678105
2024-07-01,lightgbm_extended,market,100,0.5,5264.311049242642,10322.305827392256,10322.305827392256,-5057.994778149614,206446116.54784513,-0.24500314477833218
2024-07-01,lightgbm_extended,market,100,1.0,5264.311049242642,20644.611654784512,20644.611654784512,-15380.30060554187,206446116.54784513,-0.7450031447783322
2024-07-01,lightgbm_extended,market,100,2.0,5264.311049242642,41289.223309569024,41289.223309569024,-36024.91226032638,206446116.54784513,-1.7450031447783323
2024-07-01,lightgbm_extended,market,100,5.0,5264.311049242642,103223.05827392256,103223.05827392256,-97958.74722467992,206446116.54784513,-4.745003144778332
2024-07-01,lightgbm_extended,market,100,10.0,5264.311049242642,206446.11654784513,206446.11654784513,-201181.80549860248,206446116.54784513,-9.745003144778332
2024-07-01,lightgbm_extended,market,250,0.0,4327.789911211177,0.0,0.0,4327.789911211177,206540804.06439528,0.209536799801644
2024-07-01,lightgbm_extended,market,250,0.1,4327.789911211177,2065.408040643953,2065.408040643953,2262.3818705672243,206540804.06439528,0.10953679980164399
2024-07-01,lightgbm_extended,market,250,0.25,4327.789911211177,5163.520101609882,5163.520101609882,-835.7301903987045,206540804.06439528,-0.040463200198355996
2024-07-01,lightgbm_extended,market,250,0.5,4327.789911211177,10327.040203219763,10327.040203219763,-5999.250292008586,206540804.06439528,-0.290463200198356
2024-07-01,lightgbm_extended,market,250,1.0,4327.789911211177,20654.080406439527,20654.080406439527,-16326.29049522835,206540804.06439528,-0.790463200198356
2024-07-01,lightgbm_extended,market,250,2.0,4327.789911211177,41308.160812879054,41308.160812879054,-36980.37090166788,206540804.06439528,-1.7904632001983558
2024-07-01,lightgbm_extended,market,250,5.0,4327.789911211177,103270.40203219764,103270.40203219764,-98942.61212098647,206540804.06439528,-4.7904632001983565
2024-07-01,lightgbm_extended,market,250,10.0,4327.789911211177,206540.80406439528,206540.80406439528,-202213.0141531841,206540804.06439528,-9.790463200198356
2024-07-01,lightgbm_extended,market,50,0.0,5720.895120207824,0.0,0.0,5720.895120207824,206518401.8921641,0.27701624009249565
2024-07-01,lightgbm_extended,market,50,0.1,5720.895120207824,2065.1840189216414,2065.1840189216414,3655.711101286183,206518401.8921641,0.17701624009249564
2024-07-01,lightgbm_extended,market,50,0.25,5720.895120207824,5162.960047304103,5162.960047304103,557.9350729037214,206518401.8921641,0.027016240092495654
2024-07-01,lightgbm_extended,market,50,0.5,5720.895120207824,10325.920094608206,10325.920094608206,-4605.024974400381,206518401.8921641,-0.22298375990750435
2024-07-01,lightgbm_extended,market,50,1.0,5720.895120207824,20651.84018921641,20651.84018921641,-14930.945069008587,206518401.8921641,-0.7229837599075043
2024-07-01,lightgbm_extended,market,50,2.0,5720.895120207824,41303.68037843282,41303.68037843282,-35582.785258225,206518401.8921641,-1.7229837599075042
2024-07-01,lightgbm_extended,market,50,5.0,5720.895120207824,103259.20094608206,103259.20094608206,-97538.30582587424,206518401.8921641,-4.722983759907505
2024-07-01,lightgbm_extended,market,50,10.0,5720.895120207824,206518.4018921641,206518.4018921641,-200797.50677195628,206518401.8921641,-9.722983759907503
2024-07-01,lightgbm_qi_ofi,market,0,0.0,5550.258410920898,0.0,0.0,5550.258410920898,219850080.70557386,0.2524565100503137
2024-07-01,lightgbm_qi_ofi,market,0,0.1,5550.258410920898,2198.5008070557387,2198.5008070557387,3351.7576038651596,219850080.70557386,0.1524565100503137
2024-07-01,lightgbm_qi_ofi,market,0,0.25,5550.258410920898,5496.252017639346,5496.252017639346,54.00639328155194,219850080.70557386,0.002456510050313696
2024-07-01,lightgbm_qi_ofi,market,0,0.5,5550.258410920898,10992.504035278693,10992.504035278693,-5442.245624357794,219850080.70557386,-0.2475434899496863
2024-07-01,lightgbm_qi_ofi,market,0,1.0,5550.258410920898,21985.008070557386,21985.008070557386,-16434.749659636487,219850080.70557386,-0.7475434899496863
2024-07-01,lightgbm_qi_ofi,market,0,2.0,5550.258410920898,43970.01614111477,43970.01614111477,-38419.75773019387,219850080.70557386,-1.7475434899496864
2024-07-01,lightgbm_qi_ofi,market,0,5.0,5550.258410920898,109925.04035278692,109925.04035278692,-104374.78194186602,219850080.70557386,-4.747543489949686
2024-07-01,lightgbm_qi_ofi,market,0,10.0,5550.258410920898,219850.08070557384,219850.08070557384,-214299.82229465293,219850080.70557386,-9.747543489949685
2024-07-01,lightgbm_qi_ofi,market,10,0.0,5550.258410920898,0.0,0.0,5550.258410920898,219850080.70557386,0.2524565100503137
2024-07-01,lightgbm_qi_ofi,market,10,0.1,5550.258410920898,2198.5008070557387,2198.5008070557387,3351.7576038651596,219850080.70557386,0.1524565100503137
2024-07-01,lightgbm_qi_ofi,market,10,0.25,5550.258410920898,5496.252017639346,5496.252017639346,54.00639328155194,219850080.70557386,0.002456510050313696
2024-07-01,lightgbm_qi_ofi,market,10,0.5,5550.258410920898,10992.504035278693,10992.504035278693,-5442.245624357794,219850080.70557386,-0.2475434899496863
2024-07-01,lightgbm_qi_ofi,market,10,1.0,5550.258410920898,21985.008070557386,21985.008070557386,-16434.749659636487,219850080.70557386,-0.7475434899496863
2024-07-01,lightgbm_qi_ofi,market,10,2.0,5550.258410920898,43970.01614111477,43970.01614111477,-38419.75773019387,219850080.70557386,-1.7475434899496864
2024-07-01,lightgbm_qi_ofi,market,10,5.0,5550.258410920898,109925.04035278692,109925.04035278692,-104374.78194186602,219850080.70557386,-4.747543489949686
2024-07-01,lightgbm_qi_ofi,market,10,10.0,5550.258410920898,219850.08070557384,219850.08070557384,-214299.82229465293,219850080.70557386,-9.747543489949685
2024-07-01,lightgbm_qi_ofi,market,100,0.0,5323.436535794204,0.0,0.0,5323.436535794204,219792552.9203605,0.24220277097937412
2024-07-01,lightgbm_qi_ofi,market,100,0.1,5323.436535794204,2197.9255292036055,2197.9255292036055,3125.5110065905988,219792552.9203605,0.14220277097937412
2024-07-01,lightgbm_qi_ofi,market,100,0.25,5323.436535794204,5494.813823009013,5494.813823009013,-171.37728721480835,219792552.9203605,-0.007797229020625875
2024-07-01,lightgbm_qi_ofi,market,100,0.5,5323.436535794204,10989.627646018025,10989.627646018025,-5666.191110223821,219792552.9203605,-0.25779722902062585
2024-07-01,lightgbm_qi_ofi,market,100,1.0,5323.436535794204,21979.25529203605,21979.25529203605,-16655.818756241846,219792552.9203605,-0.7577972290206259
2024-07-01,lightgbm_qi_ofi,market,100,2.0,5323.436535794204,43958.5105840721,43958.5105840721,-38635.07404827789,219792552.9203605,-1.7577972290206259
2024-07-01,lightgbm_qi_ofi,market,100,5.0,5323.436535794204,109896.27646018026,109896.27646018026,-104572.83992438606,219792552.9203605,-4.7577972290206265
2024-07-01,lightgbm_qi_ofi,market,100,10.0,5323.436535794204,219792.55292036053,219792.55292036053,-214469.11638456632,219792552.9203605,-9.757797229020627
2024-07-01,lightgbm_qi_ofi,market,250,0.0,4432.70561762869,0.0,0.0,4432.70561762869,219860458.7067164,0.2016144987463031
2024-07-01,lightgbm_qi_ofi,market,250,0.1,4432.70561762869,2198.604587067164,2198.604587067164,2234.1010305615255,219860458.7067164,0.10161449874630309
2024-07-01,lightgbm_qi_ofi,market,250,0.25,4432.70561762869,5496.5114676679095,5496.5114676679095,-1063.8058500392199,219860458.7067164,-0.048385501253696894
2024-07-01,lightgbm_qi_ofi,market,250,0.5,4432.70561762869,10993.022935335819,10993.022935335819,-6560.317317707129,219860458.7067164,-0.2983855012536969
2024-07-01,lightgbm_qi_ofi,market,250,1.0,4432.70561762869,21986.045870671638,21986.045870671638,-17553.34025304295,219860458.7067164,-0.7983855012536969
2024-07-01,lightgbm_qi_ofi,market,250,2.0,4432.70561762869,43972.091741343276,43972.091741343276,-39539.38612371459,219860458.7067164,-1.798385501253697
2024-07-01,lightgbm_qi_ofi,market,250,5.0,4432.70561762869,109930.2293533582,109930.2293533582,-105497.52373572951,219860458.7067164,-4.798385501253698
2024-07-01,lightgbm_qi_ofi,market,250,10.0,4432.70561762869,219860.4587067164,219860.4587067164,-215427.7530890877,219860458.7067164,-9.798385501253698
2024-07-01,lightgbm_qi_ofi,market,50,0.0,5550.258410920898,0.0,0.0,5550.258410920898,219850080.70557386,0.2524565100503137
2024-07-01,lightgbm_qi_ofi,market,50,0.1,5550.258410920898,2198.5008070557387,2198.5008070557387,3351.7576038651596,219850080.70557386,0.1524565100503137
2024-07-01,lightgbm_qi_ofi,market,50,0.25,5550.258410920898,5496.252017639346,5496.252017639346,54.00639328155194,219850080.70557386,0.002456510050313696
2024-07-01,lightgbm_qi_ofi,market,50,0.5,5550.258410920898,10992.504035278693,10992.504035278693,-5442.245624357794,219850080.70557386,-0.2475434899496863
2024-07-01,lightgbm_qi_ofi,market,50,1.0,5550.258410920898,21985.008070557386,21985.008070557386,-16434.749659636487,219850080.70557386,-0.7475434899496863
2024-07-01,lightgbm_qi_ofi,market,50,2.0,5550.258410920898,43970.01614111477,43970.01614111477,-38419.75773019387,219850080.70557386,-1.7475434899496864
2024-07-01,lightgbm_qi_ofi,market,50,5.0,5550.258410920898,109925.04035278692,109925.04035278692,-104374.78194186602,219850080.70557386,-4.747543489949686
2024-07-01,lightgbm_qi_ofi,market,50,10.0,5550.258410920898,219850.08070557384,219850.08070557384,-214299.82229465293,219850080.70557386,-9.747543489949685
2024-07-01,qi_direct_baseline,market,0,0.0,5374.277072860903,0.0,0.0,5374.277072860903,142876210.0156418,0.3761491904266314
2024-07-01,qi_direct_baseline,market,0,0.1,5374.277072860903,1428.7621001564182,1428.7621001564182,3945.5149727044845,142876210.0156418,0.2761491904266314
2024-07-01,qi_direct_baseline,market,0,0.25,5374.277072860903,3571.9052503910452,3571.9052503910452,1802.3718224698578,142876210.0156418,0.1261491904266314
2024-07-01,qi_direct_baseline,market,0,0.5,5374.277072860903,7143.8105007820905,7143.8105007820905,-1769.5334279211875,142876210.0156418,-0.12385080957336861
2024-07-01,qi_direct_baseline,market,0,1.0,5374.277072860903,14287.621001564181,14287.621001564181,-8913.343928703278,142876210.0156418,-0.6238508095733686
2024-07-01,qi_direct_baseline,market,0,2.0,5374.277072860903,28575.242003128362,28575.242003128362,-23200.96493026746,142876210.0156418,-1.6238508095733686
2024-07-01,qi_direct_baseline,market,0,5.0,5374.277072860903,71438.10500782091,71438.10500782091,-66063.82793496,142876210.0156418,-4.623850809573368
2024-07-01,qi_direct_baseline,market,0,10.0,5374.277072860903,142876.21001564182,142876.21001564182,-137501.9329427809,142876210.0156418,-9.623850809573367
2024-07-01,qi_direct_baseline,market,10,0.0,5374.277072860903,0.0,0.0,5374.277072860903,142876210.0156418,0.3761491904266314
2024-07-01,qi_direct_baseline,market,10,0.1,5374.277072860903,1428.7621001564182,1428.7621001564182,3945.5149727044845,142876210.0156418,0.2761491904266314
2024-07-01,qi_direct_baseline,market,10,0.25,5374.277072860903,3571.9052503910452,3571.9052503910452,1802.3718224698578,142876210.0156418,0.1261491904266314
2024-07-01,qi_direct_baseline,market,10,0.5,5374.277072860903,7143.8105007820905,7143.8105007820905,-1769.5334279211875,142876210.0156418,-0.12385080957336861
2024-07-01,qi_direct_baseline,market,10,1.0,5374.277072860903,14287.621001564181,14287.621001564181,-8913.343928703278,142876210.0156418,-0.6238508095733686
2024-07-01,qi_direct_baseline,market,10,2.0,5374.277072860903,28575.242003128362,28575.242003128362,-23200.96493026746,142876210.0156418,-1.6238508095733686
2024-07-01,qi_direct_baseline,market,10,5.0,5374.277072860903,71438.10500782091,71438.10500782091,-66063.82793496,142876210.0156418,-4.623850809573368
2024-07-01,qi_direct_baseline,market,10,10.0,5374.277072860903,142876.21001564182,142876.21001564182,-137501.9329427809,142876210.0156418,-9.623850809573367
2024-07-01,qi_direct_baseline,market,100,0.0,5177.823381225753,0.0,0.0,5177.823381225753,142879876.99890685,0.3623899663117268
2024-07-01,qi_direct_baseline,market,100,0.1,5177.823381225753,1428.7987699890687,1428.7987699890687,3749.0246112366844,142879876.99890685,0.26238996631172684
2024-07-01,qi_direct_baseline,market,100,0.25,5177.823381225753,3571.9969249726714,3571.9969249726714,1605.8264562530817,142879876.99890685,0.11238996631172685
2024-07-01,qi_direct_baseline,market,100,0.5,5177.823381225753,7143.993849945343,7143.993849945343,-1966.1704687195897,142879876.99890685,-0.13761003368827315
2024-07-01,qi_direct_baseline,market,100,1.0,5177.823381225753,14287.987699890686,14287.987699890686,-9110.164318664933,142879876.99890685,-0.6376100336882732
2024-07-01,qi_direct_baseline,market,100,2.0,5177.823381225753,28575.97539978137,28575.97539978137,-23398.15201855562,142879876.99890685,-1.6376100336882733
2024-07-01,qi_direct_baseline,market,100,5.0,5177.823381225753,71439.93849945342,71439.93849945342,-66262.11511822767,142879876.99890685,-4.637610033688273
2024-07-01,qi_direct_baseline,market,100,10.0,5177.823381225753,142879.87699890684,142879.87699890684,-137702.0536176811,142879876.99890685,-9.637610033688272
2024-07-01,qi_direct_baseline,market,250,0.0,4267.334070700442,0.0,0.0,4267.334070700442,142952045.4788868,0.2985150759056961
2024-07-01,qi_direct_baseline,market,250,0.1,4267.334070700442,1429.5204547888682,1429.5204547888682,2837.813615911574,142952045.4788868,0.1985150759056961
2024-07-01,qi_direct_baseline,market,250,0.25,4267.334070700442,3573.8011369721703,3573.8011369721703,693.5329337282715,142952045.4788868,0.0485150759056961
2024-07-01,qi_direct_baseline,market,250,0.5,4267.334070700442,7147.602273944341,7147.602273944341,-2880.268203243899,142952045.4788868,-0.2014849240943039
2024-07-01,qi_direct_baseline,market,250,1.0,4267.334070700442,14295.204547888681,14295.204547888681,-10027.87047718824,142952045.4788868,-0.7014849240943039
2024-07-01,qi_direct_baseline,market,250,2.0,4267.334070700442,28590.409095777362,28590.409095777362,-24323.07502507692,142952045.4788868,-1.7014849240943037
2024-07-01,qi_direct_baseline,market,250,5.0,4267.334070700442,71476.0227394434,71476.0227394434,-67208.68866874297,142952045.4788868,-4.701484924094304
2024-07-01,qi_direct_baseline,market,250,10.0,4267.334070700442,142952.0454788868,142952.0454788868,-138684.71140818635,142952045.4788868,-9.701484924094302
2024-07-01,qi_direct_baseline,market,50,0.0,5374.277072860903,0.0,0.0,5374.277072860903,142876210.0156418,0.3761491904266314
2024-07-01,qi_direct_baseline,market,50,0.1,5374.277072860903,1428.7621001564182,1428.7621001564182,3945.5149727044845,142876210.0156418,0.2761491904266314
2024-07-01,qi_direct_baseline,market,50,0.25,5374.277072860903,3571.9052503910452,3571.9052503910452,1802.3718224698578,142876210.0156418,0.1261491904266314
2024-07-01,qi_direct_baseline,market,50,0.5,5374.277072860903,7143.8105007820905,7143.8105007820905,-1769.5334279211875,142876210.0156418,-0.12385080957336861
2024-07-01,qi_direct_baseline,market,50,1.0,5374.277072860903,14287.621001564181,14287.621001564181,-8913.343928703278,142876210.0156418,-0.6238508095733686
2024-07-01,qi_direct_baseline,market,50,2.0,5374.277072860903,28575.242003128362,28575.242003128362,-23200.96493026746,142876210.0156418,-1.6238508095733686
2024-07-01,qi_direct_baseline,market,50,5.0,5374.277072860903,71438.10500782091,71438.10500782091,-66063.82793496,142876210.0156418,-4.623850809573368
2024-07-01,qi_direct_baseline,market,50,10.0,5374.277072860903,142876.21001564182,142876.21001564182,-137501.9329427809,142876210.0156418,-9.623850809573367
