date,model,mode,latency_ms,terminal_mark_shock_bps,terminal_equity_delta,shocked_terminal_equity
2024-07-01,lightgbm_extended,market,0,-10.0,43.66824361938561,5764.56336382721
2024-07-01,lightgbm_extended,market,0,-5.0,21.834121809692807,5742.729242017517
2024-07-01,lightgbm_extended,market,0,0.0,-0.0,5720.895120207824
2024-07-01,lightgbm_extended,market,0,5.0,-21.834121809692807,5699.060998398131
2024-07-01,lightgbm_extended,market,0,10.0,-43.66824361938561,5677.226876588438
2024-07-01,lightgbm_extended,market,10,-10.0,43.66824361938561,5764.56336382721
2024-07-01,lightgbm_extended,market,10,-5.0,21.834121809692807,5742.729242017517
2024-07-01,lightgbm_extended,market,10,0.0,-0.0,5720.895120207824
2024-07-01,lightgbm_extended,market,10,5.0,-21.834121809692807,5699.060998398131
2024-07-01,lightgbm_extended,market,10,10.0,-43.66824361938561,5677.226876588438
2024-07-01,lightgbm_extended,market,100,-10.0,-23.727623242324043,5240.5834260003185
2024-07-01,lightgbm_extended,market,100,-5.0,-11.863811621162021,5252.44723762148
2024-07-01,lightgbm_extended,market,100,0.0,0.0,5264.311049242642
2024-07-01,lightgbm_extended,market,100,5.0,11.863811621162021,5276.1748608638045
2024-07-01,lightgbm_extended,market,100,10.0,23.727623242324043,5288.038672484966
2024-07-01,lightgbm_extended,market,250,-10.0,-44.0430261567857,4283.746885054392
2024-07-01,lightgbm_extended,market,250,-5.0,-22.02151307839285,4305.768398132785
2024-07-01,lightgbm_extended,market,250,0.0,0.0,4327.789911211177
2024-07-01,lightgbm_extended,market,250,5.0,22.02151307839285,4349.81142428957
2024-07-01,lightgbm_extended,market,250,10.0,44.0430261567857,4371.832937367963
2024-07-01,lightgbm_extended,market,50,-10.0,43.66824361938561,5764.56336382721
2024-07-01,lightgbm_extended,market,50,-5.0,21.834121809692807,5742.729242017517
2024-07-01,lightgbm_extended,market,50,0.0,-0.0,5720.895120207824
2024-07-01,lightgbm_extended,market,50,5.0,-21.834121809692807,5699.060998398131
2024-07-01,lightgbm_extended,market,50,10.0,-43.66824361938561,5677.226876588438
2024-07-01,lightgbm_qi_ofi,market,0,-10.0,45.64654196617802,5595.904952887076
2024-07-01,lightgbm_qi_ofi,market,0,-5.0,22.82327098308901,5573.081681903987
2024-07-01,lightgbm_qi_ofi,market,0,0.0,-0.0,5550.258410920898
2024-07-01,lightgbm_qi_ofi,market,0,5.0,-22.82327098308901,5527.435139937809
2024-07-01,lightgbm_qi_ofi,market,0,10.0,-45.64654196617802,5504.61186895472
2024-07-01,lightgbm_qi_ofi,market,10,-10.0,45.64654196617802,5595.904952887076
2024-07-01,lightgbm_qi_ofi,market,10,-5.0,22.82327098308901,5573.081681903987
2024-07-01,lightgbm_qi_ofi,market,10,0.0,-0.0,5550.258410920898
2024-07-01,lightgbm_qi_ofi,market,10,5.0,-22.82327098308901,5527.435139937809
2024-07-01,lightgbm_qi_ofi,market,10,10.0,-45.64654196617802,5504.61186895472
2024-07-01,lightgbm_qi_ofi,market,100,-10.0,-17.281728804156792,5306.154806990047
2024-07-01,lightgbm_qi_ofi,market,100,-5.0,-8.640864402078396,5314.795671392126
2024-07-01,lightgbm_qi_ofi,market,100,0.0,0.0,5323.436535794204
2024-07-01,lightgbm_qi_ofi,market,100,5.0,8.640864402078396,5332.077400196283
2024-07-01,lightgbm_qi_ofi,market,100,10.0,17.281728804156792,5340.718264598361
2024-07-01,lightgbm_qi_ofi,market,250,-10.0,-32.65419463124885,4400.051422997441
2024-07-01,lightgbm_qi_ofi,market,250,-5.0,-16.327097315624425,4416.378520313066
2024-07-01,lightgbm_qi_ofi,market,250,0.0,0.0,4432.70561762869
2024-07-01,lightgbm_qi_ofi,market,250,5.0,16.327097315624425,4449.032714944314
2024-07-01,lightgbm_qi_ofi,market,250,10.0,32.65419463124885,4465.359812259939
2024-07-01,lightgbm_qi_ofi,market,50,-10.0,45.64654196617802,5595.904952887076
2024-07-01,lightgbm_qi_ofi,market,50,-5.0,22.82327098308901,5573.081681903987
2024-07-01,lightgbm_qi_ofi,market,50,0.0,-0.0,5550.258410920898
2024-07-01,lightgbm_qi_ofi,market,50,5.0,-22.82327098308901,5527.435139937809
2024-07-01,lightgbm_qi_ofi,market,50,10.0,-45.64654196617802,5504.61186895472
2024-07-01,qi_direct_baseline,market,0,-10.0,84.27004616527748,5458.547119026181
2024-07-01,qi_direct_baseline,market,0,-5.0,42.13502308263874,5416.412095943541
2024-07-01,qi_direct_baseline,market,0,0.0,-0.0,5374.277072860903
2024-07-01,qi_direct_baseline,market,0,5.0,-42.13502308263874,5332.142049778265
2024-07-01,qi_direct_baseline,market,0,10.0,-84.27004616527748,5290.007026695625
2024-07-01,qi_direct_baseline,market,10,-10.0,84.27004616527748,5458.547119026181
2024-07-01,qi_direct_baseline,market,10,-5.0,42.13502308263874,5416.412095943541
2024-07-01,qi_direct_baseline,market,10,0.0,-0.0,5374.277072860903
2024-07-01,qi_direct_baseline,market,10,5.0,-42.13502308263874,5332.142049778265
2024-07-01,qi_direct_baseline,market,10,10.0,-84.27004616527748,5290.007026695625
2024-07-01,qi_direct_baseline,market,100,-10.0,66.3949155437659,5244.218296769519
2024-07-01,qi_direct_baseline,market,100,-5.0,33.19745777188295,5211.020838997636
2024-07-01,qi_direct_baseline,market,100,0.0,-0.0,5177.823381225753
2024-07-01,qi_direct_baseline,market,100,5.0,-33.19745777188295,5144.62592345387
2024-07-01,qi_direct_baseline,market,100,10.0,-66.3949155437659,5111.428465681987
2024-07-01,qi_direct_baseline,market,250,-10.0,-8.481270655168702,4258.852800045273
2024-07-01,qi_direct_baseline,market,250,-5.0,-4.240635327584351,4263.093435372857
2024-07-01,qi_direct_baseline,market,250,0.0,0.0,4267.334070700442
2024-07-01,qi_direct_baseline,market,250,5.0,4.240635327584351,4271.574706028026
2024-07-01,qi_direct_baseline,market,250,10.0,8.481270655168702,4275.81534135561
2024-07-01,qi_direct_baseline,market,50,-10.0,84.27004616527748,5458.547119026181
2024-07-01,qi_direct_baseline,market,50,-5.0,42.13502308263874,5416.412095943541
2024-07-01,qi_direct_baseline,market,50,0.0,-0.0,5374.277072860903
2024-07-01,qi_direct_baseline,market,50,5.0,-42.13502308263874,5332.142049778265
2024-07-01,qi_direct_baseline,market,50,10.0,-84.27004616527748,5290.007026695625
2024-07-01,lightgbm_extended,passive,0,-10.0,-752.1372801019819,-4382.4016101825755
2024-07-01,lightgbm_extended,passive,0,-5.0,-376.06864005099095,-4006.3329701315847
2024-07-01,lightgbm_extended,passive,0,0.0,0.0,-3630.264330080594
2024-07-01,lightgbm_extended,passive,0,5.0,376.06864005099095,-3254.195690029603
2024-07-01,lightgbm_extended,passive,0,10.0,752.1372801019819,-2878.127049978612
2024-07-01,lightgbm_extended,passive,10,-10.0,-716.1442438147601,-4061.099459293658
2024-07-01,lightgbm_extended,passive,10,-5.0,-358.07212190738005,-3703.0273373862783
2024-07-01,lightgbm_extended,passive,10,0.0,0.0,-3344.955215478898
2024-07-01,lightgbm_extended,passive,10,5.0,358.07212190738005,-2986.8830935715177
2024-07-01,lightgbm_extended,passive,10,10.0,716.1442438147601,-2628.810971664138
2024-07-01,lightgbm_extended,passive,100,-10.0,-486.3623991597961,-3058.191092188219
2024-07-01,lightgbm_extended,passive,100,-5.0,-243.18119957989805,-2815.009892608321
2024-07-01,lightgbm_extended,passive,100,0.0,0.0,-2571.828693028423
2024-07-01,lightgbm_extended,passive,100,5.0,243.18119957989805,-2328.647493448525
2024-07-01,lightgbm_extended,passive,100,10.0,486.3623991597961,-2085.466293868627
2024-07-01,lightgbm_extended,passive,250,-10.0,-651.4450440789019,-4091.7436535824468
2024-07-01,lightgbm_extended,passive,250,-5.0,-325.72252203945095,-3766.021131542996
2024-07-01,lightgbm_extended,passive,250,0.0,0.0,-3440.298609503545
2024-07-01,lightgbm_extended,passive,250,5.0,325.72252203945095,-3114.5760874640937
2024-07-01,lightgbm_extended,passive,250,10.0,651.4450440789019,-2788.853565424643
2024-07-01,lightgbm_extended,passive,50,-10.0,-657.1274000104381,-4006.950429489217
2024-07-01,lightgbm_extended,passive,50,-5.0,-328.56370000521906,-3678.3867294839984
2024-07-01,lightgbm_extended,passive,50,0.0,0.0,-3349.823029478779
2024-07-01,lightgbm_extended,passive,50,5.0,328.56370000521906,-3021.25932947356
2024-07-01,lightgbm_extended,passive,50,10.0,657.1274000104381,-2692.695629468341
2024-07-01,lightgbm_qi_ofi,passive,0,-10.0,-574.2959599656781,-3654.8033960209023
2024-07-01,lightgbm_qi_ofi,passive,0,-5.0,-287.14797998283905,-3367.6554160380633
2024-07-01,lightgbm_qi_ofi,passive,0,0.0,0.0,-3080.5074360552244
2024-07-01,lightgbm_qi_ofi,passive,0,5.0,287.14797998283905,-2793.3594560723855
2024-07-01,lightgbm_qi_ofi,passive,0,10.0,574.2959599656781,-2506.2114760895465
2024-07-01,lightgbm_qi_ofi,passive,10,-10.0,-550.0723536593655,-3291.748723610472
2024-07-01,lightgbm_qi_ofi,passive,10,-5.0,-275.03617682968274,-3016.712546780789
2024-07-01,lightgbm_qi_ofi,passive,10,0.0,0.0,-2741.6763699511066
2024-07-01,lightgbm_qi_ofi,passive,10,5.0,275.03617682968274,-2466.640193121424
2024-07-01,lightgbm_qi_ofi,passive,10,10.0,550.0723536593655,-2191.604016291741
2024-07-01,lightgbm_qi_ofi,passive,100,-10.0,-366.01934444227,-2544.2825699169557
2024-07-01,lightgbm_qi_ofi,passive,100,-5.0,-183.009672221135,-2361.272897695821
2024-07-01,lightgbm_qi_ofi,passive,100,0.0,0.0,-2178.263225474686
2024-07-01,lightgbm_qi_ofi,passive,100,5.0,183.009672221135,-1995.253553253551
2024-07-01,lightgbm_qi_ofi,passive,100,10.0,366.01934444227,-1812.2438810324159
2024-07-01,lightgbm_qi_ofi,passive,250,-10.0,-329.27064133713213,-2678.263169507654
2024-07-01,lightgbm_qi_ofi,passive,250,-5.0,-164.63532066856607,-2513.627848839088
2024-07-01,lightgbm_qi_ofi,passive,250,0.0,0.0,-2348.992528170522
2024-07-01,lightgbm_qi_ofi,passive,250,5.0,164.63532066856607,-2184.3572075019556
2024-07-01,lightgbm_qi_ofi,passive,250,10.0,329.27064133713213,-2019.7218868333898
2024-07-01,lightgbm_qi_ofi,passive,50,-10.0,-449.27057155831307,-3237.271560472304
2024-07-01,lightgbm_qi_ofi,passive,50,-5.0,-224.63528577915653,-3012.6362746931477
2024-07-01,lightgbm_qi_ofi,passive,50,0.0,0.0,-2788.000988913991
2024-07-01,lightgbm_qi_ofi,passive,50,5.0,224.63528577915653,-2563.3657031348343
2024-07-01,lightgbm_qi_ofi,passive,50,10.0,449.27057155831307,-2338.730417355678
2024-07-01,qi_direct_baseline,passive,0,-10.0,-122.2769570037534,-1158.189546904691
2024-07-01,qi_direct_baseline,passive,0,-5.0,-61.1384785018767,-1097.0510684028145
2024-07-01,qi_direct_baseline,passive,0,0.0,0.0,-1035.9125899009377
2024-07-01,qi_direct_baseline,passive,0,5.0,61.1384785018767,-974.7741113990611
2024-07-01,qi_direct_baseline,passive,0,10.0,122.2769570037534,-913.6356328971843
2024-07-01,qi_direct_baseline,passive,10,-10.0,-112.52977193353946,-1034.1839100583638
2024-07-01,qi_direct_baseline,passive,10,-5.0,-56.26488596676973,-977.9190240915941
2024-07-01,qi_direct_baseline,passive,10,0.0,0.0,-921.6541381248244
2024-07-01,qi_direct_baseline,passive,10,5.0,56.26488596676973,-865.3892521580547
2024-07-01,qi_direct_baseline,passive,10,10.0,112.52977193353946,-809.1243661912849
2024-07-01,qi_direct_baseline,passive,100,-10.0,-201.58029310121282,-50.024799496151616
2024-07-01,qi_direct_baseline,passive,100,-5.0,-100.79014655060641,50.76534705445479
2024-07-01,qi_direct_baseline,passive,100,0.0,0.0,151.5554936050612
2024-07-01,qi_direct_baseline,passive,100,5.0,100.79014655060641,252.3456401556676
2024-07-01,qi_direct_baseline,passive,100,10.0,201.58029310121282,353.135786706274
2024-07-01,qi_direct_baseline,passive,250,-10.0,-231.77888484869823,-1710.3105491903282
2024-07-01,qi_direct_baseline,passive,250,-5.0,-115.88944242434911,-1594.421106765979
2024-07-01,qi_direct_baseline,passive,250,0.0,0.0,-1478.53166434163
2024-07-01,qi_direct_baseline,passive,250,5.0,115.88944242434911,-1362.642221917281
2024-07-01,qi_direct_baseline,passive,250,10.0,231.77888484869823,-1246.7527794929317
2024-07-01,qi_direct_baseline,passive,50,-10.0,-114.18346882669269,-941.8875099391253
2024-07-01,qi_direct_baseline,passive,50,-5.0,-57.091734413346344,-884.7957755257789
2024-07-01,qi_direct_baseline,passive,50,0.0,0.0,-827.7040411124326
2024-07-01,qi_direct_baseline,passive,50,5.0,57.091734413346344,-770.6123066990863
2024-07-01,qi_direct_baseline,passive,50,10.0,114.18346882669269,-713.52057228574
