window,fold_id,validation_date,model,feature_set,feature,importance_type,importance
expanding,1,2024-07-01,lightgbm_qi_ofi,qi_ofi,qi_1,gain,0.00156053934383
expanding,1,2024-07-01,lightgbm_qi_ofi,qi_ofi,qi_1,split,465
expanding,1,2024-07-01,lightgbm_qi_ofi,qi_ofi,ofi_1s,gain,0.000325910845707
expanding,1,2024-07-01,lightgbm_qi_ofi,qi_ofi,ofi_1s,split,280
expanding,1,2024-07-01,lightgbm_extended,extended_book_flow,qi_1,gain,0.000472629435827
expanding,1,2024-07-01,lightgbm_extended,extended_book_flow,qi_1,split,258
expanding,1,2024-07-01,lightgbm_extended,extended_book_flow,di_5,gain,0.00111766316355
expanding,1,2024-07-01,lightgbm_extended,extended_book_flow,di_5,split,160
expanding,1,2024-07-01,lightgbm_extended,extended_book_flow,di_10,gain,1.88154480429e-06
expanding,1,2024-07-01,lightgbm_extended,extended_book_flow,di_10,split,45
expanding,1,2024-07-01,lightgbm_extended,extended_book_flow,ofi_1s,gain,0.000238173131927
expanding,1,2024-07-01,lightgbm_extended,extended_book_flow,ofi_1s,split,198
expanding,1,2024-07-01,lightgbm_extended,extended_book_flow,trade_imbalance_1s,gain,2.54831530895e-05
expanding,1,2024-07-01,lightgbm_extended,extended_book_flow,trade_imbalance_1s,split,341
expanding,1,2024-07-01,lightgbm_extended,extended_book_flow,spread_bps,gain,1.45934886788e-05
expanding,1,2024-07-01,lightgbm_extended,extended_book_flow,spread_bps,split,49
expanding,1,2024-07-01,lightgbm_extended,extended_book_flow,realized_vol_5s,gain,0
expanding,1,2024-07-01,lightgbm_extended,extended_book_flow,realized_vol_5s,split,0
expanding,1,2024-07-01,lightgbm_extended,extended_book_flow,mom_1s,gain,1.21977487746e-05
expanding,1,2024-07-01,lightgbm_extended,extended_book_flow,mom_1s,split,147
expanding,1,2024-07-01,lightgbm_extended,extended_book_flow,book_update_count_1s,gain,0
expanding,1,2024-07-01,lightgbm_extended,extended_book_flow,book_update_count_1s,split,0
expanding,1,2024-07-01,lightgbm_extended,extended_book_flow,trade_count_1s,gain,0.000159688569674
expanding,1,2024-07-01,lightgbm_extended,extended_book_flow,trade_count_1s,split,15
expanding,2,2024-08-01,lightgbm_qi_ofi,qi_ofi,qi_1,gain,0.00175677071311
expanding,2,2024-08-01,lightgbm_qi_ofi,qi_ofi,qi_1,split,507
expanding,2,2024-08-01,lightgbm_qi_ofi,qi_ofi,ofi_1s,gain,0.000339018994338
expanding,2,2024-08-01,lightgbm_qi_ofi,qi_ofi,ofi_1s,split,296
expanding,2,2024-08-01,lightgbm_extended,extended_book_flow,qi_1,gain,0.000583946493738
expanding,2,2024-08-01,lightgbm_extended,extended_book_flow,qi_1,split,252
expanding,2,2024-08-01,lightgbm_extended,extended_book_flow,di_5,gain,0.00120288336804
expanding,2,2024-08-01,lightgbm_extended,extended_book_flow,di_5,split,170
expanding,2,2024-08-01,lightgbm_extended,extended_book_flow,di_10,gain,3.34604441108e-06
expanding,2,2024-08-01,lightgbm_extended,extended_book_flow,di_10,split,44
expanding,2,2024-08-01,lightgbm_extended,extended_book_flow,ofi_1s,gain,0.000261940972619
expanding,2,2024-08-01,lightgbm_extended,extended_book_flow,ofi_1s,split,237
expanding,2,2024-08-01,lightgbm_extended,extended_book_flow,trade_imbalance_1s,gain,2.57473886851e-05
expanding,2,2024-08-01,lightgbm_extended,extended_book_flow,trade_imbalance_1s,split,338
expanding,2,2024-08-01,lightgbm_extended,extended_book_flow,spread_bps,gain,8.349090308e-08
expanding,2,2024-08-01,lightgbm_extended,extended_book_flow,spread_bps,split,1
expanding,2,2024-08-01,lightgbm_extended,extended_book_flow,realized_vol_5s,gain,0
expanding,2,2024-08-01,lightgbm_extended,extended_book_flow,realized_vol_5s,split,0
expanding,2,2024-08-01,lightgbm_extended,extended_book_flow,mom_1s,gain,1.61024387143e-05
expanding,2,2024-08-01,lightgbm_extended,extended_book_flow,mom_1s,split,140
expanding,2,2024-08-01,lightgbm_extended,extended_book_flow,book_update_count_1s,gain,0
expanding,2,2024-08-01,lightgbm_extended,extended_book_flow,book_update_count_1s,split,0
expanding,2,2024-08-01,lightgbm_extended,extended_book_flow,trade_count_1s,gain,0.000136939104912
expanding,2,2024-08-01,lightgbm_extended,extended_book_flow,trade_count_1s,split,10
expanding,3,2024-09-01,lightgbm_qi_ofi,qi_ofi,qi_1,gain,0.00228490054306
expanding,3,2024-09-01,lightgbm_qi_ofi,qi_ofi,qi_1,split,519
expanding,3,2024-09-01,lightgbm_qi_ofi,qi_ofi,ofi_1s,gain,0.000444507704579
expanding,3,2024-09-01,lightgbm_qi_ofi,qi_ofi,ofi_1s,split,308
expanding,3,2024-09-01,lightgbm_extended,extended_book_flow,qi_1,gain,0.00078409749091
expanding,3,2024-09-01,lightgbm_extended,extended_book_flow,qi_1,split,224
expanding,3,2024-09-01,lightgbm_extended,extended_book_flow,di_5,gain,0.00153960063517
expanding,3,2024-09-01,lightgbm_extended,extended_book_flow,di_5,split,217
expanding,3,2024-09-01,lightgbm_extended,extended_book_flow,di_10,gain,2.04968835013e-05
expanding,3,2024-09-01,lightgbm_extended,extended_book_flow,di_10,split,64
expanding,3,2024-09-01,lightgbm_extended,extended_book_flow,ofi_1s,gain,0.0003352022169
expanding,3,2024-09-01,lightgbm_extended,extended_book_flow,ofi_1s,split,227
expanding,3,2024-09-01,lightgbm_extended,extended_book_flow,trade_imbalance_1s,gain,2.58900151619e-05
expanding,3,2024-09-01,lightgbm_extended,extended_book_flow,trade_imbalance_1s,split,320
expanding,3,2024-09-01,lightgbm_extended,extended_book_flow,spread_bps,gain,1.47916889404e-06
expanding,3,2024-09-01,lightgbm_extended,extended_book_flow,spread_bps,split,4
expanding,3,2024-09-01,lightgbm_extended,extended_book_flow,realized_vol_5s,gain,2.07243310797e-05
expanding,3,2024-09-01,lightgbm_extended,extended_book_flow,realized_vol_5s,split,7
expanding,3,2024-09-01,lightgbm_extended,extended_book_flow,mom_1s,gain,2.96175963921e-05
expanding,3,2024-09-01,lightgbm_extended,extended_book_flow,mom_1s,split,191
expanding,3,2024-09-01,lightgbm_extended,extended_book_flow,book_update_count_1s,gain,0
expanding,3,2024-09-01,lightgbm_extended,extended_book_flow,book_update_count_1s,split,0
expanding,3,2024-09-01,lightgbm_extended,extended_book_flow,trade_count_1s,gain,0.000153589398906
expanding,3,2024-09-01,lightgbm_extended,extended_book_flow,trade_count_1s,split,7
expanding,4,2024-10-01,lightgbm_qi_ofi,qi_ofi,qi_1,gain,0.00246184585151
expanding,4,2024-10-01,lightgbm_qi_ofi,qi_ofi,qi_1,split,550
expanding,4,2024-10-01,lightgbm_qi_ofi,qi_ofi,ofi_1s,gain,0.000529648166509
expanding,4,2024-10-01,lightgbm_qi_ofi,qi_ofi,ofi_1s,split,302
expanding,4,2024-10-01,lightgbm_extended,extended_book_flow,qi_1,gain,0.00124596040217
expanding,4,2024-10-01,lightgbm_extended,extended_book_flow,qi_1,split,244
expanding,4,2024-10-01,lightgbm_extended,extended_book_flow,di_5,gain,0.00125517343963
expanding,4,2024-10-01,lightgbm_extended,extended_book_flow,di_5,split,167
expanding,4,2024-10-01,lightgbm_extended,extended_book_flow,di_10,gain,2.66925117518e-05
expanding,4,2024-10-01,lightgbm_extended,extended_book_flow,di_10,split,67
expanding,4,2024-10-01,lightgbm_extended,extended_book_flow,ofi_1s,gain,0.000263122284085
expanding,4,2024-10-01,lightgbm_extended,extended_book_flow,ofi_1s,split,226
expanding,4,2024-10-01,lightgbm_extended,extended_book_flow,trade_imbalance_1s,gain,3.01597971858e-05
expanding,4,2024-10-01,lightgbm_extended,extended_book_flow,trade_imbalance_1s,split,298
expanding,4,2024-10-01,lightgbm_extended,extended_book_flow,spread_bps,gain,1.40601599932e-05
expanding,4,2024-10-01,lightgbm_extended,extended_book_flow,spread_bps,split,63
expanding,4,2024-10-01,lightgbm_extended,extended_book_flow,realized_vol_5s,gain,0
expanding,4,2024-10-01,lightgbm_extended,extended_book_flow,realized_vol_5s,split,0
expanding,4,2024-10-01,lightgbm_extended,extended_book_flow,mom_1s,gain,3.23416079086e-05
expanding,4,2024-10-01,lightgbm_extended,extended_book_flow,mom_1s,split,203
expanding,4,2024-10-01,lightgbm_extended,extended_book_flow,book_update_count_1s,gain,0
expanding,4,2024-10-01,lightgbm_extended,extended_book_flow,book_update_count_1s,split,0
expanding,4,2024-10-01,lightgbm_extended,extended_book_flow,trade_count_1s,gain,0.000373132206384
expanding,4,2024-10-01,lightgbm_extended,extended_book_flow,trade_count_1s,split,25
expanding,5,2024-11-01,lightgbm_qi_ofi,qi_ofi,qi_1,gain,0.00296851918603
expanding,5,2024-11-01,lightgbm_qi_ofi,qi_ofi,qi_1,split,548
expanding,5,2024-11-01,lightgbm_qi_ofi,qi_ofi,ofi_1s,gain,0.000618569643507
expanding,5,2024-11-01,lightgbm_qi_ofi,qi_ofi,ofi_1s,split,327
expanding,5,2024-11-01,lightgbm_extended,extended_book_flow,qi_1,gain,0.00118714891919
expanding,5,2024-11-01,lightgbm_extended,extended_book_flow,qi_1,split,240
expanding,5,2024-11-01,lightgbm_extended,extended_book_flow,di_5,gain,0.00183082995698
expanding,5,2024-11-01,lightgbm_extended,extended_book_flow,di_5,split,200
expanding,5,2024-11-01,lightgbm_extended,extended_book_flow,di_10,gain,8.55500309976e-06
expanding,5,2024-11-01,lightgbm_extended,extended_book_flow,di_10,split,59
expanding,5,2024-11-01,lightgbm_extended,extended_book_flow,ofi_1s,gain,0.000307961727264
expanding,5,2024-11-01,lightgbm_extended,extended_book_flow,ofi_1s,split,220
expanding,5,2024-11-01,lightgbm_extended,extended_book_flow,trade_imbalance_1s,gain,3.70262381153e-05
expanding,5,2024-11-01,lightgbm_extended,extended_book_flow,trade_imbalance_1s,split,287
expanding,5,2024-11-01,lightgbm_extended,extended_book_flow,spread_bps,gain,3.05504923536e-05
expanding,5,2024-11-01,lightgbm_extended,extended_book_flow,spread_bps,split,106
expanding,5,2024-11-01,lightgbm_extended,extended_book_flow,realized_vol_5s,gain,0
expanding,5,2024-11-01,lightgbm_extended,extended_book_flow,realized_vol_5s,split,0
expanding,5,2024-11-01,lightgbm_extended,extended_book_flow,mom_1s,gain,5.66695173256e-05
expanding,5,2024-11-01,lightgbm_extended,extended_book_flow,mom_1s,split,213
expanding,5,2024-11-01,lightgbm_extended,extended_book_flow,book_update_count_1s,gain,0
expanding,5,2024-11-01,lightgbm_extended,extended_book_flow,book_update_count_1s,split,0
expanding,5,2024-11-01,lightgbm_extended,extended_book_flow,trade_count_1s,gain,0.000465517372959
expanding,5,2024-11-01,lightgbm_extended,extended_book_flow,trade_count_1s,split,23
expanding,6,2024-12-01,lightgbm_qi_ofi,qi_ofi,qi_1,gain,0.00334859326213
expanding,6,2024-12-01,lightgbm_qi_ofi,qi_ofi,qi_1,split,566
expanding,6,2024-12-01,lightgbm_qi_ofi,qi_ofi,ofi_1s,gain,0.000654547688864
expanding,6,2024-12-01,lightgbm_qi_ofi,qi_ofi,ofi_1s,split,338
expanding,6,2024-12-01,lightgbm_extended,extended_book_flow,qi_1,gain,0.0014645239007
expanding,6,2024-12-01,lightgbm_extended,extended_book_flow,qi_1,split,252
expanding,6,2024-12-01,lightgbm_extended,extended_book_flow,di_5,gain,0.00196504674687
expanding,6,2024-12-01,lightgbm_extended,extended_book_flow,di_5,split,216
expanding,6,2024-12-01,lightgbm_extended,extended_book_flow,di_10,gain,6.4896704958e-06
expanding,6,2024-12-01,lightgbm_extended,extended_book_flow,di_10,split,48
expanding,6,2024-12-01,lightgbm_extended,extended_book_flow,ofi_1s,gain,0.000325352649485
expanding,6,2024-12-01,lightgbm_extended,extended_book_flow,ofi_1s,split,248
expanding,6,2024-12-01,lightgbm_extended,extended_book_flow,trade_imbalance_1s,gain,3.52780222129e-05
expanding,6,2024-12-01,lightgbm_extended,extended_book_flow,trade_imbalance_1s,split,301
expanding,6,2024-12-01,lightgbm_extended,extended_book_flow,spread_bps,gain,3.26500946102e-06
expanding,6,2024-12-01,lightgbm_extended,extended_book_flow,spread_bps,split,12
expanding,6,2024-12-01,lightgbm_extended,extended_book_flow,realized_vol_5s,gain,5.971423289e-05
expanding,6,2024-12-01,lightgbm_extended,extended_book_flow,realized_vol_5s,split,7
expanding,6,2024-12-01,lightgbm_extended,extended_book_flow,mom_1s,gain,6.38127915524e-05
expanding,6,2024-12-01,lightgbm_extended,extended_book_flow,mom_1s,split,235
expanding,6,2024-12-01,lightgbm_extended,extended_book_flow,book_update_count_1s,gain,0
expanding,6,2024-12-01,lightgbm_extended,extended_book_flow,book_update_count_1s,split,0
expanding,6,2024-12-01,lightgbm_extended,extended_book_flow,trade_count_1s,gain,0.000452106379598
expanding,6,2024-12-01,lightgbm_extended,extended_book_flow,trade_count_1s,split,20
expanding,7,2025-01-01,lightgbm_qi_ofi,qi_ofi,qi_1,gain,0.00339655383664
expanding,7,2025-01-01,lightgbm_qi_ofi,qi_ofi,qi_1,split,577
expanding,7,2025-01-01,lightgbm_qi_ofi,qi_ofi,ofi_1s,gain,0.000691849194033
expanding,7,2025-01-01,lightgbm_qi_ofi,qi_ofi,ofi_1s,split,346
expanding,7,2025-01-01,lightgbm_extended,extended_book_flow,qi_1,gain,0.00151086327373
expanding,7,2025-01-01,lightgbm_extended,extended_book_flow,qi_1,split,254
expanding,7,2025-01-01,lightgbm_extended,extended_book_flow,di_5,gain,0.00198259767181
expanding,7,2025-01-01,lightgbm_extended,extended_book_flow,di_5,split,197
expanding,7,2025-01-01,lightgbm_extended,extended_book_flow,di_10,gain,5.73015690548e-06
expanding,7,2025-01-01,lightgbm_extended,extended_book_flow,di_10,split,51
expanding,7,2025-01-01,lightgbm_extended,extended_book_flow,ofi_1s,gain,0.00029563663458
expanding,7,2025-01-01,lightgbm_extended,extended_book_flow,ofi_1s,split,262
expanding,7,2025-01-01,lightgbm_extended,extended_book_flow,trade_imbalance_1s,gain,3.62001469372e-05
expanding,7,2025-01-01,lightgbm_extended,extended_book_flow,trade_imbalance_1s,split,299
expanding,7,2025-01-01,lightgbm_extended,extended_book_flow,spread_bps,gain,1.52794839634e-05
expanding,7,2025-01-01,lightgbm_extended,extended_book_flow,spread_bps,split,46
expanding,7,2025-01-01,lightgbm_extended,extended_book_flow,realized_vol_5s,gain,0
expanding,7,2025-01-01,lightgbm_extended,extended_book_flow,realized_vol_5s,split,0
expanding,7,2025-01-01,lightgbm_extended,extended_book_flow,mom_1s,gain,6.81178780969e-05
expanding,7,2025-01-01,lightgbm_extended,extended_book_flow,mom_1s,split,228
expanding,7,2025-01-01,lightgbm_extended,extended_book_flow,book_update_count_1s,gain,0
expanding,7,2025-01-01,lightgbm_extended,extended_book_flow,book_update_count_1s,split,0
expanding,7,2025-01-01,lightgbm_extended,extended_book_flow,trade_count_1s,gain,0.000552793258748
expanding,7,2025-01-01,lightgbm_extended,extended_book_flow,trade_count_1s,split,29
expanding,8,2025-02-01,lightgbm_qi_ofi,qi_ofi,qi_1,gain,0.00343826554851
expanding,8,2025-02-01,lightgbm_qi_ofi,qi_ofi,qi_1,split,590
expanding,8,2025-02-01,lightgbm_qi_ofi,qi_ofi,ofi_1s,gain,0.000730896639836
expanding,8,2025-02-01,lightgbm_qi_ofi,qi_ofi,ofi_1s,split,358
expanding,8,2025-02-01,lightgbm_extended,extended_book_flow,qi_1,gain,0.00155444378047
expanding,8,2025-02-01,lightgbm_extended,extended_book_flow,qi_1,split,279
expanding,8,2025-02-01,lightgbm_extended,extended_book_flow,di_5,gain,0.0019165395118
expanding,8,2025-02-01,lightgbm_extended,extended_book_flow,di_5,split,197
expanding,8,2025-02-01,lightgbm_extended,extended_book_flow,di_10,gain,5.70491819854e-06
expanding,8,2025-02-01,lightgbm_extended,extended_book_flow,di_10,split,54
expanding,8,2025-02-01,lightgbm_extended,extended_book_flow,ofi_1s,gain,0.000282563451385
expanding,8,2025-02-01,lightgbm_extended,extended_book_flow,ofi_1s,split,224
expanding,8,2025-02-01,lightgbm_extended,extended_book_flow,trade_imbalance_1s,gain,3.34398176169e-05
expanding,8,2025-02-01,lightgbm_extended,extended_book_flow,trade_imbalance_1s,split,290
expanding,8,2025-02-01,lightgbm_extended,extended_book_flow,spread_bps,gain,3.84610808801e-05
expanding,8,2025-02-01,lightgbm_extended,extended_book_flow,spread_bps,split,78
expanding,8,2025-02-01,lightgbm_extended,extended_book_flow,realized_vol_5s,gain,0
expanding,8,2025-02-01,lightgbm_extended,extended_book_flow,realized_vol_5s,split,0
expanding,8,2025-02-01,lightgbm_extended,extended_book_flow,mom_1s,gain,6.03106860437e-05
expanding,8,2025-02-01,lightgbm_extended,extended_book_flow,mom_1s,split,230
expanding,8,2025-02-01,lightgbm_extended,extended_book_flow,book_update_count_1s,gain,0
expanding,8,2025-02-01,lightgbm_extended,extended_book_flow,book_update_count_1s,split,0
expanding,8,2025-02-01,lightgbm_extended,extended_book_flow,trade_count_1s,gain,0.00074432450034
expanding,8,2025-02-01,lightgbm_extended,extended_book_flow,trade_count_1s,split,66
expanding,9,2025-03-01,lightgbm_qi_ofi,qi_ofi,qi_1,gain,0.00347913672488
expanding,9,2025-03-01,lightgbm_qi_ofi,qi_ofi,qi_1,split,595
expanding,9,2025-03-01,lightgbm_qi_ofi,qi_ofi,ofi_1s,gain,0.000776595881303
expanding,9,2025-03-01,lightgbm_qi_ofi,qi_ofi,ofi_1s,split,377
expanding,9,2025-03-01,lightgbm_extended,extended_book_flow,qi_1,gain,0.00172164420681
expanding,9,2025-03-01,lightgbm_extended,extended_book_flow,qi_1,split,240
expanding,9,2025-03-01,lightgbm_extended,extended_book_flow,di_5,gain,0.00184199074333
expanding,9,2025-03-01,lightgbm_extended,extended_book_flow,di_5,split,175
expanding,9,2025-03-01,lightgbm_extended,extended_book_flow,di_10,gain,6.57028069684e-06
expanding,9,2025-03-01,lightgbm_extended,extended_book_flow,di_10,split,43
expanding,9,2025-03-01,lightgbm_extended,extended_book_flow,ofi_1s,gain,0.000276548524609
expanding,9,2025-03-01,lightgbm_extended,extended_book_flow,ofi_1s,split,172
expanding,9,2025-03-01,lightgbm_extended,extended_book_flow,trade_imbalance_1s,gain,3.47455296257e-05
expanding,9,2025-03-01,lightgbm_extended,extended_book_flow,trade_imbalance_1s,split,194
expanding,9,2025-03-01,lightgbm_extended,extended_book_flow,spread_bps,gain,0.000131616387792
expanding,9,2025-03-01,lightgbm_extended,extended_book_flow,spread_bps,split,372
expanding,9,2025-03-01,lightgbm_extended,extended_book_flow,realized_vol_5s,gain,0
expanding,9,2025-03-01,lightgbm_extended,extended_book_flow,realized_vol_5s,split,0
expanding,9,2025-03-01,lightgbm_extended,extended_book_flow,mom_1s,gain,5.14746130448e-05
expanding,9,2025-03-01,lightgbm_extended,extended_book_flow,mom_1s,split,182
expanding,9,2025-03-01,lightgbm_extended,extended_book_flow,book_update_count_1s,gain,0
expanding,9,2025-03-01,lightgbm_extended,extended_book_flow,book_update_count_1s,split,0
expanding,9,2025-03-01,lightgbm_extended,extended_book_flow,trade_count_1s,gain,0.000767893135581
expanding,9,2025-03-01,lightgbm_extended,extended_book_flow,trade_count_1s,split,74
expanding,10,2025-04-01,lightgbm_qi_ofi,qi_ofi,qi_1,gain,0.00390854218452
expanding,10,2025-04-01,lightgbm_qi_ofi,qi_ofi,qi_1,split,592
expanding,10,2025-04-01,lightgbm_qi_ofi,qi_ofi,ofi_1s,gain,0.000774002634635
expanding,10,2025-04-01,lightgbm_qi_ofi,qi_ofi,ofi_1s,split,419
expanding,10,2025-04-01,lightgbm_extended,extended_book_flow,qi_1,gain,0.00209829931982
expanding,10,2025-04-01,lightgbm_extended,extended_book_flow,qi_1,split,248
expanding,10,2025-04-01,lightgbm_extended,extended_book_flow,di_5,gain,0.00188226394409
expanding,10,2025-04-01,lightgbm_extended,extended_book_flow,di_5,split,171
expanding,10,2025-04-01,lightgbm_extended,extended_book_flow,di_10,gain,1.03991083602e-05
expanding,10,2025-04-01,lightgbm_extended,extended_book_flow,di_10,split,50
expanding,10,2025-04-01,lightgbm_extended,extended_book_flow,ofi_1s,gain,0.000323264790256
expanding,10,2025-04-01,lightgbm_extended,extended_book_flow,ofi_1s,split,197
expanding,10,2025-04-01,lightgbm_extended,extended_book_flow,trade_imbalance_1s,gain,4.51685140954e-05
expanding,10,2025-04-01,lightgbm_extended,extended_book_flow,trade_imbalance_1s,split,260
expanding,10,2025-04-01,lightgbm_extended,extended_book_flow,spread_bps,gain,0.000109331954804
expanding,10,2025-04-01,lightgbm_extended,extended_book_flow,spread_bps,split,229
expanding,10,2025-04-01,lightgbm_extended,extended_book_flow,realized_vol_5s,gain,0
expanding,10,2025-04-01,lightgbm_extended,extended_book_flow,realized_vol_5s,split,0
expanding,10,2025-04-01,lightgbm_extended,extended_book_flow,mom_1s,gain,7.16780445998e-05
expanding,10,2025-04-01,lightgbm_extended,extended_book_flow,mom_1s,split,206
expanding,10,2025-04-01,lightgbm_extended,extended_book_flow,book_update_count_1s,gain,0
expanding,10,2025-04-01,lightgbm_extended,extended_book_flow,book_update_count_1s,split,0
expanding,10,2025-04-01,lightgbm_extended,extended_book_flow,trade_count_1s,gain,0.000693290788377
expanding,10,2025-04-01,lightgbm_extended,extended_book_flow,trade_count_1s,split,39
expanding,11,2025-05-01,lightgbm_qi_ofi,qi_ofi,qi_1,gain,0.00434944860034
expanding,11,2025-05-01,lightgbm_qi_ofi,qi_ofi,qi_1,split,591
expanding,11,2025-05-01,lightgbm_qi_ofi,qi_ofi,ofi_1s,gain,0.000729474452806
expanding,11,2025-05-01,lightgbm_qi_ofi,qi_ofi,ofi_1s,split,421
expanding,11,2025-05-01,lightgbm_extended,extended_book_flow,qi_1,gain,0.00218227014198
expanding,11,2025-05-01,lightgbm_extended,extended_book_flow,qi_1,split,234
expanding,11,2025-05-01,lightgbm_extended,extended_book_flow,di_5,gain,0.00217637361498
expanding,11,2025-05-01,lightgbm_extended,extended_book_flow,di_5,split,184
expanding,11,2025-05-01,lightgbm_extended,extended_book_flow,di_10,gain,1.44707170322e-05
expanding,11,2025-05-01,lightgbm_extended,extended_book_flow,di_10,split,68
expanding,11,2025-05-01,lightgbm_extended,extended_book_flow,ofi_1s,gain,0.000306416074071
expanding,11,2025-05-01,lightgbm_extended,extended_book_flow,ofi_1s,split,182
expanding,11,2025-05-01,lightgbm_extended,extended_book_flow,trade_imbalance_1s,gain,4.43837282189e-05
expanding,11,2025-05-01,lightgbm_extended,extended_book_flow,trade_imbalance_1s,split,227
expanding,11,2025-05-01,lightgbm_extended,extended_book_flow,spread_bps,gain,0.000130348507656
expanding,11,2025-05-01,lightgbm_extended,extended_book_flow,spread_bps,split,347
expanding,11,2025-05-01,lightgbm_extended,extended_book_flow,realized_vol_5s,gain,0
expanding,11,2025-05-01,lightgbm_extended,extended_book_flow,realized_vol_5s,split,0
expanding,11,2025-05-01,lightgbm_extended,extended_book_flow,mom_1s,gain,8.31873243681e-05
expanding,11,2025-05-01,lightgbm_extended,extended_book_flow,mom_1s,split,179
expanding,11,2025-05-01,lightgbm_extended,extended_book_flow,book_update_count_1s,gain,0
expanding,11,2025-05-01,lightgbm_extended,extended_book_flow,book_update_count_1s,split,0
expanding,11,2025-05-01,lightgbm_extended,extended_book_flow,trade_count_1s,gain,0.000733667922987
expanding,11,2025-05-01,lightgbm_extended,extended_book_flow,trade_count_1s,split,33
expanding,12,2025-06-01,lightgbm_qi_ofi,qi_ofi,qi_1,gain,0.00451412860067
expanding,12,2025-06-01,lightgbm_qi_ofi,qi_ofi,qi_1,split,597
expanding,12,2025-06-01,lightgbm_qi_ofi,qi_ofi,ofi_1s,gain,0.000726283525946
expanding,12,2025-06-01,lightgbm_qi_ofi,qi_ofi,ofi_1s,split,429
expanding,12,2025-06-01,lightgbm_extended,extended_book_flow,qi_1,gain,0.00233067480748
expanding,12,2025-06-01,lightgbm_extended,extended_book_flow,qi_1,split,247
expanding,12,2025-06-01,lightgbm_extended,extended_book_flow,di_5,gain,0.00218054573907
expanding,12,2025-06-01,lightgbm_extended,extended_book_flow,di_5,split,167
expanding,12,2025-06-01,lightgbm_extended,extended_book_flow,di_10,gain,1.4818799621e-05
expanding,12,2025-06-01,lightgbm_extended,extended_book_flow,di_10,split,77
expanding,12,2025-06-01,lightgbm_extended,extended_book_flow,ofi_1s,gain,0.000288965697326
expanding,12,2025-06-01,lightgbm_extended,extended_book_flow,ofi_1s,split,194
expanding,12,2025-06-01,lightgbm_extended,extended_book_flow,trade_imbalance_1s,gain,4.44689238618e-05
expanding,12,2025-06-01,lightgbm_extended,extended_book_flow,trade_imbalance_1s,split,271
expanding,12,2025-06-01,lightgbm_extended,extended_book_flow,spread_bps,gain,9.9486488638e-05
expanding,12,2025-06-01,lightgbm_extended,extended_book_flow,spread_bps,split,211
expanding,12,2025-06-01,lightgbm_extended,extended_book_flow,realized_vol_5s,gain,0.000151082547578
expanding,12,2025-06-01,lightgbm_extended,extended_book_flow,realized_vol_5s,split,18
expanding,12,2025-06-01,lightgbm_extended,extended_book_flow,mom_1s,gain,6.18694879433e-05
expanding,12,2025-06-01,lightgbm_extended,extended_book_flow,mom_1s,split,201
expanding,12,2025-06-01,lightgbm_extended,extended_book_flow,book_update_count_1s,gain,0
expanding,12,2025-06-01,lightgbm_extended,extended_book_flow,book_update_count_1s,split,0
expanding,12,2025-06-01,lightgbm_extended,extended_book_flow,trade_count_1s,gain,0.000766161200431
expanding,12,2025-06-01,lightgbm_extended,extended_book_flow,trade_count_1s,split,41
expanding,13,2025-07-01,lightgbm_qi_ofi,qi_ofi,qi_1,gain,0.00456206996177
expanding,13,2025-07-01,lightgbm_qi_ofi,qi_ofi,qi_1,split,587
expanding,13,2025-07-01,lightgbm_qi_ofi,qi_ofi,ofi_1s,gain,0.000745042398513
expanding,13,2025-07-01,lightgbm_qi_ofi,qi_ofi,ofi_1s,split,441
expanding,13,2025-07-01,lightgbm_extended,extended_book_flow,qi_1,gain,0.0023740026024
expanding,13,2025-07-01,lightgbm_extended,extended_book_flow,qi_1,split,236
expanding,13,2025-07-01,lightgbm_extended,extended_book_flow,di_5,gain,0.00216979712422
expanding,13,2025-07-01,lightgbm_extended,extended_book_flow,di_5,split,195
expanding,13,2025-07-01,lightgbm_extended,extended_book_flow,di_10,gain,1.33164723094e-05
expanding,13,2025-07-01,lightgbm_extended,extended_book_flow,di_10,split,77
expanding,13,2025-07-01,lightgbm_extended,extended_book_flow,ofi_1s,gain,0.000388793117134
expanding,13,2025-07-01,lightgbm_extended,extended_book_flow,ofi_1s,split,203
expanding,13,2025-07-01,lightgbm_extended,extended_book_flow,trade_imbalance_1s,gain,4.53894891888e-05
expanding,13,2025-07-01,lightgbm_extended,extended_book_flow,trade_imbalance_1s,split,262
expanding,13,2025-07-01,lightgbm_extended,extended_book_flow,spread_bps,gain,0.000100127266905
expanding,13,2025-07-01,lightgbm_extended,extended_book_flow,spread_bps,split,192
expanding,13,2025-07-01,lightgbm_extended,extended_book_flow,realized_vol_5s,gain,0.000157951051417
expanding,13,2025-07-01,lightgbm_extended,extended_book_flow,realized_vol_5s,split,29
expanding,13,2025-07-01,lightgbm_extended,extended_book_flow,mom_1s,gain,7.99151349525e-05
expanding,13,2025-07-01,lightgbm_extended,extended_book_flow,mom_1s,split,190
expanding,13,2025-07-01,lightgbm_extended,extended_book_flow,book_update_count_1s,gain,0
expanding,13,2025-07-01,lightgbm_extended,extended_book_flow,book_update_count_1s,split,0
expanding,13,2025-07-01,lightgbm_extended,extended_book_flow,trade_count_1s,gain,0.000652086254433
expanding,13,2025-07-01,lightgbm_extended,extended_book_flow,trade_count_1s,split,26
expanding,14,2025-08-01,lightgbm_qi_ofi,qi_ofi,qi_1,gain,0.00452855620344
expanding,14,2025-08-01,lightgbm_qi_ofi,qi_ofi,qi_1,split,619
expanding,14,2025-08-01,lightgbm_qi_ofi,qi_ofi,ofi_1s,gain,0.000858153404065
expanding,14,2025-08-01,lightgbm_qi_ofi,qi_ofi,ofi_1s,split,440
expanding,14,2025-08-01,lightgbm_extended,extended_book_flow,qi_1,gain,0.00252117729679
expanding,14,2025-08-01,lightgbm_extended,extended_book_flow,qi_1,split,238
expanding,14,2025-08-01,lightgbm_extended,extended_book_flow,di_5,gain,0.00197580413998
expanding,14,2025-08-01,lightgbm_extended,extended_book_flow,di_5,split,181
expanding,14,2025-08-01,lightgbm_extended,extended_book_flow,di_10,gain,2.25126860008e-05
expanding,14,2025-08-01,lightgbm_extended,extended_book_flow,di_10,split,74
expanding,14,2025-08-01,lightgbm_extended,extended_book_flow,ofi_1s,gain,0.000346178521844
expanding,14,2025-08-01,lightgbm_extended,extended_book_flow,ofi_1s,split,168
expanding,14,2025-08-01,lightgbm_extended,extended_book_flow,trade_imbalance_1s,gain,4.06832898926e-05
expanding,14,2025-08-01,lightgbm_extended,extended_book_flow,trade_imbalance_1s,split,202
expanding,14,2025-08-01,lightgbm_extended,extended_book_flow,spread_bps,gain,0.000171428007464
expanding,14,2025-08-01,lightgbm_extended,extended_book_flow,spread_bps,split,355
expanding,14,2025-08-01,lightgbm_extended,extended_book_flow,realized_vol_5s,gain,0
expanding,14,2025-08-01,lightgbm_extended,extended_book_flow,realized_vol_5s,split,0
expanding,14,2025-08-01,lightgbm_extended,extended_book_flow,mom_1s,gain,8.03525449196e-05
expanding,14,2025-08-01,lightgbm_extended,extended_book_flow,mom_1s,split,181
expanding,14,2025-08-01,lightgbm_extended,extended_book_flow,book_update_count_1s,gain,0
expanding,14,2025-08-01,lightgbm_extended,extended_book_flow,book_update_count_1s,split,0
expanding,14,2025-08-01,lightgbm_extended,extended_book_flow,trade_count_1s,gain,0.00089626339404
expanding,14,2025-08-01,lightgbm_extended,extended_book_flow,trade_count_1s,split,72
expanding,15,2025-09-01,lightgbm_qi_ofi,qi_ofi,qi_1,gain,0.00508065493064
expanding,15,2025-09-01,lightgbm_qi_ofi,qi_ofi,qi_1,split,606
expanding,15,2025-09-01,lightgbm_qi_ofi,qi_ofi,ofi_1s,gain,0.000846995867248
expanding,15,2025-09-01,lightgbm_qi_ofi,qi_ofi,ofi_1s,split,453
expanding,15,2025-09-01,lightgbm_extended,extended_book_flow,qi_1,gain,0.00267365506598
expanding,15,2025-09-01,lightgbm_extended,extended_book_flow,qi_1,split,236
expanding,15,2025-09-01,lightgbm_extended,extended_book_flow,di_5,gain,0.00229999066035
expanding,15,2025-09-01,lightgbm_extended,extended_book_flow,di_5,split,177
expanding,15,2025-09-01,lightgbm_extended,extended_book_flow,di_10,gain,2.83706134434e-05
expanding,15,2025-09-01,lightgbm_extended,extended_book_flow,di_10,split,64
expanding,15,2025-09-01,lightgbm_extended,extended_book_flow,ofi_1s,gain,0.000340514680038
expanding,15,2025-09-01,lightgbm_extended,extended_book_flow,ofi_1s,split,174
expanding,15,2025-09-01,lightgbm_extended,extended_book_flow,trade_imbalance_1s,gain,3.91352865616e-05
expanding,15,2025-09-01,lightgbm_extended,extended_book_flow,trade_imbalance_1s,split,209
expanding,15,2025-09-01,lightgbm_extended,extended_book_flow,spread_bps,gain,0.000142517353445
expanding,15,2025-09-01,lightgbm_extended,extended_book_flow,spread_bps,split,321
expanding,15,2025-09-01,lightgbm_extended,extended_book_flow,realized_vol_5s,gain,0
expanding,15,2025-09-01,lightgbm_extended,extended_book_flow,realized_vol_5s,split,0
expanding,15,2025-09-01,lightgbm_extended,extended_book_flow,mom_1s,gain,8.68336396646e-05
expanding,15,2025-09-01,lightgbm_extended,extended_book_flow,mom_1s,split,179
expanding,15,2025-09-01,lightgbm_extended,extended_book_flow,book_update_count_1s,gain,0
expanding,15,2025-09-01,lightgbm_extended,extended_book_flow,book_update_count_1s,split,0
expanding,15,2025-09-01,lightgbm_extended,extended_book_flow,trade_count_1s,gain,0.000984311848824
expanding,15,2025-09-01,lightgbm_extended,extended_book_flow,trade_count_1s,split,106
expanding,16,2025-10-01,lightgbm_qi_ofi,qi_ofi,qi_1,gain,0.00532076786762
expanding,16,2025-10-01,lightgbm_qi_ofi,qi_ofi,qi_1,split,599
expanding,16,2025-10-01,lightgbm_qi_ofi,qi_ofi,ofi_1s,gain,0.000864147040201
expanding,16,2025-10-01,lightgbm_qi_ofi,qi_ofi,ofi_1s,split,466
expanding,16,2025-10-01,lightgbm_extended,extended_book_flow,qi_1,gain,0.00257250842837
expanding,16,2025-10-01,lightgbm_extended,extended_book_flow,qi_1,split,228
expanding,16,2025-10-01,lightgbm_extended,extended_book_flow,di_5,gain,0.00266629208205
expanding,16,2025-10-01,lightgbm_extended,extended_book_flow,di_5,split,186
expanding,16,2025-10-01,lightgbm_extended,extended_book_flow,di_10,gain,3.27270402825e-05
expanding,16,2025-10-01,lightgbm_extended,extended_book_flow,di_10,split,70
expanding,16,2025-10-01,lightgbm_extended,extended_book_flow,ofi_1s,gain,0.0003948198585
expanding,16,2025-10-01,lightgbm_extended,extended_book_flow,ofi_1s,split,203
expanding,16,2025-10-01,lightgbm_extended,extended_book_flow,trade_imbalance_1s,gain,5.66666706253e-05
expanding,16,2025-10-01,lightgbm_extended,extended_book_flow,trade_imbalance_1s,split,256
expanding,16,2025-10-01,lightgbm_extended,extended_book_flow,spread_bps,gain,0.000113553121155
expanding,16,2025-10-01,lightgbm_extended,extended_book_flow,spread_bps,split,231
expanding,16,2025-10-01,lightgbm_extended,extended_book_flow,realized_vol_5s,gain,6.35701579199e-06
expanding,16,2025-10-01,lightgbm_extended,extended_book_flow,realized_vol_5s,split,4
expanding,16,2025-10-01,lightgbm_extended,extended_book_flow,mom_1s,gain,0.000125056324322
expanding,16,2025-10-01,lightgbm_extended,extended_book_flow,mom_1s,split,204
expanding,16,2025-10-01,lightgbm_extended,extended_book_flow,book_update_count_1s,gain,0
expanding,16,2025-10-01,lightgbm_extended,extended_book_flow,book_update_count_1s,split,0
expanding,16,2025-10-01,lightgbm_extended,extended_book_flow,trade_count_1s,gain,0.000889118477563
expanding,16,2025-10-01,lightgbm_extended,extended_book_flow,trade_count_1s,split,69
expanding,17,2025-11-01,lightgbm_qi_ofi,qi_ofi,qi_1,gain,0.00543841036829
expanding,17,2025-11-01,lightgbm_qi_ofi,qi_ofi,qi_1,split,619
expanding,17,2025-11-01,lightgbm_qi_ofi,qi_ofi,ofi_1s,gain,0.000896166542071
expanding,17,2025-11-01,lightgbm_qi_ofi,qi_ofi,ofi_1s,split,473
expanding,17,2025-11-01,lightgbm_extended,extended_book_flow,qi_1,gain,0.00285908532977
expanding,17,2025-11-01,lightgbm_extended,extended_book_flow,qi_1,split,232
expanding,17,2025-11-01,lightgbm_extended,extended_book_flow,di_5,gain,0.00244352391287
expanding,17,2025-11-01,lightgbm_extended,extended_book_flow,di_5,split,185
expanding,17,2025-11-01,lightgbm_extended,extended_book_flow,di_10,gain,2.92109779004e-05
expanding,17,2025-11-01,lightgbm_extended,extended_book_flow,di_10,split,82
expanding,17,2025-11-01,lightgbm_extended,extended_book_flow,ofi_1s,gain,0.00041564558033
expanding,17,2025-11-01,lightgbm_extended,extended_book_flow,ofi_1s,split,188
expanding,17,2025-11-01,lightgbm_extended,extended_book_flow,trade_imbalance_1s,gain,5.58521249518e-05
expanding,17,2025-11-01,lightgbm_extended,extended_book_flow,trade_imbalance_1s,split,251
expanding,17,2025-11-01,lightgbm_extended,extended_book_flow,spread_bps,gain,0.00014089141787
expanding,17,2025-11-01,lightgbm_extended,extended_book_flow,spread_bps,split,304
expanding,17,2025-11-01,lightgbm_extended,extended_book_flow,realized_vol_5s,gain,4.18393804011e-05
expanding,17,2025-11-01,lightgbm_extended,extended_book_flow,realized_vol_5s,split,6
expanding,17,2025-11-01,lightgbm_extended,extended_book_flow,mom_1s,gain,0.000107401334773
expanding,17,2025-11-01,lightgbm_extended,extended_book_flow,mom_1s,split,199
expanding,17,2025-11-01,lightgbm_extended,extended_book_flow,book_update_count_1s,gain,0
expanding,17,2025-11-01,lightgbm_extended,extended_book_flow,book_update_count_1s,split,0
expanding,17,2025-11-01,lightgbm_extended,extended_book_flow,trade_count_1s,gain,0.00095043537749
expanding,17,2025-11-01,lightgbm_extended,extended_book_flow,trade_count_1s,split,44
expanding,18,2025-12-01,lightgbm_qi_ofi,qi_ofi,qi_1,gain,0.00530453394313
expanding,18,2025-12-01,lightgbm_qi_ofi,qi_ofi,qi_1,split,628
expanding,18,2025-12-01,lightgbm_qi_ofi,qi_ofi,ofi_1s,gain,0.000992325052918
expanding,18,2025-12-01,lightgbm_qi_ofi,qi_ofi,ofi_1s,split,462
expanding,18,2025-12-01,lightgbm_extended,extended_book_flow,qi_1,gain,0.00287632665447
expanding,18,2025-12-01,lightgbm_extended,extended_book_flow,qi_1,split,224
expanding,18,2025-12-01,lightgbm_extended,extended_book_flow,di_5,gain,0.00228512961115
expanding,18,2025-12-01,lightgbm_extended,extended_book_flow,di_5,split,194
expanding,18,2025-12-01,lightgbm_extended,extended_book_flow,di_10,gain,4.1402758785e-05
expanding,18,2025-12-01,lightgbm_extended,extended_book_flow,di_10,split,79
expanding,18,2025-12-01,lightgbm_extended,extended_book_flow,ofi_1s,gain,0.000408070887747
expanding,18,2025-12-01,lightgbm_extended,extended_book_flow,ofi_1s,split,180
expanding,18,2025-12-01,lightgbm_extended,extended_book_flow,trade_imbalance_1s,gain,4.68130258527e-05
expanding,18,2025-12-01,lightgbm_extended,extended_book_flow,trade_imbalance_1s,split,223
expanding,18,2025-12-01,lightgbm_extended,extended_book_flow,spread_bps,gain,0.000183430041815
expanding,18,2025-12-01,lightgbm_extended,extended_book_flow,spread_bps,split,344
expanding,18,2025-12-01,lightgbm_extended,extended_book_flow,realized_vol_5s,gain,9.49195987232e-06
expanding,18,2025-12-01,lightgbm_extended,extended_book_flow,realized_vol_5s,split,2
expanding,18,2025-12-01,lightgbm_extended,extended_book_flow,mom_1s,gain,9.8390278235e-05
expanding,18,2025-12-01,lightgbm_extended,extended_book_flow,mom_1s,split,186
expanding,18,2025-12-01,lightgbm_extended,extended_book_flow,book_update_count_1s,gain,0
expanding,18,2025-12-01,lightgbm_extended,extended_book_flow,book_update_count_1s,split,0
expanding,18,2025-12-01,lightgbm_extended,extended_book_flow,trade_count_1s,gain,0.00111682091763
expanding,18,2025-12-01,lightgbm_extended,extended_book_flow,trade_count_1s,split,84
rolling6,1,2024-07-01,lightgbm_qi_ofi,qi_ofi,qi_1,gain,0.00156053934383
rolling6,1,2024-07-01,lightgbm_qi_ofi,qi_ofi,qi_1,split,465
rolling6,1,2024-07-01,lightgbm_qi_ofi,qi_ofi,ofi_1s,gain,0.000325910845707
rolling6,1,2024-07-01,lightgbm_qi_ofi,qi_ofi,ofi_1s,split,280
rolling6,1,2024-07-01,lightgbm_extended,extended_book_flow,qi_1,gain,0.000472629435827
rolling6,1,2024-07-01,lightgbm_extended,extended_book_flow,qi_1,split,258
rolling6,1,2024-07-01,lightgbm_extended,extended_book_flow,di_5,gain,0.00111766316355
rolling6,1,2024-07-01,lightgbm_extended,extended_book_flow,di_5,split,160
rolling6,1,2024-07-01,lightgbm_extended,extended_book_flow,di_10,gain,1.88154480429e-06
rolling6,1,2024-07-01,lightgbm_extended,extended_book_flow,di_10,split,45
rolling6,1,2024-07-01,lightgbm_extended,extended_book_flow,ofi_1s,gain,0.000238173131927
rolling6,1,2024-07-01,lightgbm_extended,extended_book_flow,ofi_1s,split,198
rolling6,1,2024-07-01,lightgbm_extended,extended_book_flow,trade_imbalance_1s,gain,2.54831530895e-05
rolling6,1,2024-07-01,lightgbm_extended,extended_book_flow,trade_imbalance_1s,split,341
rolling6,1,2024-07-01,lightgbm_extended,extended_book_flow,spread_bps,gain,1.45934886788e-05
rolling6,1,2024-07-01,lightgbm_extended,extended_book_flow,spread_bps,split,49
rolling6,1,2024-07-01,lightgbm_extended,extended_book_flow,realized_vol_5s,gain,0
rolling6,1,2024-07-01,lightgbm_extended,extended_book_flow,realized_vol_5s,split,0
rolling6,1,2024-07-01,lightgbm_extended,extended_book_flow,mom_1s,gain,1.21977487746e-05
rolling6,1,2024-07-01,lightgbm_extended,extended_book_flow,mom_1s,split,147
rolling6,1,2024-07-01,lightgbm_extended,extended_book_flow,book_update_count_1s,gain,0
rolling6,1,2024-07-01,lightgbm_extended,extended_book_flow,book_update_count_1s,split,0
rolling6,1,2024-07-01,lightgbm_extended,extended_book_flow,trade_count_1s,gain,0.000159688569674
rolling6,1,2024-07-01,lightgbm_extended,extended_book_flow,trade_count_1s,split,15
rolling6,2,2024-08-01,lightgbm_qi_ofi,qi_ofi,qi_1,gain,0.00168092536929
rolling6,2,2024-08-01,lightgbm_qi_ofi,qi_ofi,qi_1,split,485
rolling6,2,2024-08-01,lightgbm_qi_ofi,qi_ofi,ofi_1s,gain,0.000303166543846
rolling6,2,2024-08-01,lightgbm_qi_ofi,qi_ofi,ofi_1s,split,299
rolling6,2,2024-08-01,lightgbm_extended,extended_book_flow,qi_1,gain,0.000638603337095
rolling6,2,2024-08-01,lightgbm_extended,extended_book_flow,qi_1,split,268
rolling6,2,2024-08-01,lightgbm_extended,extended_book_flow,di_5,gain,0.00106448782045
rolling6,2,2024-08-01,lightgbm_extended,extended_book_flow,di_5,split,144
rolling6,2,2024-08-01,lightgbm_extended,extended_book_flow,di_10,gain,2.69936671499e-06
rolling6,2,2024-08-01,lightgbm_extended,extended_book_flow,di_10,split,41
rolling6,2,2024-08-01,lightgbm_extended,extended_book_flow,ofi_1s,gain,0.000244002925012
rolling6,2,2024-08-01,lightgbm_extended,extended_book_flow,ofi_1s,split,259
rolling6,2,2024-08-01,lightgbm_extended,extended_book_flow,trade_imbalance_1s,gain,2.51460200296e-05
rolling6,2,2024-08-01,lightgbm_extended,extended_book_flow,trade_imbalance_1s,split,323
rolling6,2,2024-08-01,lightgbm_extended,extended_book_flow,spread_bps,gain,0
rolling6,2,2024-08-01,lightgbm_extended,extended_book_flow,spread_bps,split,0
rolling6,2,2024-08-01,lightgbm_extended,extended_book_flow,realized_vol_5s,gain,0
rolling6,2,2024-08-01,lightgbm_extended,extended_book_flow,realized_vol_5s,split,0
rolling6,2,2024-08-01,lightgbm_extended,extended_book_flow,mom_1s,gain,1.13841162898e-05
rolling6,2,2024-08-01,lightgbm_extended,extended_book_flow,mom_1s,split,120
rolling6,2,2024-08-01,lightgbm_extended,extended_book_flow,book_update_count_1s,gain,0
rolling6,2,2024-08-01,lightgbm_extended,extended_book_flow,book_update_count_1s,split,0
rolling6,2,2024-08-01,lightgbm_extended,extended_book_flow,trade_count_1s,gain,0.000111890981685
rolling6,2,2024-08-01,lightgbm_extended,extended_book_flow,trade_count_1s,split,10
rolling6,3,2024-09-01,lightgbm_qi_ofi,qi_ofi,qi_1,gain,0.0019666374715
rolling6,3,2024-09-01,lightgbm_qi_ofi,qi_ofi,qi_1,split,499
rolling6,3,2024-09-01,lightgbm_qi_ofi,qi_ofi,ofi_1s,gain,0.000360023849415
rolling6,3,2024-09-01,lightgbm_qi_ofi,qi_ofi,ofi_1s,split,308
rolling6,3,2024-09-01,lightgbm_extended,extended_book_flow,qi_1,gain,0.00118941877882
rolling6,3,2024-09-01,lightgbm_extended,extended_book_flow,qi_1,split,252
rolling6,3,2024-09-01,lightgbm_extended,extended_book_flow,di_5,gain,0.000783203939691
rolling6,3,2024-09-01,lightgbm_extended,extended_book_flow,di_5,split,167
rolling6,3,2024-09-01,lightgbm_extended,extended_book_flow,di_10,gain,1.93698797078e-05
rolling6,3,2024-09-01,lightgbm_extended,extended_book_flow,di_10,split,63
rolling6,3,2024-09-01,lightgbm_extended,extended_book_flow,ofi_1s,gain,0.000319512380923
rolling6,3,2024-09-01,lightgbm_extended,extended_book_flow,ofi_1s,split,250
rolling6,3,2024-09-01,lightgbm_extended,extended_book_flow,trade_imbalance_1s,gain,2.46499974289e-05
rolling6,3,2024-09-01,lightgbm_extended,extended_book_flow,trade_imbalance_1s,split,327
rolling6,3,2024-09-01,lightgbm_extended,extended_book_flow,spread_bps,gain,0
rolling6,3,2024-09-01,lightgbm_extended,extended_book_flow,spread_bps,split,0
rolling6,3,2024-09-01,lightgbm_extended,extended_book_flow,realized_vol_5s,gain,0
rolling6,3,2024-09-01,lightgbm_extended,extended_book_flow,realized_vol_5s,split,0
rolling6,3,2024-09-01,lightgbm_extended,extended_book_flow,mom_1s,gain,1.65882046028e-05
rolling6,3,2024-09-01,lightgbm_extended,extended_book_flow,mom_1s,split,127
rolling6,3,2024-09-01,lightgbm_extended,extended_book_flow,book_update_count_1s,gain,0
rolling6,3,2024-09-01,lightgbm_extended,extended_book_flow,book_update_count_1s,split,0
rolling6,3,2024-09-01,lightgbm_extended,extended_book_flow,trade_count_1s,gain,8.6562310571e-05
rolling6,3,2024-09-01,lightgbm_extended,extended_book_flow,trade_count_1s,split,5
rolling6,4,2024-10-01,lightgbm_qi_ofi,qi_ofi,qi_1,gain,0.00168403622407
rolling6,4,2024-10-01,lightgbm_qi_ofi,qi_ofi,qi_1,split,490
rolling6,4,2024-10-01,lightgbm_qi_ofi,qi_ofi,ofi_1s,gain,0.000409300824824
rolling6,4,2024-10-01,lightgbm_qi_ofi,qi_ofi,ofi_1s,split,309
rolling6,4,2024-10-01,lightgbm_extended,extended_book_flow,qi_1,gain,0.00121529615213
rolling6,4,2024-10-01,lightgbm_extended,extended_book_flow,qi_1,split,263
rolling6,4,2024-10-01,lightgbm_extended,extended_book_flow,di_5,gain,0.000498230285403
rolling6,4,2024-10-01,lightgbm_extended,extended_book_flow,di_5,split,156
rolling6,4,2024-10-01,lightgbm_extended,extended_book_flow,di_10,gain,1.672306781e-05
rolling6,4,2024-10-01,lightgbm_extended,extended_book_flow,di_10,split,76
rolling6,4,2024-10-01,lightgbm_extended,extended_book_flow,ofi_1s,gain,0.000224144779456
rolling6,4,2024-10-01,lightgbm_extended,extended_book_flow,ofi_1s,split,201
rolling6,4,2024-10-01,lightgbm_extended,extended_book_flow,trade_imbalance_1s,gain,2.52324958771e-05
rolling6,4,2024-10-01,lightgbm_extended,extended_book_flow,trade_imbalance_1s,split,284
rolling6,4,2024-10-01,lightgbm_extended,extended_book_flow,spread_bps,gain,0
rolling6,4,2024-10-01,lightgbm_extended,extended_book_flow,spread_bps,split,0
rolling6,4,2024-10-01,lightgbm_extended,extended_book_flow,realized_vol_5s,gain,0
rolling6,4,2024-10-01,lightgbm_extended,extended_book_flow,realized_vol_5s,split,0
rolling6,4,2024-10-01,lightgbm_extended,extended_book_flow,mom_1s,gain,2.1392919803e-05
rolling6,4,2024-10-01,lightgbm_extended,extended_book_flow,mom_1s,split,191
rolling6,4,2024-10-01,lightgbm_extended,extended_book_flow,book_update_count_1s,gain,0
rolling6,4,2024-10-01,lightgbm_extended,extended_book_flow,book_update_count_1s,split,0
rolling6,4,2024-10-01,lightgbm_extended,extended_book_flow,trade_count_1s,gain,0.000254941435697
rolling6,4,2024-10-01,lightgbm_extended,extended_book_flow,trade_count_1s,split,18
rolling6,5,2024-11-01,lightgbm_qi_ofi,qi_ofi,qi_1,gain,0.00185448347716
rolling6,5,2024-11-01,lightgbm_qi_ofi,qi_ofi,qi_1,split,500
rolling6,5,2024-11-01,lightgbm_qi_ofi,qi_ofi,ofi_1s,gain,0.0004431183912
rolling6,5,2024-11-01,lightgbm_qi_ofi,qi_ofi,ofi_1s,split,294
rolling6,5,2024-11-01,lightgbm_extended,extended_book_flow,qi_1,gain,0.00159185949691
rolling6,5,2024-11-01,lightgbm_extended,extended_book_flow,qi_1,split,288
rolling6,5,2024-11-01,lightgbm_extended,extended_book_flow,di_5,gain,0.000317933869381
rolling6,5,2024-11-01,lightgbm_extended,extended_book_flow,di_5,split,150
rolling6,5,2024-11-01,lightgbm_extended,extended_book_flow,di_10,gain,8.06357019417e-06
rolling6,5,2024-11-01,lightgbm_extended,extended_book_flow,di_10,split,67
rolling6,5,2024-11-01,lightgbm_extended,extended_book_flow,ofi_1s,gain,0.000227708597905
rolling6,5,2024-11-01,lightgbm_extended,extended_book_flow,ofi_1s,split,186
rolling6,5,2024-11-01,lightgbm_extended,extended_book_flow,trade_imbalance_1s,gain,2.93026999613e-05
rolling6,5,2024-11-01,lightgbm_extended,extended_book_flow,trade_imbalance_1s,split,282
rolling6,5,2024-11-01,lightgbm_extended,extended_book_flow,spread_bps,gain,2.87918673791e-05
rolling6,5,2024-11-01,lightgbm_extended,extended_book_flow,spread_bps,split,35
rolling6,5,2024-11-01,lightgbm_extended,extended_book_flow,realized_vol_5s,gain,0
rolling6,5,2024-11-01,lightgbm_extended,extended_book_flow,realized_vol_5s,split,0
rolling6,5,2024-11-01,lightgbm_extended,extended_book_flow,mom_1s,gain,3.29448827661e-05
rolling6,5,2024-11-01,lightgbm_extended,extended_book_flow,mom_1s,split,190
rolling6,5,2024-11-01,lightgbm_extended,extended_book_flow,book_update_count_1s,gain,0
rolling6,5,2024-11-01,lightgbm_extended,extended_book_flow,book_update_count_1s,split,0
rolling6,5,2024-11-01,lightgbm_extended,extended_book_flow,trade_count_1s,gain,0.00027678565084
rolling6,5,2024-11-01,lightgbm_extended,extended_book_flow,trade_count_1s,split,12
rolling6,6,2024-12-01,lightgbm_qi_ofi,qi_ofi,qi_1,gain,0.00150549849007
rolling6,6,2024-12-01,lightgbm_qi_ofi,qi_ofi,qi_1,split,528
rolling6,6,2024-12-01,lightgbm_qi_ofi,qi_ofi,ofi_1s,gain,0.000344655229347
rolling6,6,2024-12-01,lightgbm_qi_ofi,qi_ofi,ofi_1s,split,179
rolling6,6,2024-12-01,lightgbm_extended,extended_book_flow,qi_1,gain,0.00108638011351
rolling6,6,2024-12-01,lightgbm_extended,extended_book_flow,qi_1,split,190
rolling6,6,2024-12-01,lightgbm_extended,extended_book_flow,di_5,gain,0.00045522492308
rolling6,6,2024-12-01,lightgbm_extended,extended_book_flow,di_5,split,250
rolling6,6,2024-12-01,lightgbm_extended,extended_book_flow,di_10,gain,8.55132308702e-06
rolling6,6,2024-12-01,lightgbm_extended,extended_book_flow,di_10,split,69
rolling6,6,2024-12-01,lightgbm_extended,extended_book_flow,ofi_1s,gain,0.00033844571563
rolling6,6,2024-12-01,lightgbm_extended,extended_book_flow,ofi_1s,split,158
rolling6,6,2024-12-01,lightgbm_extended,extended_book_flow,trade_imbalance_1s,gain,1.83731120209e-05
rolling6,6,2024-12-01,lightgbm_extended,extended_book_flow,trade_imbalance_1s,split,278
rolling6,6,2024-12-01,lightgbm_extended,extended_book_flow,spread_bps,gain,0
rolling6,6,2024-12-01,lightgbm_extended,extended_book_flow,spread_bps,split,0
rolling6,6,2024-12-01,lightgbm_extended,extended_book_flow,realized_vol_5s,gain,0
rolling6,6,2024-12-01,lightgbm_extended,extended_book_flow,realized_vol_5s,split,0
rolling6,6,2024-12-01,lightgbm_extended,extended_book_flow,mom_1s,gain,1.19903717569e-05
rolling6,6,2024-12-01,lightgbm_extended,extended_book_flow,mom_1s,split,82
rolling6,6,2024-12-01,lightgbm_extended,extended_book_flow,book_update_count_1s,gain,0
rolling6,6,2024-12-01,lightgbm_extended,extended_book_flow,book_update_count_1s,split,0
rolling6,6,2024-12-01,lightgbm_extended,extended_book_flow,trade_count_1s,gain,0
rolling6,6,2024-12-01,lightgbm_extended,extended_book_flow,trade_count_1s,split,0
rolling6,7,2025-01-01,lightgbm_qi_ofi,qi_ofi,qi_1,gain,0.00179168285716
rolling6,7,2025-01-01,lightgbm_qi_ofi,qi_ofi,qi_1,split,476
rolling6,7,2025-01-01,lightgbm_qi_ofi,qi_ofi,ofi_1s,gain,0.000200448967558
rolling6,7,2025-01-01,lightgbm_qi_ofi,qi_ofi,ofi_1s,split,226
rolling6,7,2025-01-01,lightgbm_extended,extended_book_flow,qi_1,gain,0.00137918762288
rolling6,7,2025-01-01,lightgbm_extended,extended_book_flow,qi_1,split,233
rolling6,7,2025-01-01,lightgbm_extended,extended_book_flow,di_5,gain,0.000441152904712
rolling6,7,2025-01-01,lightgbm_extended,extended_book_flow,di_5,split,231
rolling6,7,2025-01-01,lightgbm_extended,extended_book_flow,di_10,gain,2.08723925016e-06
rolling6,7,2025-01-01,lightgbm_extended,extended_book_flow,di_10,split,55
rolling6,7,2025-01-01,lightgbm_extended,extended_book_flow,ofi_1s,gain,0.000202024711951
rolling6,7,2025-01-01,lightgbm_extended,extended_book_flow,ofi_1s,split,155
rolling6,7,2025-01-01,lightgbm_extended,extended_book_flow,trade_imbalance_1s,gain,1.43115083713e-05
rolling6,7,2025-01-01,lightgbm_extended,extended_book_flow,trade_imbalance_1s,split,286
rolling6,7,2025-01-01,lightgbm_extended,extended_book_flow,spread_bps,gain,1.07289301053e-05
rolling6,7,2025-01-01,lightgbm_extended,extended_book_flow,spread_bps,split,19
rolling6,7,2025-01-01,lightgbm_extended,extended_book_flow,realized_vol_5s,gain,0
rolling6,7,2025-01-01,lightgbm_extended,extended_book_flow,realized_vol_5s,split,0
rolling6,7,2025-01-01,lightgbm_extended,extended_book_flow,mom_1s,gain,1.31691016109e-05
rolling6,7,2025-01-01,lightgbm_extended,extended_book_flow,mom_1s,split,93
rolling6,7,2025-01-01,lightgbm_extended,extended_book_flow,book_update_count_1s,gain,0
rolling6,7,2025-01-01,lightgbm_extended,extended_book_flow,book_update_count_1s,split,0
rolling6,7,2025-01-01,lightgbm_extended,extended_book_flow,trade_count_1s,gain,0
rolling6,7,2025-01-01,lightgbm_extended,extended_book_flow,trade_count_1s,split,0
rolling6,8,2025-02-01,lightgbm_qi_ofi,qi_ofi,qi_1,gain,0.00161507778709
rolling6,8,2025-02-01,lightgbm_qi_ofi,qi_ofi,qi_1,split,492
rolling6,8,2025-02-01,lightgbm_qi_ofi,qi_ofi,ofi_1s,gain,0.000251681700985
rolling6,8,2025-02-01,lightgbm_qi_ofi,qi_ofi,ofi_1s,split,213
rolling6,8,2025-02-01,lightgbm_extended,extended_book_flow,qi_1,gain,0.00132471458635
rolling6,8,2025-02-01,lightgbm_extended,extended_book_flow,qi_1,split,232
rolling6,8,2025-02-01,lightgbm_extended,extended_book_flow,di_5,gain,0.000339290815064
rolling6,8,2025-02-01,lightgbm_extended,extended_book_flow,di_5,split,181
rolling6,8,2025-02-01,lightgbm_extended,extended_book_flow,di_10,gain,1.32274442043e-06
rolling6,8,2025-02-01,lightgbm_extended,extended_book_flow,di_10,split,43
rolling6,8,2025-02-01,lightgbm_extended,extended_book_flow,ofi_1s,gain,0.000237927141327
rolling6,8,2025-02-01,lightgbm_extended,extended_book_flow,ofi_1s,split,135
rolling6,8,2025-02-01,lightgbm_extended,extended_book_flow,trade_imbalance_1s,gain,1.95361544554e-05
rolling6,8,2025-02-01,lightgbm_extended,extended_book_flow,trade_imbalance_1s,split,226
rolling6,8,2025-02-01,lightgbm_extended,extended_book_flow,spread_bps,gain,8.65975648868e-05
rolling6,8,2025-02-01,lightgbm_extended,extended_book_flow,spread_bps,split,130
rolling6,8,2025-02-01,lightgbm_extended,extended_book_flow,realized_vol_5s,gain,0
rolling6,8,2025-02-01,lightgbm_extended,extended_book_flow,realized_vol_5s,split,0
rolling6,8,2025-02-01,lightgbm_extended,extended_book_flow,mom_1s,gain,9.79744058631e-06
rolling6,8,2025-02-01,lightgbm_extended,extended_book_flow,mom_1s,split,102
rolling6,8,2025-02-01,lightgbm_extended,extended_book_flow,book_update_count_1s,gain,0
rolling6,8,2025-02-01,lightgbm_extended,extended_book_flow,book_update_count_1s,split,0
rolling6,8,2025-02-01,lightgbm_extended,extended_book_flow,trade_count_1s,gain,1.20817289453e-05
rolling6,8,2025-02-01,lightgbm_extended,extended_book_flow,trade_count_1s,split,5
rolling6,9,2025-03-01,lightgbm_qi_ofi,qi_ofi,qi_1,gain,0.00123214897753
rolling6,9,2025-03-01,lightgbm_qi_ofi,qi_ofi,qi_1,split,476
rolling6,9,2025-03-01,lightgbm_qi_ofi,qi_ofi,ofi_1s,gain,0.000142565047706
rolling6,9,2025-03-01,lightgbm_qi_ofi,qi_ofi,ofi_1s,split,213
rolling6,9,2025-03-01,lightgbm_extended,extended_book_flow,qi_1,gain,0.00107775024592
rolling6,9,2025-03-01,lightgbm_extended,extended_book_flow,qi_1,split,261
rolling6,9,2025-03-01,lightgbm_extended,extended_book_flow,di_5,gain,0.000183436946183
rolling6,9,2025-03-01,lightgbm_extended,extended_book_flow,di_5,split,175
rolling6,9,2025-03-01,lightgbm_extended,extended_book_flow,di_10,gain,2.36540213105e-06
rolling6,9,2025-03-01,lightgbm_extended,extended_book_flow,di_10,split,60
rolling6,9,2025-03-01,lightgbm_extended,extended_book_flow,ofi_1s,gain,0.000137070212148
rolling6,9,2025-03-01,lightgbm_extended,extended_book_flow,ofi_1s,split,124
rolling6,9,2025-03-01,lightgbm_extended,extended_book_flow,trade_imbalance_1s,gain,1.09045032086e-05
rolling6,9,2025-03-01,lightgbm_extended,extended_book_flow,trade_imbalance_1s,split,229
rolling6,9,2025-03-01,lightgbm_extended,extended_book_flow,spread_bps,gain,4.98919967493e-05
rolling6,9,2025-03-01,lightgbm_extended,extended_book_flow,spread_bps,split,91
rolling6,9,2025-03-01,lightgbm_extended,extended_book_flow,realized_vol_5s,gain,0
rolling6,9,2025-03-01,lightgbm_extended,extended_book_flow,realized_vol_5s,split,0
rolling6,9,2025-03-01,lightgbm_extended,extended_book_flow,mom_1s,gain,8.24546692867e-06
rolling6,9,2025-03-01,lightgbm_extended,extended_book_flow,mom_1s,split,79
rolling6,9,2025-03-01,lightgbm_extended,extended_book_flow,book_update_count_1s,gain,0
rolling6,9,2025-03-01,lightgbm_extended,extended_book_flow,book_update_count_1s,split,0
rolling6,9,2025-03-01,lightgbm_extended,extended_book_flow,trade_count_1s,gain,0
rolling6,9,2025-03-01,lightgbm_extended,extended_book_flow,trade_count_1s,split,0
rolling6,10,2025-04-01,lightgbm_qi_ofi,qi_ofi,qi_1,gain,0.00137218410721
rolling6,10,2025-04-01,lightgbm_qi_ofi,qi_ofi,qi_1,split,468
rolling6,10,2025-04-01,lightgbm_qi_ofi,qi_ofi,ofi_1s,gain,0.00012085560068
rolling6,10,2025-04-01,lightgbm_qi_ofi,qi_ofi,ofi_1s,split,217
rolling6,10,2025-04-01,lightgbm_extended,extended_book_flow,qi_1,gain,0.00118343743849
rolling6,10,2025-04-01,lightgbm_extended,extended_book_flow,qi_1,split,265
rolling6,10,2025-04-01,lightgbm_extended,extended_book_flow,di_5,gain,0.000221667551082
rolling6,10,2025-04-01,lightgbm_extended,extended_book_flow,di_5,split,200
rolling6,10,2025-04-01,lightgbm_extended,extended_book_flow,di_10,gain,8.95517909827e-07
rolling6,10,2025-04-01,lightgbm_extended,extended_book_flow,di_10,split,25
rolling6,10,2025-04-01,lightgbm_extended,extended_book_flow,ofi_1s,gain,0.000105103419144
rolling6,10,2025-04-01,lightgbm_extended,extended_book_flow,ofi_1s,split,149
rolling6,10,2025-04-01,lightgbm_extended,extended_book_flow,trade_imbalance_1s,gain,1.04990110872e-05
rolling6,10,2025-04-01,lightgbm_extended,extended_book_flow,trade_imbalance_1s,split,277
rolling6,10,2025-04-01,lightgbm_extended,extended_book_flow,spread_bps,gain,2.58994146733e-05
rolling6,10,2025-04-01,lightgbm_extended,extended_book_flow,spread_bps,split,21
rolling6,10,2025-04-01,lightgbm_extended,extended_book_flow,realized_vol_5s,gain,0
rolling6,10,2025-04-01,lightgbm_extended,extended_book_flow,realized_vol_5s,split,0
rolling6,10,2025-04-01,lightgbm_extended,extended_book_flow,mom_1s,gain,7.45718824008e-06
rolling6,10,2025-04-01,lightgbm_extended,extended_book_flow,mom_1s,split,44
rolling6,10,2025-04-01,lightgbm_extended,extended_book_flow,book_update_count_1s,gain,0
rolling6,10,2025-04-01,lightgbm_extended,extended_book_flow,book_update_count_1s,split,0
rolling6,10,2025-04-01,lightgbm_extended,extended_book_flow,trade_count_1s,gain,0
rolling6,10,2025-04-01,lightgbm_extended,extended_book_flow,trade_count_1s,split,0
rolling6,11,2025-05-01,lightgbm_qi_ofi,qi_ofi,qi_1,gain,0.00127046324995
rolling6,11,2025-05-01,lightgbm_qi_ofi,qi_ofi,qi_1,split,442
rolling6,11,2025-05-01,lightgbm_qi_ofi,qi_ofi,ofi_1s,gain,6.95389172912e-05
rolling6,11,2025-05-01,lightgbm_qi_ofi,qi_ofi,ofi_1s,split,223
rolling6,11,2025-05-01,lightgbm_extended,extended_book_flow,qi_1,gain,0.00107562290156
rolling6,11,2025-05-01,lightgbm_extended,extended_book_flow,qi_1,split,275
rolling6,11,2025-05-01,lightgbm_extended,extended_book_flow,di_5,gain,0.000217950842959
rolling6,11,2025-05-01,lightgbm_extended,extended_book_flow,di_5,split,155
rolling6,11,2025-05-01,lightgbm_extended,extended_book_flow,di_10,gain,5.63139277929e-06
rolling6,11,2025-05-01,lightgbm_extended,extended_book_flow,di_10,split,81
rolling6,11,2025-05-01,lightgbm_extended,extended_book_flow,ofi_1s,gain,6.21290585131e-05
rolling6,11,2025-05-01,lightgbm_extended,extended_book_flow,ofi_1s,split,154
rolling6,11,2025-05-01,lightgbm_extended,extended_book_flow,trade_imbalance_1s,gain,6.41848207165e-06
rolling6,11,2025-05-01,lightgbm_extended,extended_book_flow,trade_imbalance_1s,split,263
rolling6,11,2025-05-01,lightgbm_extended,extended_book_flow,spread_bps,gain,1.8916092319e-05
rolling6,11,2025-05-01,lightgbm_extended,extended_book_flow,spread_bps,split,29
rolling6,11,2025-05-01,lightgbm_extended,extended_book_flow,realized_vol_5s,gain,0
rolling6,11,2025-05-01,lightgbm_extended,extended_book_flow,realized_vol_5s,split,0
rolling6,11,2025-05-01,lightgbm_extended,extended_book_flow,mom_1s,gain,9.43827452055e-07
rolling6,11,2025-05-01,lightgbm_extended,extended_book_flow,mom_1s,split,21
rolling6,11,2025-05-01,lightgbm_extended,extended_book_flow,book_update_count_1s,gain,0
rolling6,11,2025-05-01,lightgbm_extended,extended_book_flow,book_update_count_1s,split,0
rolling6,11,2025-05-01,lightgbm_extended,extended_book_flow,trade_count_1s,gain,0
rolling6,11,2025-05-01,lightgbm_extended,extended_book_flow,trade_count_1s,split,0
rolling6,12,2025-06-01,lightgbm_qi_ofi,qi_ofi,qi_1,gain,0.00106099761586
rolling6,12,2025-06-01,lightgbm_qi_ofi,qi_ofi,qi_1,split,433
rolling6,12,2025-06-01,lightgbm_qi_ofi,qi_ofi,ofi_1s,gain,6.1710988981e-05
rolling6,12,2025-06-01,lightgbm_qi_ofi,qi_ofi,ofi_1s,split,199
rolling6,12,2025-06-01,lightgbm_extended,extended_book_flow,qi_1,gain,0.000601162729131
rolling6,12,2025-06-01,lightgbm_extended,extended_book_flow,qi_1,split,215
rolling6,12,2025-06-01,lightgbm_extended,extended_book_flow,di_5,gain,0.000121737639431
rolling6,12,2025-06-01,lightgbm_extended,extended_book_flow,di_5,split,95
rolling6,12,2025-06-01,lightgbm_extended,extended_book_flow,di_10,gain,0.000360706471005
rolling6,12,2025-06-01,lightgbm_extended,extended_book_flow,di_10,split,163
rolling6,12,2025-06-01,lightgbm_extended,extended_book_flow,ofi_1s,gain,4.99775065969e-05
rolling6,12,2025-06-01,lightgbm_extended,extended_book_flow,ofi_1s,split,160
rolling6,12,2025-06-01,lightgbm_extended,extended_book_flow,trade_imbalance_1s,gain,5.93476322611e-06
rolling6,12,2025-06-01,lightgbm_extended,extended_book_flow,trade_imbalance_1s,split,286
rolling6,12,2025-06-01,lightgbm_extended,extended_book_flow,spread_bps,gain,8.49797990643e-06
rolling6,12,2025-06-01,lightgbm_extended,extended_book_flow,spread_bps,split,20
rolling6,12,2025-06-01,lightgbm_extended,extended_book_flow,realized_vol_5s,gain,0
rolling6,12,2025-06-01,lightgbm_extended,extended_book_flow,realized_vol_5s,split,0
rolling6,12,2025-06-01,lightgbm_extended,extended_book_flow,mom_1s,gain,7.20280825955e-08
rolling6,12,2025-06-01,lightgbm_extended,extended_book_flow,mom_1s,split,10
rolling6,12,2025-06-01,lightgbm_extended,extended_book_flow,book_update_count_1s,gain,0
rolling6,12,2025-06-01,lightgbm_extended,extended_book_flow,book_update_count_1s,split,0
rolling6,12,2025-06-01,lightgbm_extended,extended_book_flow,trade_count_1s,gain,0
rolling6,12,2025-06-01,lightgbm_extended,extended_book_flow,trade_count_1s,split,0
rolling6,13,2025-07-01,lightgbm_qi_ofi,qi_ofi,qi_1,gain,0.00102825045537
rolling6,13,2025-07-01,lightgbm_qi_ofi,qi_ofi,qi_1,split,447
rolling6,13,2025-07-01,lightgbm_qi_ofi,qi_ofi,ofi_1s,gain,5.77296179616e-05
rolling6,13,2025-07-01,lightgbm_qi_ofi,qi_ofi,ofi_1s,split,210
rolling6,13,2025-07-01,lightgbm_extended,extended_book_flow,qi_1,gain,0.000441825615298
rolling6,13,2025-07-01,lightgbm_extended,extended_book_flow,qi_1,split,225
rolling6,13,2025-07-01,lightgbm_extended,extended_book_flow,di_5,gain,9.78601664977e-05
rolling6,13,2025-07-01,lightgbm_extended,extended_book_flow,di_5,split,89
rolling6,13,2025-07-01,lightgbm_extended,extended_book_flow,di_10,gain,0.000508313190174
rolling6,13,2025-07-01,lightgbm_extended,extended_book_flow,di_10,split,155
rolling6,13,2025-07-01,lightgbm_extended,extended_book_flow,ofi_1s,gain,4.93643767961e-05
rolling6,13,2025-07-01,lightgbm_extended,extended_book_flow,ofi_1s,split,164
rolling6,13,2025-07-01,lightgbm_extended,extended_book_flow,trade_imbalance_1s,gain,4.71294728744e-06
rolling6,13,2025-07-01,lightgbm_extended,extended_book_flow,trade_imbalance_1s,split,253
rolling6,13,2025-07-01,lightgbm_extended,extended_book_flow,spread_bps,gain,0
rolling6,13,2025-07-01,lightgbm_extended,extended_book_flow,spread_bps,split,0
rolling6,13,2025-07-01,lightgbm_extended,extended_book_flow,realized_vol_5s,gain,0
rolling6,13,2025-07-01,lightgbm_extended,extended_book_flow,realized_vol_5s,split,0
rolling6,13,2025-07-01,lightgbm_extended,extended_book_flow,mom_1s,gain,7.73832892903e-08
rolling6,13,2025-07-01,lightgbm_extended,extended_book_flow,mom_1s,split,14
rolling6,13,2025-07-01,lightgbm_extended,extended_book_flow,book_update_count_1s,gain,0
rolling6,13,2025-07-01,lightgbm_extended,extended_book_flow,book_update_count_1s,split,0
rolling6,13,2025-07-01,lightgbm_extended,extended_book_flow,trade_count_1s,gain,0
rolling6,13,2025-07-01,lightgbm_extended,extended_book_flow,trade_count_1s,split,0
rolling6,14,2025-08-01,lightgbm_qi_ofi,qi_ofi,qi_1,gain,0.0010055398238
rolling6,14,2025-08-01,lightgbm_qi_ofi,qi_ofi,qi_1,split,430
rolling6,14,2025-08-01,lightgbm_qi_ofi,qi_ofi,ofi_1s,gain,6.39965677066e-05
rolling6,14,2025-08-01,lightgbm_qi_ofi,qi_ofi,ofi_1s,split,196
rolling6,14,2025-08-01,lightgbm_extended,extended_book_flow,qi_1,gain,0.000551196737952
rolling6,14,2025-08-01,lightgbm_extended,extended_book_flow,qi_1,split,190
rolling6,14,2025-08-01,lightgbm_extended,extended_book_flow,di_5,gain,9.91476943074e-05
rolling6,14,2025-08-01,lightgbm_extended,extended_book_flow,di_5,split,114
rolling6,14,2025-08-01,lightgbm_extended,extended_book_flow,di_10,gain,0.000371263504673
rolling6,14,2025-08-01,lightgbm_extended,extended_book_flow,di_10,split,184
rolling6,14,2025-08-01,lightgbm_extended,extended_book_flow,ofi_1s,gain,5.80946352655e-05
rolling6,14,2025-08-01,lightgbm_extended,extended_book_flow,ofi_1s,split,159
rolling6,14,2025-08-01,lightgbm_extended,extended_book_flow,trade_imbalance_1s,gain,3.62297673054e-06
rolling6,14,2025-08-01,lightgbm_extended,extended_book_flow,trade_imbalance_1s,split,245
rolling6,14,2025-08-01,lightgbm_extended,extended_book_flow,spread_bps,gain,1.39577152108e-05
rolling6,14,2025-08-01,lightgbm_extended,extended_book_flow,spread_bps,split,27
rolling6,14,2025-08-01,lightgbm_extended,extended_book_flow,realized_vol_5s,gain,0
rolling6,14,2025-08-01,lightgbm_extended,extended_book_flow,realized_vol_5s,split,0
rolling6,14,2025-08-01,lightgbm_extended,extended_book_flow,mom_1s,gain,2.83311580584e-08
rolling6,14,2025-08-01,lightgbm_extended,extended_book_flow,mom_1s,split,5
rolling6,14,2025-08-01,lightgbm_extended,extended_book_flow,book_update_count_1s,gain,0
rolling6,14,2025-08-01,lightgbm_extended,extended_book_flow,book_update_count_1s,split,0
rolling6,14,2025-08-01,lightgbm_extended,extended_book_flow,trade_count_1s,gain,0
rolling6,14,2025-08-01,lightgbm_extended,extended_book_flow,trade_count_1s,split,0
rolling6,15,2025-09-01,lightgbm_qi_ofi,qi_ofi,qi_1,gain,0.00138191774301
rolling6,15,2025-09-01,lightgbm_qi_ofi,qi_ofi,qi_1,split,450
rolling6,15,2025-09-01,lightgbm_qi_ofi,qi_ofi,ofi_1s,gain,7.52895580775e-05
rolling6,15,2025-09-01,lightgbm_qi_ofi,qi_ofi,ofi_1s,split,206
rolling6,15,2025-09-01,lightgbm_extended,extended_book_flow,qi_1,gain,0.000898925499149
rolling6,15,2025-09-01,lightgbm_extended,extended_book_flow,qi_1,split,173
rolling6,15,2025-09-01,lightgbm_extended,extended_book_flow,di_5,gain,0.000217952064196
rolling6,15,2025-09-01,lightgbm_extended,extended_book_flow,di_5,split,120
rolling6,15,2025-09-01,lightgbm_extended,extended_book_flow,di_10,gain,0.000285412091084
rolling6,15,2025-09-01,lightgbm_extended,extended_book_flow,di_10,split,175
rolling6,15,2025-09-01,lightgbm_extended,extended_book_flow,ofi_1s,gain,7.12586154882e-05
rolling6,15,2025-09-01,lightgbm_extended,extended_book_flow,ofi_1s,split,164
rolling6,15,2025-09-01,lightgbm_extended,extended_book_flow,trade_imbalance_1s,gain,6.09258421295e-06
rolling6,15,2025-09-01,lightgbm_extended,extended_book_flow,trade_imbalance_1s,split,245
rolling6,15,2025-09-01,lightgbm_extended,extended_book_flow,spread_bps,gain,5.49870382538e-06
rolling6,15,2025-09-01,lightgbm_extended,extended_book_flow,spread_bps,split,49
rolling6,15,2025-09-01,lightgbm_extended,extended_book_flow,realized_vol_5s,gain,0
rolling6,15,2025-09-01,lightgbm_extended,extended_book_flow,realized_vol_5s,split,0
rolling6,15,2025-09-01,lightgbm_extended,extended_book_flow,mom_1s,gain,3.95879711235e-08
rolling6,15,2025-09-01,lightgbm_extended,extended_book_flow,mom_1s,split,4
rolling6,15,2025-09-01,lightgbm_extended,extended_book_flow,book_update_count_1s,gain,0
rolling6,15,2025-09-01,lightgbm_extended,extended_book_flow,book_update_count_1s,split,0
rolling6,15,2025-09-01,lightgbm_extended,extended_book_flow,trade_count_1s,gain,0
rolling6,15,2025-09-01,lightgbm_extended,extended_book_flow,trade_count_1s,split,0
rolling6,16,2025-10-01,lightgbm_qi_ofi,qi_ofi,qi_1,gain,0.00123049930401
rolling6,16,2025-10-01,lightgbm_qi_ofi,qi_ofi,qi_1,split,455
rolling6,16,2025-10-01,lightgbm_qi_ofi,qi_ofi,ofi_1s,gain,7.59433666386e-05
rolling6,16,2025-10-01,lightgbm_qi_ofi,qi_ofi,ofi_1s,split,220
rolling6,16,2025-10-01,lightgbm_extended,extended_book_flow,qi_1,gain,0.000181281526488
rolling6,16,2025-10-01,lightgbm_extended,extended_book_flow,qi_1,split,129
rolling6,16,2025-10-01,lightgbm_extended,extended_book_flow,di_5,gain,0.000486721505969
rolling6,16,2025-10-01,lightgbm_extended,extended_book_flow,di_5,split,144
rolling6,16,2025-10-01,lightgbm_extended,extended_book_flow,di_10,gain,0.000581673405695
rolling6,16,2025-10-01,lightgbm_extended,extended_book_flow,di_10,split,202
rolling6,16,2025-10-01,lightgbm_extended,extended_book_flow,ofi_1s,gain,7.21619809411e-05
rolling6,16,2025-10-01,lightgbm_extended,extended_book_flow,ofi_1s,split,187
rolling6,16,2025-10-01,lightgbm_extended,extended_book_flow,trade_imbalance_1s,gain,4.9586489208e-06
rolling6,16,2025-10-01,lightgbm_extended,extended_book_flow,trade_imbalance_1s,split,243
rolling6,16,2025-10-01,lightgbm_extended,extended_book_flow,spread_bps,gain,0
rolling6,16,2025-10-01,lightgbm_extended,extended_book_flow,spread_bps,split,0
rolling6,16,2025-10-01,lightgbm_extended,extended_book_flow,realized_vol_5s,gain,0
rolling6,16,2025-10-01,lightgbm_extended,extended_book_flow,realized_vol_5s,split,0
rolling6,16,2025-10-01,lightgbm_extended,extended_book_flow,mom_1s,gain,2.86776824648e-08
rolling6,16,2025-10-01,lightgbm_extended,extended_book_flow,mom_1s,split,2
rolling6,16,2025-10-01,lightgbm_extended,extended_book_flow,book_update_count_1s,gain,0
rolling6,16,2025-10-01,lightgbm_extended,extended_book_flow,book_update_count_1s,split,0
rolling6,16,2025-10-01,lightgbm_extended,extended_book_flow,trade_count_1s,gain,0
rolling6,16,2025-10-01,lightgbm_extended,extended_book_flow,trade_count_1s,split,0
rolling6,17,2025-11-01,lightgbm_qi_ofi,qi_ofi,qi_1,gain,0.000996050979771
rolling6,17,2025-11-01,lightgbm_qi_ofi,qi_ofi,qi_1,split,437
rolling6,17,2025-11-01,lightgbm_qi_ofi,qi_ofi,ofi_1s,gain,7.5445515945e-05
rolling6,17,2025-11-01,lightgbm_qi_ofi,qi_ofi,ofi_1s,split,211
rolling6,17,2025-11-01,lightgbm_extended,extended_book_flow,qi_1,gain,0.000124570484205
rolling6,17,2025-11-01,lightgbm_extended,extended_book_flow,qi_1,split,113
rolling6,17,2025-11-01,lightgbm_extended,extended_book_flow,di_5,gain,0.00052604876139
rolling6,17,2025-11-01,lightgbm_extended,extended_book_flow,di_5,split,170
rolling6,17,2025-11-01,lightgbm_extended,extended_book_flow,di_10,gain,0.000366717261301
rolling6,17,2025-11-01,lightgbm_extended,extended_book_flow,di_10,split,196
rolling6,17,2025-11-01,lightgbm_extended,extended_book_flow,ofi_1s,gain,6.74589630226e-05
rolling6,17,2025-11-01,lightgbm_extended,extended_book_flow,ofi_1s,split,182
rolling6,17,2025-11-01,lightgbm_extended,extended_book_flow,trade_imbalance_1s,gain,4.11063407101e-06
rolling6,17,2025-11-01,lightgbm_extended,extended_book_flow,trade_imbalance_1s,split,209
rolling6,17,2025-11-01,lightgbm_extended,extended_book_flow,spread_bps,gain,0
rolling6,17,2025-11-01,lightgbm_extended,extended_book_flow,spread_bps,split,0
rolling6,17,2025-11-01,lightgbm_extended,extended_book_flow,realized_vol_5s,gain,0
rolling6,17,2025-11-01,lightgbm_extended,extended_book_flow,realized_vol_5s,split,0
rolling6,17,2025-11-01,lightgbm_extended,extended_book_flow,mom_1s,gain,4.53279991319e-09
rolling6,17,2025-11-01,lightgbm_extended,extended_book_flow,mom_1s,split,1
rolling6,17,2025-11-01,lightgbm_extended,extended_book_flow,book_update_count_1s,gain,0
rolling6,17,2025-11-01,lightgbm_extended,extended_book_flow,book_update_count_1s,split,0
rolling6,17,2025-11-01,lightgbm_extended,extended_book_flow,trade_count_1s,gain,0
rolling6,17,2025-11-01,lightgbm_extended,extended_book_flow,trade_count_1s,split,0
rolling6,18,2025-12-01,lightgbm_qi_ofi,qi_ofi,qi_1,gain,0.000805421881298
rolling6,18,2025-12-01,lightgbm_qi_ofi,qi_ofi,qi_1,split,431
rolling6,18,2025-12-01,lightgbm_qi_ofi,qi_ofi,ofi_1s,gain,9.87648134359e-05
rolling6,18,2025-12-01,lightgbm_qi_ofi,qi_ofi,ofi_1s,split,209
rolling6,18,2025-12-01,lightgbm_extended,extended_book_flow,qi_1,gain,7.51729067959e-05
rolling6,18,2025-12-01,lightgbm_extended,extended_book_flow,qi_1,split,90
rolling6,18,2025-12-01,lightgbm_extended,extended_book_flow,di_5,gain,0.000396082272166
rolling6,18,2025-12-01,lightgbm_extended,extended_book_flow,di_5,split,175
rolling6,18,2025-12-01,lightgbm_extended,extended_book_flow,di_10,gain,0.000346175769931
rolling6,18,2025-12-01,lightgbm_extended,extended_book_flow,di_10,split,199
rolling6,18,2025-12-01,lightgbm_extended,extended_book_flow,ofi_1s,gain,0.000100611221677
rolling6,18,2025-12-01,lightgbm_extended,extended_book_flow,ofi_1s,split,178
rolling6,18,2025-12-01,lightgbm_extended,extended_book_flow,trade_imbalance_1s,gain,3.92668941173e-06
rolling6,18,2025-12-01,lightgbm_extended,extended_book_flow,trade_imbalance_1s,split,210
rolling6,18,2025-12-01,lightgbm_extended,extended_book_flow,spread_bps,gain,0
rolling6,18,2025-12-01,lightgbm_extended,extended_book_flow,spread_bps,split,0
rolling6,18,2025-12-01,lightgbm_extended,extended_book_flow,realized_vol_5s,gain,0
rolling6,18,2025-12-01,lightgbm_extended,extended_book_flow,realized_vol_5s,split,0
rolling6,18,2025-12-01,lightgbm_extended,extended_book_flow,mom_1s,gain,1.20311902663e-08
rolling6,18,2025-12-01,lightgbm_extended,extended_book_flow,mom_1s,split,2
rolling6,18,2025-12-01,lightgbm_extended,extended_book_flow,book_update_count_1s,gain,0
rolling6,18,2025-12-01,lightgbm_extended,extended_book_flow,book_update_count_1s,split,0
rolling6,18,2025-12-01,lightgbm_extended,extended_book_flow,trade_count_1s,gain,0
rolling6,18,2025-12-01,lightgbm_extended,extended_book_flow,trade_count_1s,split,0
