window,fold_id,validation_date,period,model,feature_set,train_start_date,train_end_date,train_date_count,train_row_count,spearman_ic,pearson_corr,mae,rmse,r2,sign_accuracy_nonzero,prediction_mean,prediction_std,target_mean,target_std,row_count
expanding,1,2024-07-01,2024_H2,qi_direct_baseline,qi_only,2024-01-01,2024-06-01,6,518369,0.439093458377,0.291046009873,2.37992789291e-05,4.70657790794e-05,0.0818819988653,0.910069021518,-7.71492182642e-07,1.67838737805e-05,2.15346817493e-08,4.91197333689e-05,86398
expanding,1,2024-07-01,2024_H2,lightgbm_qi_ofi,qi_ofi,2024-01-01,2024-06-01,6,518369,0.451254203787,0.32515710269,2.09284904661e-05,4.65486657491e-05,0.101945956308,0.91500879686,-5.88206244424e-07,1.89298836621e-05,2.15346817493e-08,4.91197333689e-05,86398
expanding,1,2024-07-01,2024_H2,lightgbm_extended,extended_book_flow,2024-01-01,2024-06-01,6,518369,0.454499564317,0.330968753305,2.10210695413e-05,4.64610129626e-05,0.10532490712,0.914738124239,-9.29466448208e-07,1.93011593747e-05,2.15346817493e-08,4.91197333689e-05,86398
expanding,2,2024-08-01,2024_H2,qi_direct_baseline,qi_only,2024-01-01,2024-07-01,7,604767,0.473792384014,0.317649630124,3.93043697908e-05,7.86771649272e-05,0.0857793352175,0.828570465728,2.89542628826e-07,1.60204640693e-05,1.292975047e-07,8.22854758908e-05,86398
expanding,2,2024-08-01,2024_H2,lightgbm_qi_ofi,qi_ofi,2024-01-01,2024-07-01,7,604767,0.481549062945,0.340120546411,3.74382982571e-05,7.77821683355e-05,0.106460571017,0.828637864797,2.86145115232e-07,2.00868117872e-05,1.292975047e-07,8.22854758908e-05,86398
expanding,2,2024-08-01,2024_H2,lightgbm_extended,extended_book_flow,2024-01-01,2024-07-01,7,604767,0.485485610218,0.346796370314,3.72877016872e-05,7.75848245723e-05,0.110988877317,0.831131630384,2.69433665682e-07,2.06112497813e-05,1.292975047e-07,8.22854758908e-05,86398
expanding,3,2024-09-01,2024_H2,qi_direct_baseline,qi_only,2024-01-01,2024-08-01,8,691165,0.49317958969,0.246689896094,3.11366231221e-05,6.30015927359e-05,0.055218262072,0.884399347708,8.56196579593e-08,2.08383323564e-05,-3.31992410021e-07,6.48165310263e-05,86395
expanding,3,2024-09-01,2024_H2,lightgbm_qi_ofi,qi_ofi,2024-01-01,2024-08-01,8,691165,0.49942806461,0.285027755396,2.87874136275e-05,6.25108197759e-05,0.0698803471757,0.885486501178,6.80508150811e-07,2.53084162691e-05,-3.31992410021e-07,6.48165310263e-05,86395
expanding,3,2024-09-01,2024_H2,lightgbm_extended,extended_book_flow,2024-01-01,2024-08-01,8,691165,0.500608456801,0.293389105428,2.8051520512e-05,6.22222381402e-05,0.0784483320746,0.886075375974,4.81657779784e-07,2.46189727255e-05,-3.31992410021e-07,6.48165310263e-05,86395
expanding,4,2024-10-01,2024_H2,qi_direct_baseline,qi_only,2024-01-01,2024-09-01,9,777560,0.429878964441,0.281318949108,4.03796068601e-05,8.19827917346e-05,0.0729913209089,0.795895096921,2.20900721726e-07,1.73128550996e-05,-4.69612309747e-07,8.51492452924e-05,86397
expanding,4,2024-10-01,2024_H2,lightgbm_qi_ofi,qi_ofi,2024-01-01,2024-09-01,9,777560,0.444265069266,0.312427733193,3.82249112222e-05,8.1049140442e-05,0.0939853489252,0.797380878339,2.29690568754e-08,2.14995159163e-05,-4.69612309747e-07,8.51492452924e-05,86397
expanding,4,2024-10-01,2024_H2,lightgbm_extended,extended_book_flow,2024-01-01,2024-09-01,9,777560,0.451014764211,0.32861988157,3.83269037684e-05,8.05723068956e-05,0.104614637234,0.799350402543,-1.61505037174e-07,2.3043595299e-05,-4.69612309747e-07,8.51492452924e-05,86397
expanding,5,2024-11-01,2024_H2,qi_direct_baseline,qi_only,2024-01-01,2024-10-01,10,863957,0.435637223621,0.275507050418,3.60100317322e-05,7.12646590036e-05,0.0744585361232,0.818308820676,1.42411831202e-07,1.7605346696e-05,-1.31823929443e-07,7.40757865412e-05,86394
expanding,5,2024-11-01,2024_H2,lightgbm_qi_ofi,qi_ofi,2024-01-01,2024-10-01,10,863957,0.440486177524,0.297003553482,3.38189024785e-05,7.07425713553e-05,0.0879699666597,0.819822267065,2.65383577149e-07,2.09212174962e-05,-1.31823929443e-07,7.40757865412e-05,86394
expanding,5,2024-11-01,2024_H2,lightgbm_extended,extended_book_flow,2024-01-01,2024-10-01,10,863957,0.441980018902,0.303655719963,3.30558664773e-05,7.06225292609e-05,0.0910625629289,0.823431254608,-3.32138944345e-08,1.99897514438e-05,-1.31823929443e-07,7.40757865412e-05,86394
expanding,6,2024-12-01,2024_H2,qi_direct_baseline,qi_only,2024-01-01,2024-11-01,11,950351,0.434685035186,0.268568291366,2.05917430628e-05,3.72649902176e-05,0.0309238224802,0.916534601162,-1.73656760405e-06,1.76298388621e-05,9.2930917332e-08,3.78548955989e-05,86398
expanding,6,2024-12-01,2024_H2,lightgbm_qi_ofi,qi_ofi,2024-01-01,2024-11-01,11,950351,0.444882167532,0.311906100545,1.73304449168e-05,3.66091266768e-05,0.0647351082273,0.918119387216,-1.29709335247e-06,1.84938909776e-05,9.2930917332e-08,3.78548955989e-05,86398
expanding,6,2024-12-01,2024_H2,lightgbm_extended,extended_book_flow,2024-01-01,2024-11-01,11,950351,0.447356465291,0.318080098447,1.73427297718e-05,3.65022222809e-05,0.070189373484,0.920760697306,-1.34526176427e-06,1.85473256094e-05,9.2930917332e-08,3.78548955989e-05,86398
expanding,7,2025-01-01,2025_H1,qi_direct_baseline,qi_only,2024-01-01,2024-12-01,12,1036749,0.405693700165,0.250207284457,2.11109328998e-05,3.80052085895e-05,0.0187786248569,0.907346300799,2.76122150292e-07,1.76302675457e-05,1.24962547977e-07,3.83671570913e-05,86399
expanding,7,2025-01-01,2025_H1,lightgbm_qi_ofi,qi_ofi,2024-01-01,2024-12-01,12,1036749,0.409389087778,0.298086559199,1.70058668926e-05,3.7126081664e-05,0.0636483271752,0.911774921848,-1.61146238895e-07,1.75214868562e-05,1.24962547977e-07,3.83671570913e-05,86399
expanding,7,2025-01-01,2025_H1,lightgbm_extended,extended_book_flow,2024-01-01,2024-12-01,12,1036749,0.412102242937,0.309455297957,1.62666414685e-05,3.68594950982e-05,0.0770471326874,0.91281695033,-4.28192814608e-08,1.71190342971e-05,1.24962547977e-07,3.83671570913e-05,86399
expanding,8,2025-02-01,2025_H1,qi_direct_baseline,qi_only,2024-01-01,2025-01-01,13,1123148,0.449520390579,0.276726275343,2.16362338867e-05,3.67516317029e-05,0.0288587556789,0.933684945319,1.835712799e-06,1.82071453935e-05,-2.04706580264e-07,3.72936959886e-05,86399
expanding,8,2025-02-01,2025_H1,lightgbm_qi_ofi,qi_ofi,2024-01-01,2025-01-01,13,1123148,0.450657295179,0.32498747821,1.82583625431e-05,3.59996528081e-05,0.0681934215189,0.935623982006,1.6298252946e-06,1.90973584984e-05,-2.04706580264e-07,3.72936959886e-05,86399
expanding,8,2025-02-01,2025_H1,lightgbm_extended,extended_book_flow,2024-01-01,2025-01-01,13,1123148,0.454965864116,0.333696089471,1.70975440485e-05,3.53997129333e-05,0.0989920395409,0.936942526953,1.7405906799e-06,1.61064265383e-05,-2.04706580264e-07,3.72936959886e-05,86399
expanding,9,2025-03-01,2025_H1,qi_direct_baseline,qi_only,2024-01-01,2025-02-01,14,1209547,0.508338767833,0.330652402731,2.87792476281e-05,5.76301384749e-05,0.103858426284,0.871863873479,2.91563901811e-06,1.65118669515e-05,2.33303543712e-07,6.08781365388e-05,86396
expanding,9,2025-03-01,2025_H1,lightgbm_qi_ofi,qi_ofi,2024-01-01,2025-02-01,14,1209547,0.510656016183,0.365520170389,2.70652399078e-05,5.67227318239e-05,0.131856382336,0.873354309845,2.67171537281e-06,2.15209111915e-05,2.33303543712e-07,6.08781365388e-05,86396
expanding,9,2025-03-01,2025_H1,lightgbm_extended,extended_book_flow,2024-01-01,2025-02-01,14,1209547,0.515051597145,0.377331197818,2.63023368716e-05,5.64889545265e-05,0.138997577342,0.870497640142,2.85161680001e-06,2.05888122903e-05,2.33303543712e-07,6.08781365388e-05,86396
expanding,10,2025-04-01,2025_H1,qi_direct_baseline,qi_only,2024-01-01,2025-03-01,15,1295943,0.482116967734,0.326810537584,2.87601778623e-05,5.54359799687e-05,0.105769311177,0.866515738604,-2.9302789944e-07,1.73882795642e-05,3.59515615211e-07,5.86228521397e-05,86399
expanding,10,2025-04-01,2025_H1,lightgbm_qi_ofi,qi_ofi,2024-01-01,2025-03-01,15,1295943,0.486776909171,0.364674875062,2.70017525655e-05,5.45900146469e-05,0.132853384177,0.867212329662,-1.93183351219e-07,2.17736804324e-05,3.59515615211e-07,5.86228521397e-05,86399
expanding,10,2025-04-01,2025_H1,lightgbm_extended,extended_book_flow,2024-01-01,2025-03-01,15,1295943,0.491836659457,0.377282007613,2.65881130019e-05,5.43038597713e-05,0.14192053233,0.869084418129,-7.90462436745e-07,2.24708968236e-05,3.59515615211e-07,5.86228521397e-05,86399
expanding,11,2025-05-01,2025_H1,qi_direct_baseline,qi_only,2024-01-01,2025-04-01,16,1382342,0.355270535097,0.242197791293,2.23492209937e-05,4.65156903786e-05,0.052735784956,0.855547636018,1.22467595748e-07,1.52504134091e-05,2.81431971398e-07,4.77929574256e-05,86399
expanding,11,2025-05-01,2025_H1,lightgbm_qi_ofi,qi_ofi,2024-01-01,2025-04-01,16,1382342,0.366100581296,0.286682720857,1.90357933398e-05,4.58187851774e-05,0.0809072726263,0.858319474143,-1.13328024467e-07,1.53649159546e-05,2.81431971398e-07,4.77929574256e-05,86399
expanding,11,2025-05-01,2025_H1,lightgbm_extended,extended_book_flow,2024-01-01,2025-04-01,16,1382342,0.368476758022,0.295972688908,1.75314090897e-05,4.57191440593e-05,0.084900388057,0.857210738893,1.27226580047e-07,1.16670634537e-05,2.81431971398e-07,4.77929574256e-05,86399
expanding,12,2025-06-01,2025_H1,qi_direct_baseline,qi_only,2024-01-01,2025-05-01,17,1468741,0.339597576062,0.230887895956,1.70235004534e-05,3.28313213155e-05,0.00898080771882,0.903330828951,4.3510232819e-07,1.45509354101e-05,1.15728284609e-07,3.29797477006e-05,86399
expanding,12,2025-06-01,2025_H1,lightgbm_qi_ofi,qi_ofi,2024-01-01,2025-05-01,17,1468741,0.346819011517,0.290345935863,1.28571450159e-05,3.178821089e-05,0.0709533679088,0.909341347358,3.23892186842e-07,1.33800258375e-05,1.15728284609e-07,3.29797477006e-05,86399
expanding,12,2025-06-01,2025_H1,lightgbm_extended,extended_book_flow,2024-01-01,2025-05-01,17,1468741,0.347398970329,0.286121128906,1.12289991041e-05,3.16283636961e-05,0.0802733083912,0.910969196093,-5.08311183548e-08,8.13090191758e-06,1.15728284609e-07,3.29797477006e-05,86399
expanding,13,2025-07-01,2025_H2,qi_direct_baseline,qi_only,2024-01-01,2025-06-01,18,1555140,0.374680064321,0.255508927013,1.8482906842e-05,3.30505873548e-05,0.0144494000825,0.908594394064,-2.19139622719e-06,1.57321027642e-05,-1.58424805089e-07,3.32919871695e-05,86393
expanding,13,2025-07-01,2025_H2,lightgbm_qi_ofi,qi_ofi,2024-01-01,2025-06-01,18,1555140,0.383952869603,0.32311585238,1.44792410852e-05,3.18547052611e-05,0.0844801921171,0.910140148392,-1.38894467601e-06,1.5292401911e-05,-1.58424805089e-07,3.32919871695e-05,86393
expanding,13,2025-07-01,2025_H2,lightgbm_extended,extended_book_flow,2024-01-01,2025-06-01,18,1555140,0.386050993499,0.32807113531,1.258623394e-05,3.14689617999e-05,0.106518852508,0.912510305029,-1.21840832788e-06,1.05924056198e-05,-1.58424805089e-07,3.32919871695e-05,86393
expanding,14,2025-08-01,2025_H2,qi_direct_baseline,qi_only,2024-01-01,2025-07-01,19,1641533,0.486873712364,0.353033213487,3.17267738712e-05,6.04269696238e-05,0.113447202783,0.857506361323,2.64797261115e-07,1.58886916799e-05,-2.4923240072e-07,6.41768671751e-05,86399
expanding,14,2025-08-01,2025_H2,lightgbm_qi_ofi,qi_ofi,2024-01-01,2025-07-01,19,1641533,0.491347467962,0.394701135478,2.9620915202e-05,5.91805350469e-05,0.149644062285,0.860217744963,4.04772859447e-08,2.03082342959e-05,-2.4923240072e-07,6.41768671751e-05,86399
expanding,14,2025-08-01,2025_H2,lightgbm_extended,extended_book_flow,2024-01-01,2025-07-01,19,1641533,0.498271336217,0.404133753781,2.82307841724e-05,6.01704444175e-05,0.120958431994,0.866015934593,1.45358556603e-07,1.27324599948e-05,-2.4923240072e-07,6.41768671751e-05,86399
expanding,15,2025-09-01,2025_H2,qi_direct_baseline,qi_only,2024-01-01,2025-08-01,20,1727932,0.462156002446,0.330017071799,2.56692551091e-05,4.52549515417e-05,0.108016812839,0.881199301776,-5.88866744183e-07,1.70675530473e-05,1.04449265045e-07,4.79167958987e-05,86393
expanding,15,2025-09-01,2025_H2,lightgbm_qi_ofi,qi_ofi,2024-01-01,2025-08-01,20,1727932,0.468841829828,0.366138796954,2.36045005243e-05,4.46797079822e-05,0.130548998439,0.884741759934,-6.34135673425e-07,2.02847001621e-05,1.04449265045e-07,4.79167958987e-05,86393
expanding,15,2025-09-01,2025_H2,lightgbm_extended,extended_book_flow,2024-01-01,2025-08-01,20,1727932,0.478688303545,0.387381851019,2.25722807636e-05,4.41800718929e-05,0.149885748937,0.889413697505,-4.67393783651e-07,1.82724987777e-05,1.04449265045e-07,4.79167958987e-05,86393
expanding,16,2025-10-01,2025_H2,qi_direct_baseline,qi_only,2024-01-01,2025-09-01,21,1814325,0.395767814054,0.2736458605,2.18501264054e-05,4.07283037548e-05,0.0632143959783,0.881237742428,-1.93039604773e-06,1.53864735242e-05,4.5124468047e-07,4.20800472675e-05,86398
expanding,16,2025-10-01,2025_H2,lightgbm_qi_ofi,qi_ofi,2024-01-01,2025-09-01,21,1814325,0.407038638029,0.324360176848,1.84730112282e-05,3.99102060307e-05,0.100470311476,0.882690491756,-1.61788821038e-06,1.56765424953e-05,4.5124468047e-07,4.20800472675e-05,86398
expanding,16,2025-10-01,2025_H2,lightgbm_extended,extended_book_flow,2024-01-01,2025-09-01,21,1814325,0.414408556602,0.343558422991,1.74966030433e-05,3.95658758621e-05,0.115924958335,0.885087528147,-1.45282435761e-06,1.4131049201e-05,4.5124468047e-07,4.20800472675e-05,86398
expanding,17,2025-11-01,2025_H2,qi_direct_baseline,qi_only,2024-01-01,2025-10-01,22,1900723,0.366418629795,0.206501252542,1.60960824832e-05,2.53909260954e-05,-0.194909331738,0.942610391419,-1.07732521559e-06,1.60613200921e-05,5.16369702853e-08,2.32279597601e-05,86398
expanding,17,2025-11-01,2025_H2,lightgbm_qi_ofi,qi_ofi,2024-01-01,2025-10-01,22,1900723,0.370158210242,0.268079206734,1.19813592226e-05,2.42403874798e-05,-0.0890729853057,0.944281933417,-1.01085506384e-06,1.54845826283e-05,5.16369702853e-08,2.32279597601e-05,86398
expanding,17,2025-11-01,2025_H2,lightgbm_extended,extended_book_flow,2024-01-01,2025-10-01,22,1900723,0.373433943432,0.277311016286,1.14159380778e-05,2.3787475988e-05,-0.0487563316618,0.945396294749,-5.26486611769e-07,1.46549498702e-05,5.16369702853e-08,2.32279597601e-05,86398
expanding,18,2025-12-01,2025_H2,qi_direct_baseline,qi_only,2024-01-01,2025-11-01,23,1987121,0.440659639074,0.301779022058,4.81538897652e-05,9.48247729496e-05,0.0708684348282,0.783790439253,-4.51409110415e-08,1.57135466198e-05,-5.33966978336e-07,9.83746509085e-05,86399
expanding,18,2025-12-01,2025_H2,lightgbm_qi_ofi,qi_ofi,2024-01-01,2025-11-01,23,1987121,0.44009586386,0.324819662941,4.6460456411e-05,9.3656505407e-05,0.0936217205938,0.784498414751,-1.76006842997e-07,2.12348613236e-05,-5.33966978336e-07,9.83746509085e-05,86399
expanding,18,2025-12-01,2025_H2,lightgbm_extended,extended_book_flow,2024-01-01,2025-11-01,23,1987121,0.445109511668,0.338880466004,4.63076605906e-05,9.31877549578e-05,0.102671855432,0.786160618093,-8.89220260369e-07,2.24914372209e-05,-5.33966978336e-07,9.83746509085e-05,86399
rolling6,1,2024-07-01,2024_H2,qi_direct_baseline,qi_only,2024-01-01,2024-06-01,6,518369,0.439093458377,0.291046009873,2.37992789291e-05,4.70657790794e-05,0.0818819988653,0.910069021518,-7.71492182642e-07,1.67838737805e-05,2.15346817493e-08,4.91197333689e-05,86398
rolling6,1,2024-07-01,2024_H2,lightgbm_qi_ofi,qi_ofi,2024-01-01,2024-06-01,6,518369,0.451254203787,0.32515710269,2.09284904661e-05,4.65486657491e-05,0.101945956308,0.91500879686,-5.88206244424e-07,1.89298836621e-05,2.15346817493e-08,4.91197333689e-05,86398
rolling6,1,2024-07-01,2024_H2,lightgbm_extended,extended_book_flow,2024-01-01,2024-06-01,6,518369,0.454499564317,0.330968753305,2.10210695413e-05,4.64610129626e-05,0.10532490712,0.914738124239,-9.29466448208e-07,1.93011593747e-05,2.15346817493e-08,4.91197333689e-05,86398
rolling6,2,2024-08-01,2024_H2,qi_direct_baseline,qi_only,2024-02-01,2024-07-01,6,518369,0.473792384014,0.317649630124,3.96561576162e-05,7.85404165463e-05,0.0889545779727,0.828536766193,3.18606500201e-07,1.71460583941e-05,1.292975047e-07,8.22854758908e-05,86398
rolling6,2,2024-08-01,2024_H2,lightgbm_qi_ofi,qi_ofi,2024-02-01,2024-07-01,6,518369,0.481630059409,0.339819639656,3.77202302791e-05,7.76918947611e-05,0.108533441734,0.829008559682,2.7665706767e-07,2.11069276038e-05,1.292975047e-07,8.22854758908e-05,86398
rolling6,2,2024-08-01,2024_H2,lightgbm_extended,extended_book_flow,2024-02-01,2024-07-01,6,518369,0.484960621763,0.345676995146,3.75304040514e-05,7.75285248259e-05,0.112278638328,0.832210015502,2.1174451804e-07,2.14557691505e-05,1.292975047e-07,8.22854758908e-05,86398
rolling6,3,2024-09-01,2024_H2,qi_direct_baseline,qi_only,2024-03-01,2024-08-01,6,518370,0.49317958969,0.246689896094,3.22561902207e-05,6.31862204156e-05,0.0496727371947,0.88448994383,2.55404691476e-07,2.28187483337e-05,-3.31992410021e-07,6.48165310263e-05,86395
rolling6,3,2024-09-01,2024_H2,lightgbm_qi_ofi,qi_ofi,2024-03-01,2024-08-01,6,518370,0.498781873266,0.283835463287,2.95192863145e-05,6.26901883658e-05,0.0645349171107,0.885712991484,7.78780649788e-07,2.65274996087e-05,-3.31992410021e-07,6.48165310263e-05,86395
rolling6,3,2024-09-01,2024_H2,lightgbm_extended,extended_book_flow,2024-03-01,2024-08-01,6,518370,0.497817909697,0.290032812781,2.84797290643e-05,6.23899747034e-05,0.0734730606241,0.88630186628,6.73157989174e-07,2.54106789286e-05,-3.31992410021e-07,6.48165310263e-05,86395
rolling6,4,2024-10-01,2024_H2,qi_direct_baseline,qi_only,2024-04-01,2024-09-01,6,518374,0.429878964441,0.281318949108,4.05845647004e-05,8.19418895906e-05,0.073916080439,0.795653225528,3.73971364928e-07,1.78576720625e-05,-4.69612309747e-07,8.51492452924e-05,86397
rolling6,4,2024-10-01,2024_H2,lightgbm_qi_ofi,qi_ofi,2024-04-01,2024-09-01,6,518374,0.443297531416,0.310954241305,3.8452316944e-05,8.10731825309e-05,0.0934477561659,0.795411354134,-8.85921289527e-09,2.16490959242e-05,-4.69612309747e-07,8.51492452924e-05,86397
rolling6,4,2024-10-01,2024_H2,lightgbm_extended,extended_book_flow,2024-04-01,2024-09-01,6,518374,0.449128048074,0.325622997179,3.82572041911e-05,8.06631771896e-05,0.10259384831,0.798659341419,-1.12174605327e-07,2.27477845352e-05,-4.69612309747e-07,8.51492452924e-05,86397
rolling6,5,2024-11-01,2024_H2,qi_direct_baseline,qi_only,2024-05-01,2024-10-01,6,518380,0.435637223621,0.275507050418,3.63053802428e-05,7.12406363577e-05,0.0750824135895,0.818231208041,2.78927079756e-07,1.83250746459e-05,-1.31823929443e-07,7.40757865412e-05,86394
rolling6,5,2024-11-01,2024_H2,lightgbm_qi_ofi,qi_ofi,2024-05-01,2024-10-01,6,518380,0.438816979948,0.296038847488,3.41634201654e-05,7.07597495732e-05,0.0875269815507,0.819046140712,2.26981338162e-07,2.12322275339e-05,-1.31823929443e-07,7.40757865412e-05,86394
rolling6,5,2024-11-01,2024_H2,lightgbm_extended,extended_book_flow,2024-05-01,2024-10-01,6,518380,0.442140772124,0.304130945691,3.34713848144e-05,7.05837070003e-05,0.0920616012674,0.821646163995,1.68921762501e-07,2.10150759815e-05,-1.31823929443e-07,7.40757865412e-05,86394
rolling6,6,2024-12-01,2024_H2,qi_direct_baseline,qi_only,2024-06-01,2024-11-01,6,518376,0.434685035186,0.268568291366,1.96800277545e-05,3.69906891558e-05,0.0451377160437,0.916685533167,-1.40336670868e-06,1.62031230545e-05,9.2930917332e-08,3.78548955989e-05,86398
rolling6,6,2024-12-01,2024_H2,lightgbm_qi_ofi,qi_ofi,2024-06-01,2024-11-01,6,518376,0.443065921916,0.309937283974,1.66482310793e-05,3.63688268268e-05,0.0769728440724,0.918270319221,-1.14760995194e-06,1.68134334695e-05,9.2930917332e-08,3.78548955989e-05,86398
rolling6,6,2024-12-01,2024_H2,lightgbm_extended,extended_book_flow,2024-06-01,2024-11-01,6,518376,0.4441369133,0.312879951633,1.70682323659e-05,3.64318701027e-05,0.0737700412422,0.919100445249,-1.1624642338e-06,1.75880134668e-05,9.2930917332e-08,3.78548955989e-05,86398
rolling6,7,2025-01-01,2025_H1,qi_direct_baseline,qi_only,2024-07-01,2024-12-01,6,518380,0.405693700165,0.250207284457,2.1478062572e-05,3.81232407708e-05,0.0126744329787,0.907606807919,3.93888495698e-07,1.81686086546e-05,1.24962547977e-07,3.83671570913e-05,86399
rolling6,7,2025-01-01,2025_H1,lightgbm_qi_ofi,qi_ofi,2024-07-01,2024-12-01,6,518380,0.408522032157,0.29489515404,1.71105121676e-05,3.70372662456e-05,0.0681229707946,0.909083014936,-1.32924770904e-08,1.65787318839e-05,1.24962547977e-07,3.83671570913e-05,86399
rolling6,7,2025-01-01,2025_H1,lightgbm_extended,extended_book_flow,2024-07-01,2024-12-01,6,518380,0.4096714979,0.299553362661,1.70306778723e-05,3.69751328048e-05,0.0712469680637,0.912209100382,-1.00102037687e-08,1.67076811028e-05,1.24962547977e-07,3.83671570913e-05,86399
rolling6,8,2025-02-01,2025_H1,qi_direct_baseline,qi_only,2024-08-01,2025-01-01,6,518381,0.449520390579,0.276726275343,2.1874563707e-05,3.68300905611e-05,0.0247078670617,0.933684945319,1.84125873889e-06,1.85636424794e-05,-2.04706580264e-07,3.72936959886e-05,86399
rolling6,8,2025-02-01,2025_H1,lightgbm_qi_ofi,qi_ofi,2024-08-01,2025-01-01,6,518381,0.449742661965,0.323149284731,1.79759482489e-05,3.577565083e-05,0.0797533737524,0.935313736136,1.50197717769e-06,1.76551492302e-05,-2.04706580264e-07,3.72936959886e-05,86399
rolling6,8,2025-02-01,2025_H1,lightgbm_extended,extended_book_flow,2024-08-01,2025-01-01,6,518381,0.450745321634,0.32799382442,1.60720656043e-05,3.53371554448e-05,0.102173703303,0.936322035213,1.5235019389e-06,1.43610473611e-05,-2.04706580264e-07,3.72936959886e-05,86399
rolling6,9,2025-03-01,2025_H1,qi_direct_baseline,qi_only,2024-09-01,2025-02-01,6,518382,0.508338767833,0.330652402731,2.79276615462e-05,5.77587992661e-05,0.0998526407621,0.87219508156,2.38474642258e-06,1.46068638577e-05,2.33303543712e-07,6.08781365388e-05,86396
rolling6,9,2025-03-01,2025_H1,lightgbm_qi_ofi,qi_ofi,2024-09-01,2025-02-01,6,518382,0.511423759934,0.365905417673,2.60841335803e-05,5.68421358767e-05,0.128197568048,0.874679142171,2.0014488291e-06,1.80378691902e-05,2.33303543712e-07,6.08781365388e-05,86396
rolling6,9,2025-03-01,2025_H1,lightgbm_extended,extended_book_flow,2024-09-01,2025-02-01,6,518382,0.512996875168,0.369221747976,2.65032383086e-05,5.67068708453e-05,0.132341820249,0.87443073611,2.08197583415e-06,1.91095136394e-05,2.33303543712e-07,6.08781365388e-05,86396
rolling6,10,2025-04-01,2025_H1,qi_direct_baseline,qi_only,2024-10-01,2025-03-01,6,518383,0.482116967734,0.326810537584,2.82534426194e-05,5.54893463233e-05,0.104046790814,0.866036832252,-6.79013939586e-07,1.6260141571e-05,3.59515615211e-07,5.86228521397e-05,86399
rolling6,10,2025-04-01,2025_H1,lightgbm_qi_ofi,qi_ofi,2024-10-01,2025-03-01,6,518383,0.486588836227,0.363592866069,2.6272823177e-05,5.46497941393e-05,0.130953184383,0.866951108015,-4.76714010627e-07,1.94214960643e-05,3.59515615211e-07,5.86228521397e-05,86399
rolling6,10,2025-04-01,2025_H1,lightgbm_extended,extended_book_flow,2024-10-01,2025-03-01,6,518383,0.48838568611,0.367963157099,2.61055626341e-05,5.45624606962e-05,0.133728536356,0.866864034133,-5.60863122134e-07,1.93605261506e-05,3.59515615211e-07,5.86228521397e-05,86399
rolling6,11,2025-05-01,2025_H1,qi_direct_baseline,qi_only,2024-11-01,2025-04-01,6,518385,0.355270535097,0.242197791293,2.12096560752e-05,4.64064681595e-05,0.0571790526053,0.854597291518,-1.4373820267e-07,1.33646044532e-05,2.81431971398e-07,4.77929574256e-05,86399
rolling6,11,2025-05-01,2025_H1,lightgbm_qi_ofi,qi_ofi,2024-11-01,2025-04-01,6,518385,0.366317778638,0.286884361276,1.80218484334e-05,4.58010243898e-05,0.081619672434,0.856022808268,-3.06841601165e-07,1.26092632489e-05,2.81431971398e-07,4.77929574256e-05,86399
rolling6,11,2025-05-01,2025_H1,lightgbm_extended,extended_book_flow,2024-11-01,2025-04-01,6,518385,0.366792286643,0.289357658409,1.75072160841e-05,4.57883489508e-05,0.082127925828,0.856418785143,-1.6244845573e-07,1.19698298307e-05,2.81431971398e-07,4.77929574256e-05,86399
rolling6,12,2025-06-01,2025_H1,qi_direct_baseline,qi_only,2024-12-01,2025-05-01,6,518390,0.339597576062,0.230887895956,1.51544306591e-05,3.23609256864e-05,0.037175318937,0.903581267218,1.68242379157e-07,1.18033597205e-05,1.15728284609e-07,3.29797477006e-05,86399
rolling6,12,2025-06-01,2025_H1,lightgbm_qi_ofi,qi_ofi,2024-12-01,2025-05-01,6,518390,0.347461716185,0.291918017471,1.15362099391e-05,3.15572249652e-05,0.0844059666283,0.909341347358,1.63065493526e-07,1.05649023555e-05,1.15728284609e-07,3.29797477006e-05,86399
rolling6,12,2025-06-01,2025_H1,lightgbm_extended,extended_book_flow,2024-12-01,2025-05-01,6,518390,0.347316511491,0.29323968934,1.12256937021e-05,3.15355940777e-05,0.0856607235871,0.90871525169,5.88966007566e-08,1.02662735013e-05,1.15728284609e-07,3.29797477006e-05,86399
rolling6,13,2025-07-01,2025_H2,qi_direct_baseline,qi_only,2025-01-01,2025-06-01,6,518391,0.374680064321,0.255508927013,1.66515540294e-05,3.25539432953e-05,0.0438461718627,0.909006595218,-2.25104277164e-06,1.29089678088e-05,-1.58424805089e-07,3.32919871695e-05,86393
rolling6,13,2025-07-01,2025_H2,lightgbm_qi_ofi,qi_ofi,2025-01-01,2025-06-01,6,518391,0.384572231498,0.323491791495,1.31850583721e-05,3.15786693093e-05,0.100278261921,0.910964550701,-1.53275187166e-06,1.24881945483e-05,-1.58424805089e-07,3.32919871695e-05,86393
rolling6,13,2025-07-01,2025_H2,lightgbm_extended,extended_book_flow,2025-01-01,2025-06-01,6,518391,0.38353631922,0.323944448196,1.31844795465e-05,3.15798708612e-05,0.10020979273,0.910346248969,-1.53272584775e-06,1.26161632439e-05,-1.58424805089e-07,3.32919871695e-05,86393
rolling6,14,2025-08-01,2025_H2,qi_direct_baseline,qi_only,2025-02-01,2025-07-01,6,518385,0.486873712364,0.353033213487,3.06761019884e-05,6.07850255028e-05,0.10290965923,0.857256079756,-6.96887091528e-08,1.31994637636e-05,-2.4923240072e-07,6.41768671751e-05,86399
rolling6,14,2025-08-01,2025_H2,lightgbm_qi_ofi,qi_ofi,2025-02-01,2025-07-01,6,518385,0.492913215834,0.396792538468,2.83743670536e-05,5.96328923202e-05,0.136594676348,0.85971718183,-2.51469513303e-07,1.61981444151e-05,-2.4923240072e-07,6.41768671751e-05,86399
rolling6,14,2025-08-01,2025_H2,lightgbm_extended,extended_book_flow,2025-02-01,2025-07-01,6,518385,0.49361598943,0.399693834044,2.81297022768e-05,5.96860198745e-05,0.135055557762,0.86009260418,-1.60980296634e-07,1.55653788255e-05,-2.4923240072e-07,6.41768671751e-05,86399
rolling6,15,2025-09-01,2025_H2,qi_direct_baseline,qi_only,2025-03-01,2025-08-01,6,518385,0.462156002446,0.330017071799,2.53327521073e-05,4.52431595041e-05,0.108481598613,0.88094260191,-7.01477613919e-07,1.63938865937e-05,1.04449265045e-07,4.79167958987e-05,86393
rolling6,15,2025-09-01,2025_H2,lightgbm_qi_ofi,qi_ofi,2025-03-01,2025-08-01,6,518385,0.47069487936,0.370037496606,2.26117321469e-05,4.45247858509e-05,0.136568002779,0.884382380121,-7.50303268356e-07,1.80398511925e-05,1.04449265045e-07,4.79167958987e-05,86393
rolling6,15,2025-09-01,2025_H2,lightgbm_extended,extended_book_flow,2025-03-01,2025-08-01,6,518385,0.472382127016,0.374223234805,2.28189235878e-05,4.44516716943e-05,0.13940135813,0.884844439881,-9.50411872385e-07,1.8532042997e-05,1.04449265045e-07,4.79167958987e-05,86393
rolling6,16,2025-10-01,2025_H2,qi_direct_baseline,qi_only,2025-04-01,2025-09-01,6,518382,0.395767814054,0.2736458605,2.10056568513e-05,4.05969859334e-05,0.069245500433,0.881891479625,-1.42380025692e-06,1.40576727498e-05,4.5124468047e-07,4.20800472675e-05,86398
rolling6,16,2025-10-01,2025_H2,lightgbm_qi_ofi,qi_ofi,2025-04-01,2025-09-01,6,518382,0.407998322779,0.324897870629,1.75627641143e-05,3.98298630395e-05,0.104088341495,0.882327304424,-1.16050966881e-06,1.37473877927e-05,4.5124468047e-07,4.20800472675e-05,86398
rolling6,16,2025-10-01,2025_H2,lightgbm_extended,extended_book_flow,2025-04-01,2025-09-01,6,518382,0.408960713922,0.329764369643,1.75422342709e-05,3.97581029941e-05,0.107313697614,0.882835766688,-1.1404329543e-06,1.38624476414e-05,4.5124468047e-07,4.20800472675e-05,86398
rolling6,17,2025-11-01,2025_H2,qi_direct_baseline,qi_only,2025-05-01,2025-10-01,6,518381,0.366418629795,0.206501252542,1.4296428793e-05,2.44005185076e-05,-0.103509255994,0.943028276919,-4.22397595123e-07,1.36639517867e-05,5.16369702853e-08,2.32279597601e-05,86398
rolling6,17,2025-11-01,2025_H2,lightgbm_qi_ofi,qi_ofi,2025-05-01,2025-10-01,6,518381,0.371204074156,0.26781602798,1.0982531381e-05,2.36400207925e-05,-0.0357944470047,0.944003343084,-5.27266980916e-07,1.38152875887e-05,5.16369702853e-08,2.32279597601e-05,86398
rolling6,17,2025-11-01,2025_H2,lightgbm_extended,extended_book_flow,2025-05-01,2025-10-01,6,518381,0.37139825644,0.27043383491,1.09334908372e-05,2.36210630898e-05,-0.0341338385158,0.944978409249,-4.57008182644e-07,1.38721871592e-05,5.16369702853e-08,2.32279597601e-05,86398
rolling6,18,2025-12-01,2025_H2,qi_direct_baseline,qi_only,2025-06-01,2025-11-01,6,518380,0.440659639074,0.301779022058,4.71286516558e-05,9.53827610505e-05,0.0599014752121,0.782559177517,5.18364670657e-07,1.23514942551e-05,-5.33966978336e-07,9.83746509085e-05,86399
rolling6,18,2025-12-01,2025_H2,lightgbm_qi_ofi,qi_ofi,2025-06-01,2025-11-01,6,518380,0.439920747225,0.324187615017,4.55903754704e-05,9.42530098078e-05,0.0820393884293,0.784775448641,5.37369684282e-07,1.69921846266e-05,-5.33966978336e-07,9.83746509085e-05,86399
rolling6,18,2025-12-01,2025_H2,lightgbm_extended,extended_book_flow,2025-06-01,2025-11-01,6,518380,0.441740778404,0.326893324968,4.56118810371e-05,9.41600507461e-05,0.0838492123619,0.785668113399,5.40782037549e-07,1.72742615038e-05,-5.33966978336e-07,9.83746509085e-05,86399
