date,fold_id,comparison,disagreement_type,count,fraction,mean_future_mid_return,median_future_mid_return,p_return_gt_0,p_return_lt_0
2024-07-01,1,qi_direct_baseline_vs_lightgbm_extended,LEFT_FLAT_TO_RIGHT_LONG,2766,0.0320146299683,2.28619107163e-05,0,0.282357194505,0.0130151843818
2024-07-01,1,qi_direct_baseline_vs_lightgbm_extended,LEFT_FLAT_TO_RIGHT_SHORT,3137,0.0363087108498,-2.10455544839e-05,0,0.0162575709276,0.283072999681
2024-07-01,1,qi_direct_baseline_vs_lightgbm_extended,LEFT_LONG_TO_RIGHT_FLAT,2417,0.0279751846108,1.36497016683e-05,0,0.204385601986,0.00289615225486
2024-07-01,1,qi_direct_baseline_vs_lightgbm_extended,LEFT_SHORT_TO_RIGHT_FLAT,3078,0.0356258246719,-1.58417877476e-05,0,0.00422352176738,0.204678362573
2024-07-01,1,qi_direct_baseline_vs_lightgbm_extended,LEFT_LONG_TO_RIGHT_SHORT,0,0,,,,
2024-07-01,1,qi_direct_baseline_vs_lightgbm_extended,LEFT_SHORT_TO_RIGHT_LONG,0,0,,,,
2024-07-01,1,qi_direct_baseline_vs_lightgbm_extended,ANY_DISAGREEMENT,11398,0.131924350101,-1.62779023774e-06,0,0.117476750307,0.136953851553
2024-07-01,1,lightgbm_qi_ofi_vs_lightgbm_extended,LEFT_FLAT_TO_RIGHT_LONG,864,0.0100002314868,3.00855777942e-05,0,0.361111111111,0.0104166666667
2024-07-01,1,lightgbm_qi_ofi_vs_lightgbm_extended,LEFT_FLAT_TO_RIGHT_SHORT,1088,0.0125928840945,-2.43813155708e-05,0,0.0128676470588,0.327205882353
2024-07-01,1,lightgbm_qi_ofi_vs_lightgbm_extended,LEFT_LONG_TO_RIGHT_FLAT,738,0.00854186439501,1.91470879594e-05,0,0.231707317073,0.00813008130081
2024-07-01,1,lightgbm_qi_ofi_vs_lightgbm_extended,LEFT_SHORT_TO_RIGHT_FLAT,1259,0.0145720965763,-1.52050476383e-05,0,0.0111199364575,0.227164416203
2024-07-01,1,lightgbm_qi_ofi_vs_lightgbm_extended,LEFT_LONG_TO_RIGHT_SHORT,0,0,,,,
2024-07-01,1,lightgbm_qi_ofi_vs_lightgbm_extended,LEFT_SHORT_TO_RIGHT_LONG,0,0,,,,
2024-07-01,1,lightgbm_qi_ofi_vs_lightgbm_extended,ANY_DISAGREEMENT,3949,0.0457070765527,-1.40428872863e-06,0,0.129399848063,0.166371233224
2024-08-01,2,qi_direct_baseline_vs_lightgbm_extended,LEFT_FLAT_TO_RIGHT_LONG,4751,0.0549896988356,3.6981073788e-05,0,0.447063776047,0.0580930330457
2024-08-01,2,qi_direct_baseline_vs_lightgbm_extended,LEFT_FLAT_TO_RIGHT_SHORT,5517,0.0638556448066,-3.69941416953e-05,0,0.0565524741707,0.451150987856
2024-08-01,2,qi_direct_baseline_vs_lightgbm_extended,LEFT_LONG_TO_RIGHT_FLAT,1118,0.0129401143545,2.80822548447e-05,0,0.352415026834,0.0169946332737
2024-08-01,2,qi_direct_baseline_vs_lightgbm_extended,LEFT_SHORT_TO_RIGHT_FLAT,1073,0.0124192689646,-2.75168831408e-05,0,0.0242311276794,0.373718546132
2024-08-01,2,qi_direct_baseline_vs_lightgbm_extended,LEFT_LONG_TO_RIGHT_SHORT,0,0,,,,
2024-08-01,2,qi_direct_baseline_vs_lightgbm_extended,LEFT_SHORT_TO_RIGHT_LONG,0,0,,,,
2024-08-01,2,qi_direct_baseline_vs_lightgbm_extended,ANY_DISAGREEMENT,12459,0.144204726961,-2.12932441284e-06,0,0.229231880568,0.255638494261
2024-08-01,2,lightgbm_qi_ofi_vs_lightgbm_extended,LEFT_FLAT_TO_RIGHT_LONG,1052,0.0121762077826,3.94674382217e-05,0,0.48288973384,0.0893536121673
2024-08-01,2,lightgbm_qi_ofi_vs_lightgbm_extended,LEFT_FLAT_TO_RIGHT_SHORT,1550,0.0179402300979,-4.4122517591e-05,0,0.0722580645161,0.496774193548
2024-08-01,2,lightgbm_qi_ofi_vs_lightgbm_extended,LEFT_LONG_TO_RIGHT_FLAT,1073,0.0124192689646,2.76154607973e-05,0,0.382106244175,0.0354147250699
2024-08-01,2,lightgbm_qi_ofi_vs_lightgbm_extended,LEFT_SHORT_TO_RIGHT_FLAT,1235,0.0142943123683,-3.23470142991e-05,0,0.0259109311741,0.402429149798
2024-08-01,2,lightgbm_qi_ofi_vs_lightgbm_extended,LEFT_LONG_TO_RIGHT_SHORT,0,0,,,,
2024-08-01,2,lightgbm_qi_ofi_vs_lightgbm_extended,LEFT_SHORT_TO_RIGHT_LONG,0,0,,,,
2024-08-01,2,lightgbm_qi_ofi_vs_lightgbm_extended,ANY_DISAGREEMENT,4910,0.0568300192134,-7.57379439526e-06,0,0.216293279022,0.284928716904
2024-09-01,3,qi_direct_baseline_vs_lightgbm_extended,LEFT_FLAT_TO_RIGHT_LONG,1524,0.017639909717,1.941495572e-05,0,0.307086614173,0.0728346456693
2024-09-01,3,qi_direct_baseline_vs_lightgbm_extended,LEFT_FLAT_TO_RIGHT_SHORT,1776,0.020556745182,-2.74105142646e-05,0,0.0619369369369,0.324887387387
2024-09-01,3,qi_direct_baseline_vs_lightgbm_extended,LEFT_LONG_TO_RIGHT_FLAT,7631,0.088326870768,1.0982794324e-05,0,0.21884418818,0.0119250425894
2024-09-01,3,qi_direct_baseline_vs_lightgbm_extended,LEFT_SHORT_TO_RIGHT_FLAT,7464,0.0863938885352,-1.23026439909e-05,0,0.0083065380493,0.21422829582
2024-09-01,3,qi_direct_baseline_vs_lightgbm_extended,LEFT_LONG_TO_RIGHT_SHORT,0,0,,,,
2024-09-01,3,qi_direct_baseline_vs_lightgbm_extended,LEFT_SHORT_TO_RIGHT_LONG,0,0,,,,
2024-09-01,3,qi_direct_baseline_vs_lightgbm_extended,ANY_DISAGREEMENT,18395,0.212917414202,-1.47376526657e-06,0,0.125577602609,0.12927425931
2024-09-01,3,lightgbm_qi_ofi_vs_lightgbm_extended,LEFT_FLAT_TO_RIGHT_LONG,892,0.0103246715666,2.584767417e-05,0,0.393497757848,0.054932735426
2024-09-01,3,lightgbm_qi_ofi_vs_lightgbm_extended,LEFT_FLAT_TO_RIGHT_SHORT,748,0.00865790844378,-3.32548808741e-05,0,0.0628342245989,0.409090909091
2024-09-01,3,lightgbm_qi_ofi_vs_lightgbm_extended,LEFT_LONG_TO_RIGHT_FLAT,1665,0.0192719486081,1.60510492457e-05,0,0.289489489489,0.0174174174174
2024-09-01,3,lightgbm_qi_ofi_vs_lightgbm_extended,LEFT_SHORT_TO_RIGHT_FLAT,1182,0.0136813473002,-1.85728521792e-05,0,0.0177664974619,0.268189509306
2024-09-01,3,lightgbm_qi_ofi_vs_lightgbm_extended,LEFT_LONG_TO_RIGHT_SHORT,0,0,,,,
2024-09-01,3,lightgbm_qi_ofi_vs_lightgbm_extended,LEFT_SHORT_TO_RIGHT_LONG,0,0,,,,
2024-09-01,3,lightgbm_qi_ofi_vs_lightgbm_extended,ANY_DISAGREEMENT,4487,0.0519358759187,6.58203740614e-07,0,0.200802317807,0.156229106307
2024-10-01,4,qi_direct_baseline_vs_lightgbm_extended,LEFT_FLAT_TO_RIGHT_LONG,3203,0.0370730465178,3.83003006033e-05,0,0.46300343428,0.0964720574461
2024-10-01,4,qi_direct_baseline_vs_lightgbm_extended,LEFT_FLAT_TO_RIGHT_SHORT,4145,0.0479762028774,-3.75122922059e-05,0,0.0984318455971,0.482750301568
2024-10-01,4,qi_direct_baseline_vs_lightgbm_extended,LEFT_LONG_TO_RIGHT_FLAT,2872,0.0332418949732,1.62940370631e-05,0,0.221100278552,0.0125348189415
2024-10-01,4,qi_direct_baseline_vs_lightgbm_extended,LEFT_SHORT_TO_RIGHT_FLAT,2334,0.0270148269037,-1.52806321493e-05,0,0.0137103684662,0.244644387318
2024-10-01,4,qi_direct_baseline_vs_lightgbm_extended,LEFT_LONG_TO_RIGHT_SHORT,0,0,,,,
2024-10-01,4,qi_direct_baseline_vs_lightgbm_extended,LEFT_SHORT_TO_RIGHT_LONG,0,0,,,,
2024-10-01,4,qi_direct_baseline_vs_lightgbm_extended,ANY_DISAGREEMENT,12554,0.145305971272,-1.72702798727e-06,0,0.203759757846,0.232356221125
2024-10-01,4,lightgbm_qi_ofi_vs_lightgbm_extended,LEFT_FLAT_TO_RIGHT_LONG,1576,0.0182413741218,4.52152639254e-05,0,0.485406091371,0.0939086294416
2024-10-01,4,lightgbm_qi_ofi_vs_lightgbm_extended,LEFT_FLAT_TO_RIGHT_SHORT,2054,0.0237739736333,-4.5465346436e-05,0,0.121713729309,0.499026290166
2024-10-01,4,lightgbm_qi_ofi_vs_lightgbm_extended,LEFT_LONG_TO_RIGHT_FLAT,804,0.00930587867634,2.18039773146e-05,0,0.298507462687,0.0161691542289
2024-10-01,4,lightgbm_qi_ofi_vs_lightgbm_extended,LEFT_SHORT_TO_RIGHT_FLAT,861,0.00996562380638,-2.22065210822e-05,0,0.0371660859466,0.339140534262
2024-10-01,4,lightgbm_qi_ofi_vs_lightgbm_extended,LEFT_LONG_TO_RIGHT_SHORT,0,0,,,,
2024-10-01,4,lightgbm_qi_ofi_vs_lightgbm_extended,LEFT_SHORT_TO_RIGHT_LONG,0,0,,,,
2024-10-01,4,lightgbm_qi_ofi_vs_lightgbm_extended,ANY_DISAGREEMENT,5295,0.0612868502379,-4.47893909801e-06,0,0.243059490085,0.279131255902
2024-11-01,5,qi_direct_baseline_vs_lightgbm_extended,LEFT_FLAT_TO_RIGHT_LONG,2145,0.0248281130634,3.33004469624e-05,0,0.419114219114,0.0662004662005
2024-11-01,5,qi_direct_baseline_vs_lightgbm_extended,LEFT_FLAT_TO_RIGHT_SHORT,3118,0.0360904692455,-3.2572764066e-05,0,0.077293136626,0.411161000641
2024-11-01,5,qi_direct_baseline_vs_lightgbm_extended,LEFT_LONG_TO_RIGHT_FLAT,2815,0.0325832812464,2.20024345464e-05,0,0.33214920071,0.0117229129663
2024-11-01,5,qi_direct_baseline_vs_lightgbm_extended,LEFT_SHORT_TO_RIGHT_FLAT,2653,0.030708151029,-2.19929001762e-05,0,0.0143234074632,0.312476441764
2024-11-01,5,qi_direct_baseline_vs_lightgbm_extended,LEFT_LONG_TO_RIGHT_SHORT,0,0,,,,
2024-11-01,5,qi_direct_baseline_vs_lightgbm_extended,LEFT_SHORT_TO_RIGHT_LONG,0,0,,,,
2024-11-01,5,qi_direct_baseline_vs_lightgbm_extended,ANY_DISAGREEMENT,10731,0.124210014584,-2.47346291517e-06,0,0.196906159724,0.213027676824
2024-11-01,5,lightgbm_qi_ofi_vs_lightgbm_extended,LEFT_FLAT_TO_RIGHT_LONG,574,0.00664397990601,3.61062064402e-05,0,0.487804878049,0.108013937282
2024-11-01,5,lightgbm_qi_ofi_vs_lightgbm_extended,LEFT_FLAT_TO_RIGHT_SHORT,1124,0.0130101627428,-3.45545679638e-05,0,0.112989323843,0.419039145907
2024-11-01,5,lightgbm_qi_ofi_vs_lightgbm_extended,LEFT_LONG_TO_RIGHT_FLAT,1582,0.0183114568141,2.71309100524e-05,0,0.37610619469,0.027180783818
2024-11-01,5,lightgbm_qi_ofi_vs_lightgbm_extended,LEFT_SHORT_TO_RIGHT_FLAT,1221,0.0141329258976,-2.76770422949e-05,0,0.026208026208,0.369369369369
2024-11-01,5,lightgbm_qi_ofi_vs_lightgbm_extended,LEFT_LONG_TO_RIGHT_SHORT,0,0,,,,
2024-11-01,5,lightgbm_qi_ofi_vs_lightgbm_extended,LEFT_SHORT_TO_RIGHT_LONG,0,0,,,,
2024-11-01,5,lightgbm_qi_ofi_vs_lightgbm_extended,ANY_DISAGREEMENT,4501,0.0520985253606,-1.99665426213e-06,0,0.229726727394,0.228171517441
2024-12-01,6,qi_direct_baseline_vs_lightgbm_extended,LEFT_FLAT_TO_RIGHT_LONG,1632,0.0188893261418,1.86554236802e-05,0,0.317401960784,0.015318627451
2024-12-01,6,qi_direct_baseline_vs_lightgbm_extended,LEFT_FLAT_TO_RIGHT_SHORT,1955,0.0226278386074,-1.83468826574e-05,0,0.0153452685422,0.290537084399
2024-12-01,6,qi_direct_baseline_vs_lightgbm_extended,LEFT_LONG_TO_RIGHT_FLAT,2705,0.0313085951064,1.25980545238e-05,0,0.218853974122,0.00554528650647
2024-12-01,6,qi_direct_baseline_vs_lightgbm_extended,LEFT_SHORT_TO_RIGHT_FLAT,4367,0.0505451515081,-1.07304424424e-05,0,0.00503778337531,0.208152049462
2024-12-01,6,qi_direct_baseline_vs_lightgbm_extended,LEFT_LONG_TO_RIGHT_SHORT,0,0,,,,
2024-12-01,6,qi_direct_baseline_vs_lightgbm_extended,LEFT_SHORT_TO_RIGHT_LONG,0,0,,,,
2024-12-01,6,qi_direct_baseline_vs_lightgbm_extended,ANY_DISAGREEMENT,10659,0.123370911364,-1.70790963582e-06,0,0.109015855146,0.14232104325
2024-12-01,6,lightgbm_qi_ofi_vs_lightgbm_extended,LEFT_FLAT_TO_RIGHT_LONG,898,0.0103937591148,2.41946557999e-05,0,0.396436525612,0.011135857461
2024-12-01,6,lightgbm_qi_ofi_vs_lightgbm_extended,LEFT_FLAT_TO_RIGHT_SHORT,1003,0.0116090650247,-1.95530938966e-05,0,0.0229312063809,0.346959122632
2024-12-01,6,lightgbm_qi_ofi_vs_lightgbm_extended,LEFT_LONG_TO_RIGHT_FLAT,576,0.00666682099123,1.7231092312e-05,0,0.284722222222,0.0104166666667
2024-12-01,6,lightgbm_qi_ofi_vs_lightgbm_extended,LEFT_SHORT_TO_RIGHT_FLAT,907,0.0104979281928,-1.44892049535e-05,0,0.00661521499449,0.216097023153
2024-12-01,6,lightgbm_qi_ofi_vs_lightgbm_extended,LEFT_LONG_TO_RIGHT_SHORT,0,0,,,,
2024-12-01,6,lightgbm_qi_ofi_vs_lightgbm_extended,LEFT_SHORT_TO_RIGHT_LONG,0,0,,,,
2024-12-01,6,lightgbm_qi_ofi_vs_lightgbm_extended,ANY_DISAGREEMENT,3384,0.0391675733235,-3.25517727835e-07,0,0.162234042553,0.16548463357
2025-01-01,7,qi_direct_baseline_vs_lightgbm_extended,LEFT_FLAT_TO_RIGHT_LONG,1863,0.0215627495689,1.55883318552e-05,0,0.216317767042,0.0150295222759
2025-01-01,7,qi_direct_baseline_vs_lightgbm_extended,LEFT_FLAT_TO_RIGHT_SHORT,1401,0.0162154654568,-1.37306611081e-05,0,0.0185581727338,0.231263383298
2025-01-01,7,qi_direct_baseline_vs_lightgbm_extended,LEFT_LONG_TO_RIGHT_FLAT,3994,0.0462273868911,1.28541259467e-05,0,0.190035052579,0.00325488232349
2025-01-01,7,qi_direct_baseline_vs_lightgbm_extended,LEFT_SHORT_TO_RIGHT_FLAT,4220,0.0488431579069,-1.09480126478e-05,0,0.00616113744076,0.192417061611
2025-01-01,7,qi_direct_baseline_vs_lightgbm_extended,LEFT_LONG_TO_RIGHT_SHORT,0,0,,,,
2025-01-01,7,qi_direct_baseline_vs_lightgbm_extended,LEFT_SHORT_TO_RIGHT_LONG,0,0,,,,
2025-01-01,7,qi_direct_baseline_vs_lightgbm_extended,ANY_DISAGREEMENT,11478,0.132848759824,1.30189681927e-06,0,0.105767555323,0.102543997212
2025-01-01,7,lightgbm_qi_ofi_vs_lightgbm_extended,LEFT_FLAT_TO_RIGHT_LONG,538,0.00622692392273,3.18704338388e-05,0,0.355018587361,0.0185873605948
2025-01-01,7,lightgbm_qi_ofi_vs_lightgbm_extended,LEFT_FLAT_TO_RIGHT_SHORT,504,0.00583340084955,-2.64799111635e-05,0,0.0178571428571,0.396825396825
2025-01-01,7,lightgbm_qi_ofi_vs_lightgbm_extended,LEFT_LONG_TO_RIGHT_FLAT,995,0.0115163369946,1.25042119907e-05,0,0.203015075377,0.00502512562814
2025-01-01,7,lightgbm_qi_ofi_vs_lightgbm_extended,LEFT_SHORT_TO_RIGHT_FLAT,920,0.010648271392,-1.23591545289e-05,0,0.0054347826087,0.210869565217
2025-01-01,7,lightgbm_qi_ofi_vs_lightgbm_extended,LEFT_LONG_TO_RIGHT_SHORT,0,0,,,,
2025-01-01,7,lightgbm_qi_ofi_vs_lightgbm_extended,LEFT_SHORT_TO_RIGHT_LONG,0,0,,,,
2025-01-01,7,lightgbm_qi_ofi_vs_lightgbm_extended,ANY_DISAGREEMENT,2957,0.0342249331589,1.64750995707e-06,0,0.137639499493,0.13831586067
2025-02-01,8,qi_direct_baseline_vs_lightgbm_extended,LEFT_FLAT_TO_RIGHT_LONG,1122,0.0129862614151,1.21138264105e-05,0,0.223707664884,0.0169340463458
2025-02-01,8,qi_direct_baseline_vs_lightgbm_extended,LEFT_FLAT_TO_RIGHT_SHORT,697,0.00806722300027,-1.77250347002e-05,0,0.0114777618364,0.261119081779
2025-02-01,8,qi_direct_baseline_vs_lightgbm_extended,LEFT_LONG_TO_RIGHT_FLAT,6444,0.0745841965763,9.80742925609e-06,0,0.195996275605,0.00310366232154
2025-02-01,8,qi_direct_baseline_vs_lightgbm_extended,LEFT_SHORT_TO_RIGHT_FLAT,5020,0.0581025243348,-1.33448454888e-05,0,0.00298804780876,0.206772908367
2025-02-01,8,qi_direct_baseline_vs_lightgbm_extended,LEFT_LONG_TO_RIGHT_SHORT,0,0,,,,
2025-02-01,8,qi_direct_baseline_vs_lightgbm_extended,LEFT_SHORT_TO_RIGHT_LONG,0,0,,,,
2025-02-01,8,qi_direct_baseline_vs_lightgbm_extended,ANY_DISAGREEMENT,13283,0.153740205326,-1.92327499903e-07,0,0.115711812091,0.0947828050892
2025-02-01,8,lightgbm_qi_ofi_vs_lightgbm_extended,LEFT_FLAT_TO_RIGHT_LONG,1393,0.0161228717925,1.71399764802e-05,0,0.330222541278,0.00430725053841
2025-02-01,8,lightgbm_qi_ofi_vs_lightgbm_extended,LEFT_FLAT_TO_RIGHT_SHORT,519,0.00600701397007,-2.55351297095e-05,0,0.00963391136802,0.42774566474
2025-02-01,8,lightgbm_qi_ofi_vs_lightgbm_extended,LEFT_LONG_TO_RIGHT_FLAT,2042,0.0236345328071,1.15775094643e-05,0,0.211557296768,0.00440744368266
2025-02-01,8,lightgbm_qi_ofi_vs_lightgbm_extended,LEFT_SHORT_TO_RIGHT_FLAT,2028,0.0234724938946,-1.55279255074e-05,0,0.00739644970414,0.222879684418
2025-02-01,8,lightgbm_qi_ofi_vs_lightgbm_extended,LEFT_LONG_TO_RIGHT_SHORT,0,0,,,,
2025-02-01,8,lightgbm_qi_ofi_vs_lightgbm_extended,LEFT_SHORT_TO_RIGHT_LONG,0,0,,,,
2025-02-01,8,lightgbm_qi_ofi_vs_lightgbm_extended,ANY_DISAGREEMENT,5982,0.0692369124643,4.63707173974e-07,0,0.152457372116,0.115178869943
2025-03-01,9,qi_direct_baseline_vs_lightgbm_extended,LEFT_FLAT_TO_RIGHT_LONG,1989,0.023021899162,2.14605235159e-05,0,0.32327802916,0.0492709904475
2025-03-01,9,qi_direct_baseline_vs_lightgbm_extended,LEFT_FLAT_TO_RIGHT_SHORT,1889,0.0218644381684,-3.02885856568e-05,0,0.0344097406035,0.420328215987
2025-03-01,9,qi_direct_baseline_vs_lightgbm_extended,LEFT_LONG_TO_RIGHT_FLAT,3897,0.0451062549192,1.75315999421e-05,0,0.284321272774,0.0100076982294
2025-03-01,9,qi_direct_baseline_vs_lightgbm_extended,LEFT_SHORT_TO_RIGHT_FLAT,2777,0.0321426917913,-2.22719334007e-05,0,0.00936262153403,0.294202376665
2025-03-01,9,qi_direct_baseline_vs_lightgbm_extended,LEFT_LONG_TO_RIGHT_SHORT,0,0,,,,
2025-03-01,9,qi_direct_baseline_vs_lightgbm_extended,LEFT_SHORT_TO_RIGHT_LONG,0,0,,,,
2025-03-01,9,qi_direct_baseline_vs_lightgbm_extended,ANY_DISAGREEMENT,10552,0.122135284041,-7.63710302489e-07,0,0.174564063685,0.165655799848
2025-03-01,9,lightgbm_qi_ofi_vs_lightgbm_extended,LEFT_FLAT_TO_RIGHT_LONG,1376,0.0159266632714,3.0517499502e-05,0,0.417877906977,0.0283430232558
2025-03-01,9,lightgbm_qi_ofi_vs_lightgbm_extended,LEFT_FLAT_TO_RIGHT_SHORT,908,0.0105097458216,-4.43227770183e-05,-1.52951884697e-06,0.0253303964758,0.525330396476
2025-03-01,9,lightgbm_qi_ofi_vs_lightgbm_extended,LEFT_LONG_TO_RIGHT_FLAT,2181,0.0252442242696,1.98318082321e-05,0,0.284273269143,0.0229252636405
2025-03-01,9,lightgbm_qi_ofi_vs_lightgbm_extended,LEFT_SHORT_TO_RIGHT_FLAT,1881,0.0217718412889,-2.36468044143e-05,0,0.0154173312068,0.315789473684
2025-03-01,9,lightgbm_qi_ofi_vs_lightgbm_extended,LEFT_LONG_TO_RIGHT_SHORT,0,0,,,,
2025-03-01,9,lightgbm_qi_ofi_vs_lightgbm_extended,LEFT_SHORT_TO_RIGHT_LONG,0,0,,,,
2025-03-01,9,lightgbm_qi_ofi_vs_lightgbm_extended,ANY_DISAGREEMENT,6346,0.0734524746516,8.20252809696e-08,0,0.196501733375,0.182792310117
2025-04-01,10,qi_direct_baseline_vs_lightgbm_extended,LEFT_FLAT_TO_RIGHT_LONG,2389,0.0276507829952,2.69368563971e-05,0,0.363331938049,0.0573461699456
2025-04-01,10,qi_direct_baseline_vs_lightgbm_extended,LEFT_FLAT_TO_RIGHT_SHORT,3496,0.0404634312897,-2.34391965175e-05,0,0.0574942791762,0.330091533181
2025-04-01,10,qi_direct_baseline_vs_lightgbm_extended,LEFT_LONG_TO_RIGHT_FLAT,3373,0.0390398037014,1.66761174117e-05,0,0.249925882004,0.00948710346872
2025-04-01,10,qi_direct_baseline_vs_lightgbm_extended,LEFT_SHORT_TO_RIGHT_FLAT,3494,0.0404402828736,-1.74867373884e-05,0,0.00944476244991,0.258156840298
2025-04-01,10,qi_direct_baseline_vs_lightgbm_extended,LEFT_LONG_TO_RIGHT_SHORT,0,0,,,,
2025-04-01,10,qi_direct_baseline_vs_lightgbm_extended,LEFT_SHORT_TO_RIGHT_LONG,0,0,,,,
2025-04-01,10,qi_direct_baseline_vs_lightgbm_extended,ANY_DISAGREEMENT,12752,0.14759430086,-1.75983355535e-06,0,0.152525094103,0.174482434128
2025-04-01,10,lightgbm_qi_ofi_vs_lightgbm_extended,LEFT_FLAT_TO_RIGHT_LONG,774,0.00895843701895,3.71432740499e-05,0,0.456072351421,0.0348837209302
2025-04-01,10,lightgbm_qi_ofi_vs_lightgbm_extended,LEFT_FLAT_TO_RIGHT_SHORT,1144,0.0132408939918,-3.57576917523e-05,0,0.0506993006993,0.453671328671
2025-04-01,10,lightgbm_qi_ofi_vs_lightgbm_extended,LEFT_LONG_TO_RIGHT_FLAT,1659,0.0192016111298,2.23008081318e-05,0,0.311633514165,0.0192887281495
2025-04-01,10,lightgbm_qi_ofi_vs_lightgbm_extended,LEFT_SHORT_TO_RIGHT_FLAT,1252,0.0144909084596,-1.78742585003e-05,0,0.0231629392971,0.259584664537
2025-04-01,10,lightgbm_qi_ofi_vs_lightgbm_extended,LEFT_LONG_TO_RIGHT_SHORT,0,0,,,,
2025-04-01,10,lightgbm_qi_ofi_vs_lightgbm_extended,LEFT_SHORT_TO_RIGHT_LONG,0,0,,,,
2025-04-01,10,lightgbm_qi_ofi_vs_lightgbm_extended,ANY_DISAGREEMENT,4829,0.0558918506001,5.09538993241e-07,0,0.198177676538,0.186995237109
2025-05-01,11,qi_direct_baseline_vs_lightgbm_extended,LEFT_FLAT_TO_RIGHT_LONG,346,0.00400467598005,3.4939362556e-05,0,0.387283236994,0.0520231213873
2025-05-01,11,qi_direct_baseline_vs_lightgbm_extended,LEFT_FLAT_TO_RIGHT_SHORT,83,0.00096065926689,-4.62865111724e-05,0,0.0481927710843,0.481927710843
2025-05-01,11,qi_direct_baseline_vs_lightgbm_extended,LEFT_LONG_TO_RIGHT_FLAT,2906,0.0336346485492,1.68814243527e-05,0,0.200275292498,0.00447350309704
2025-05-01,11,qi_direct_baseline_vs_lightgbm_extended,LEFT_SHORT_TO_RIGHT_FLAT,2820,0.0326392666582,-1.93754641612e-05,0,0.00744680851064,0.250354609929
2025-05-01,11,qi_direct_baseline_vs_lightgbm_extended,LEFT_LONG_TO_RIGHT_SHORT,0,0,,,,
2025-05-01,11,qi_direct_baseline_vs_lightgbm_extended,LEFT_SHORT_TO_RIGHT_LONG,0,0,,,,
2025-05-01,11,qi_direct_baseline_vs_lightgbm_extended,ANY_DISAGREEMENT,6155,0.0712392504543,4.33119293485e-07,0,0.120389926889,0.126238830219
2025-05-01,11,lightgbm_qi_ofi_vs_lightgbm_extended,LEFT_FLAT_TO_RIGHT_LONG,302,0.00349541082651,2.95373569402e-05,0,0.334437086093,0.00993377483444
2025-05-01,11,lightgbm_qi_ofi_vs_lightgbm_extended,LEFT_FLAT_TO_RIGHT_SHORT,175,0.00202548640609,-4.19634690308e-05,0,0.0285714285714,0.411428571429
2025-05-01,11,lightgbm_qi_ofi_vs_lightgbm_extended,LEFT_LONG_TO_RIGHT_FLAT,2811,0.0325350987859,2.26414122232e-05,0,0.266808964781,0.0120953397367
2025-05-01,11,lightgbm_qi_ofi_vs_lightgbm_extended,LEFT_SHORT_TO_RIGHT_FLAT,3726,0.0431254991377,-2.13267223153e-05,0,0.0187869028449,0.291196994096
2025-05-01,11,lightgbm_qi_ofi_vs_lightgbm_extended,LEFT_LONG_TO_RIGHT_SHORT,0,0,,,,
2025-05-01,11,lightgbm_qi_ofi_vs_lightgbm_extended,LEFT_SHORT_TO_RIGHT_LONG,0,0,,,,
2025-05-01,11,lightgbm_qi_ofi_vs_lightgbm_extended,ANY_DISAGREEMENT,7014,0.0811814951562,-2.03046519414e-06,0,0.132021670944,0.170230966638
2025-06-01,12,qi_direct_baseline_vs_lightgbm_extended,LEFT_FLAT_TO_RIGHT_LONG,105,0.00121529184366,3.10056726615e-05,0,0.342857142857,0.0190476190476
2025-06-01,12,qi_direct_baseline_vs_lightgbm_extended,LEFT_FLAT_TO_RIGHT_SHORT,69,0.000798620354402,-1.140407951e-05,0,0.0289855072464,0.304347826087
2025-06-01,12,qi_direct_baseline_vs_lightgbm_extended,LEFT_LONG_TO_RIGHT_FLAT,4835,0.0559612958483,1.72241403339e-05,0,0.251913133402,0.00330920372285
2025-06-01,12,qi_direct_baseline_vs_lightgbm_extended,LEFT_SHORT_TO_RIGHT_FLAT,3837,0.0444102362296,-1.81524281277e-05,0,0.0036486838676,0.272348188689
2025-06-01,12,qi_direct_baseline_vs_lightgbm_extended,LEFT_LONG_TO_RIGHT_SHORT,1,1.15742080348e-05,-9.21600231096e-05,-9.21600231096e-05,0,1
2025-06-01,12,qi_direct_baseline_vs_lightgbm_extended,LEFT_SHORT_TO_RIGHT_LONG,0,0,,,,
2025-06-01,12,qi_direct_baseline_vs_lightgbm_extended,ANY_DISAGREEMENT,8847,0.102397018484,1.80902067463e-06,0,0.14355148638,0.122640443088
2025-06-01,12,lightgbm_qi_ofi_vs_lightgbm_extended,LEFT_FLAT_TO_RIGHT_LONG,23,0.000266206784801,1.42510697215e-05,0,0.304347826087,0.0869565217391
2025-06-01,12,lightgbm_qi_ofi_vs_lightgbm_extended,LEFT_FLAT_TO_RIGHT_SHORT,92,0.0010648271392,-2.2223763138e-05,0,0.0217391304348,0.391304347826
2025-06-01,12,lightgbm_qi_ofi_vs_lightgbm_extended,LEFT_LONG_TO_RIGHT_FLAT,3127,0.0361925485249,2.069149708e-05,0,0.289094979213,0.00511672529581
2025-06-01,12,lightgbm_qi_ofi_vs_lightgbm_extended,LEFT_SHORT_TO_RIGHT_FLAT,2914,0.0337272422135,-2.14597560787e-05,0,0.00617707618394,0.296499656829
2025-06-01,12,lightgbm_qi_ofi_vs_lightgbm_extended,LEFT_LONG_TO_RIGHT_SHORT,0,0,,,,
2025-06-01,12,lightgbm_qi_ofi_vs_lightgbm_extended,LEFT_SHORT_TO_RIGHT_LONG,0,0,,,,
2025-06-01,12,lightgbm_qi_ofi_vs_lightgbm_extended,ANY_DISAGREEMENT,6156,0.0712508246623,7.33870290616e-08,0,0.151234567901,0.149122807018
2025-07-01,13,qi_direct_baseline_vs_lightgbm_extended,LEFT_FLAT_TO_RIGHT_LONG,170,0.00196775201695,2.17498604307e-05,0,0.305882352941,0.0470588235294
2025-07-01,13,qi_direct_baseline_vs_lightgbm_extended,LEFT_FLAT_TO_RIGHT_SHORT,79,0.000914425937287,-3.17252585544e-05,0,0.0379746835443,0.367088607595
2025-07-01,13,qi_direct_baseline_vs_lightgbm_extended,LEFT_LONG_TO_RIGHT_FLAT,4696,0.0543562557152,1.56140018471e-05,0,0.234454855196,0.00425894378194
2025-07-01,13,qi_direct_baseline_vs_lightgbm_extended,LEFT_SHORT_TO_RIGHT_FLAT,7484,0.0866273887931,-1.02419611813e-05,0,0.00173703901657,0.172234099412
2025-07-01,13,qi_direct_baseline_vs_lightgbm_extended,LEFT_LONG_TO_RIGHT_SHORT,0,0,,,,
2025-07-01,13,qi_direct_baseline_vs_lightgbm_extended,LEFT_SHORT_TO_RIGHT_LONG,0,0,,,,
2025-07-01,13,qi_direct_baseline_vs_lightgbm_extended,ANY_DISAGREEMENT,12429,0.143865822462,-1.71880598552e-07,0,0.0940542280151,0.10829511626
2025-07-01,13,lightgbm_qi_ofi_vs_lightgbm_extended,LEFT_FLAT_TO_RIGHT_LONG,70,0.000810250830507,4.13698367775e-05,0,0.485714285714,0.0714285714286
2025-07-01,13,lightgbm_qi_ofi_vs_lightgbm_extended,LEFT_FLAT_TO_RIGHT_SHORT,169,0.00195617700508,-1.6638844574e-05,0,0.0236686390533,0.266272189349
2025-07-01,13,lightgbm_qi_ofi_vs_lightgbm_extended,LEFT_LONG_TO_RIGHT_FLAT,2877,0.0333013091338,1.82119414615e-05,0,0.275634341328,0.0100799443865
2025-07-01,13,lightgbm_qi_ofi_vs_lightgbm_extended,LEFT_SHORT_TO_RIGHT_FLAT,3909,0.0452467213779,-1.50357583297e-05,0,0.00511639805577,0.239703248913
2025-07-01,13,lightgbm_qi_ofi_vs_lightgbm_extended,LEFT_LONG_TO_RIGHT_SHORT,0,0,,,,
2025-07-01,13,lightgbm_qi_ofi_vs_lightgbm_extended,LEFT_SHORT_TO_RIGHT_LONG,0,0,,,,
2025-07-01,13,lightgbm_qi_ofi_vs_lightgbm_extended,ANY_DISAGREEMENT,7025,0.0813144583473,-8.96099627712e-07,0,0.121138790036,0.14462633452
2025-08-01,14,qi_direct_baseline_vs_lightgbm_extended,LEFT_FLAT_TO_RIGHT_LONG,430,0.00497690945497,4.50893368965e-05,0,0.451162790698,0.0627906976744
2025-08-01,14,qi_direct_baseline_vs_lightgbm_extended,LEFT_FLAT_TO_RIGHT_SHORT,229,0.00265049363997,-4.28658484094e-05,-1.52760696776e-06,0.0698689956332,0.515283842795
2025-08-01,14,qi_direct_baseline_vs_lightgbm_extended,LEFT_LONG_TO_RIGHT_FLAT,4249,0.0491788099399,3.15952220695e-05,0,0.385973170158,0.0145916686279
2025-08-01,14,qi_direct_baseline_vs_lightgbm_extended,LEFT_SHORT_TO_RIGHT_FLAT,4509,0.052188104029,-3.37878036271e-05,0,0.0110889332446,0.399866932801
2025-08-01,14,qi_direct_baseline_vs_lightgbm_extended,LEFT_LONG_TO_RIGHT_SHORT,0,0,,,,
2025-08-01,14,qi_direct_baseline_vs_lightgbm_extended,LEFT_SHORT_TO_RIGHT_LONG,0,0,,,,
2025-08-01,14,qi_direct_baseline_vs_lightgbm_extended,ANY_DISAGREEMENT,9417,0.108994317064,-9.05699522287e-07,0,0.201762769459,0.213443771902
2025-08-01,14,lightgbm_qi_ofi_vs_lightgbm_extended,LEFT_FLAT_TO_RIGHT_LONG,156,0.00180557645343,6.11221649267e-05,3.41711590846e-05,0.621794871795,0.0705128205128
2025-08-01,14,lightgbm_qi_ofi_vs_lightgbm_extended,LEFT_FLAT_TO_RIGHT_SHORT,208,0.00240743527124,-4.76986175865e-05,-3.36392212624e-05,0.0913461538462,0.552884615385
2025-08-01,14,lightgbm_qi_ofi_vs_lightgbm_extended,LEFT_LONG_TO_RIGHT_FLAT,6841,0.0791791571662,2.99506428747e-05,0,0.37304487648,0.0266042976173
2025-08-01,14,lightgbm_qi_ofi_vs_lightgbm_extended,LEFT_SHORT_TO_RIGHT_FLAT,7409,0.0857533073299,-3.14168327583e-05,0,0.0228100958294,0.38237278985
2025-08-01,14,lightgbm_qi_ofi_vs_lightgbm_extended,LEFT_LONG_TO_RIGHT_SHORT,0,0,,,,
2025-08-01,14,lightgbm_qi_ofi_vs_lightgbm_extended,LEFT_SHORT_TO_RIGHT_LONG,0,0,,,,
2025-08-01,14,lightgbm_qi_ofi_vs_lightgbm_extended,ANY_DISAGREEMENT,14614,0.169145476221,-1.93384567743e-06,0,0.194128917476,0.214930888189
2025-09-01,15,qi_direct_baseline_vs_lightgbm_extended,LEFT_FLAT_TO_RIGHT_LONG,2736,0.031669232461,2.55058712803e-05,0,0.352339181287,0.0215643274854
2025-09-01,15,qi_direct_baseline_vs_lightgbm_extended,LEFT_FLAT_TO_RIGHT_SHORT,2625,0.030384406144,-2.21087831669e-05,0,0.031619047619,0.336
2025-09-01,15,qi_direct_baseline_vs_lightgbm_extended,LEFT_LONG_TO_RIGHT_FLAT,3562,0.0412301922609,1.44251816122e-05,0,0.21560920831,0.0078607523863
2025-09-01,15,qi_direct_baseline_vs_lightgbm_extended,LEFT_SHORT_TO_RIGHT_FLAT,4705,0.0544604308219,-1.46699326216e-05,0,0.0129649309245,0.224867162593
2025-09-01,15,qi_direct_baseline_vs_lightgbm_extended,LEFT_LONG_TO_RIGHT_SHORT,1,1.15750118644e-05,-0.000195838224452,-0.000195838224452,0,1
2025-09-01,15,qi_direct_baseline_vs_lightgbm_extended,LEFT_SHORT_TO_RIGHT_LONG,0,0,,,,
2025-09-01,15,qi_direct_baseline_vs_lightgbm_extended,ANY_DISAGREEMENT,13629,0.1577558367,-4.46611365222e-07,0,0.137647663071,0.14880035219
2025-09-01,15,lightgbm_qi_ofi_vs_lightgbm_extended,LEFT_FLAT_TO_RIGHT_LONG,464,0.00537080550508,4.87901782963e-05,1.70250405392e-05,0.586206896552,0.0215517241379
2025-09-01,15,lightgbm_qi_ofi_vs_lightgbm_extended,LEFT_FLAT_TO_RIGHT_SHORT,598,0.0069218570949,-4.53197419982e-05,-5.02178120671e-06,0.0401337792642,0.515050167224
2025-09-01,15,lightgbm_qi_ofi_vs_lightgbm_extended,LEFT_LONG_TO_RIGHT_FLAT,1943,0.0224902480525,1.69883823996e-05,0,0.265054040144,0.0200720535255
2025-09-01,15,lightgbm_qi_ofi_vs_lightgbm_extended,LEFT_SHORT_TO_RIGHT_FLAT,2687,0.0311020568796,-1.80766396248e-05,0,0.0152586527726,0.255303312244
2025-09-01,15,lightgbm_qi_ofi_vs_lightgbm_extended,LEFT_LONG_TO_RIGHT_SHORT,1,1.15750118644e-05,-0.000195838224452,-0.000195838224452,0,1
2025-09-01,15,lightgbm_qi_ofi_vs_lightgbm_extended,LEFT_SHORT_TO_RIGHT_LONG,0,0,,,,
2025-09-01,15,lightgbm_qi_ofi_vs_lightgbm_extended,ANY_DISAGREEMENT,5693,0.065896542544,-3.55206479523e-06,0,0.149657474091,0.183383102055
2025-10-01,16,qi_direct_baseline_vs_lightgbm_extended,LEFT_FLAT_TO_RIGHT_LONG,1447,0.0167480728721,3.16570663135e-05,0,0.404284727021,0.0214236351071
2025-10-01,16,qi_direct_baseline_vs_lightgbm_extended,LEFT_FLAT_TO_RIGHT_SHORT,1411,0.0163313965601,-2.76240523944e-05,0,0.0354358610914,0.369950389794
2025-10-01,16,qi_direct_baseline_vs_lightgbm_extended,LEFT_LONG_TO_RIGHT_FLAT,1416,0.0163892682701,1.54519713994e-05,0,0.214689265537,0.00353107344633
2025-10-01,16,qi_direct_baseline_vs_lightgbm_extended,LEFT_SHORT_TO_RIGHT_FLAT,3703,0.042859788421,-1.03024560614e-05,0,0.00216041047799,0.174183094788
2025-10-01,16,qi_direct_baseline_vs_lightgbm_extended,LEFT_LONG_TO_RIGHT_SHORT,0,0,,,,
2025-10-01,16,qi_direct_baseline_vs_lightgbm_extended,LEFT_SHORT_TO_RIGHT_LONG,0,0,,,,
2025-10-01,16,qi_direct_baseline_vs_lightgbm_extended,ANY_DISAGREEMENT,7977,0.0923285261233,-1.18337298066e-06,0,0.118716309389,0.150808574652
2025-10-01,16,lightgbm_qi_ofi_vs_lightgbm_extended,LEFT_FLAT_TO_RIGHT_LONG,365,0.00422463482951,4.75400797141e-05,1.67872837378e-05,0.558904109589,0.027397260274
2025-10-01,16,lightgbm_qi_ofi_vs_lightgbm_extended,LEFT_FLAT_TO_RIGHT_SHORT,480,0.00555568415936,-3.03977037362e-05,0,0.0645833333333,0.41875
2025-10-01,16,lightgbm_qi_ofi_vs_lightgbm_extended,LEFT_LONG_TO_RIGHT_FLAT,1485,0.017187897868,1.84155110789e-05,0,0.284175084175,0.0141414141414
2025-10-01,16,lightgbm_qi_ofi_vs_lightgbm_extended,LEFT_SHORT_TO_RIGHT_FLAT,2750,0.0318294404963,-1.37385663199e-05,0,0.0181818181818,0.237818181818
2025-10-01,16,lightgbm_qi_ofi_vs_lightgbm_extended,LEFT_LONG_TO_RIGHT_SHORT,0,0,,,,
2025-10-01,16,lightgbm_qi_ofi_vs_lightgbm_extended,LEFT_SHORT_TO_RIGHT_LONG,0,0,,,,
2025-10-01,16,lightgbm_qi_ofi_vs_lightgbm_extended,ANY_DISAGREEMENT,5080,0.0587976573532,-1.51039215067e-06,0,0.139173228346,0.174409448819
2025-11-01,17,qi_direct_baseline_vs_lightgbm_extended,LEFT_FLAT_TO_RIGHT_LONG,674,0.0078011065071,1.139424725e-05,0,0.188427299703,0.00741839762611
2025-11-01,17,qi_direct_baseline_vs_lightgbm_extended,LEFT_FLAT_TO_RIGHT_SHORT,306,0.00354174865159,-1.11107001791e-05,0,0.00980392156863,0.202614379085
2025-11-01,17,qi_direct_baseline_vs_lightgbm_extended,LEFT_LONG_TO_RIGHT_FLAT,4358,0.0504409824301,5.66074491408e-06,0,0.116567232676,0.00229463056448
2025-11-01,17,qi_direct_baseline_vs_lightgbm_extended,LEFT_SHORT_TO_RIGHT_FLAT,6968,0.0806500150466,-4.52518117663e-06,0,0.00129161882893,0.10935706085
2025-11-01,17,qi_direct_baseline_vs_lightgbm_extended,LEFT_LONG_TO_RIGHT_SHORT,0,0,,,,
2025-11-01,17,qi_direct_baseline_vs_lightgbm_extended,LEFT_SHORT_TO_RIGHT_LONG,0,0,,,,
2025-11-01,17,qi_direct_baseline_vs_lightgbm_extended,ANY_DISAGREEMENT,12306,0.142433852635,-2.09823477284e-07,0,0.0525759791971,0.0681781244921
2025-11-01,17,lightgbm_qi_ofi_vs_lightgbm_extended,LEFT_FLAT_TO_RIGHT_LONG,800,0.00925947359893,1.21634534596e-05,0,0.23625,0.0025
2025-11-01,17,lightgbm_qi_ofi_vs_lightgbm_extended,LEFT_FLAT_TO_RIGHT_SHORT,522,0.0060418065233,-1.40170235941e-05,0,0.00383141762452,0.254789272031
2025-11-01,17,lightgbm_qi_ofi_vs_lightgbm_extended,LEFT_LONG_TO_RIGHT_FLAT,943,0.0109146045047,7.72360912284e-06,0,0.181336161188,0.00318133616119
2025-11-01,17,lightgbm_qi_ofi_vs_lightgbm_extended,LEFT_SHORT_TO_RIGHT_FLAT,1877,0.0217250399315,-7.43635879766e-06,0,0.00372935535429,0.188066062866
2025-11-01,17,lightgbm_qi_ofi_vs_lightgbm_extended,LEFT_LONG_TO_RIGHT_SHORT,0,0,,,,
2025-11-01,17,lightgbm_qi_ofi_vs_lightgbm_extended,LEFT_SHORT_TO_RIGHT_LONG,0,0,,,,
2025-11-01,17,lightgbm_qi_ofi_vs_lightgbm_extended,ANY_DISAGREEMENT,4142,0.0479409245584,-1.02868315036e-06,0,0.0890873973926,0.118541767262
2025-12-01,18,qi_direct_baseline_vs_lightgbm_extended,LEFT_FLAT_TO_RIGHT_LONG,2712,0.0313892521904,3.87082677857e-05,0,0.409660766962,0.112463126844
2025-12-01,18,qi_direct_baseline_vs_lightgbm_extended,LEFT_FLAT_TO_RIGHT_SHORT,5397,0.0624660007639,-3.57124017914e-05,0,0.100796738929,0.39855475264
2025-12-01,18,qi_direct_baseline_vs_lightgbm_extended,LEFT_LONG_TO_RIGHT_FLAT,1960,0.0226854477482,2.97303951899e-05,0,0.337755102041,0.0224489795918
2025-12-01,18,qi_direct_baseline_vs_lightgbm_extended,LEFT_SHORT_TO_RIGHT_FLAT,1819,0.0210534844153,-2.65657371812e-05,0,0.0313358988455,0.318306761957
2025-12-01,18,qi_direct_baseline_vs_lightgbm_extended,LEFT_LONG_TO_RIGHT_SHORT,0,0,,,,
2025-12-01,18,qi_direct_baseline_vs_lightgbm_extended,LEFT_SHORT_TO_RIGHT_LONG,0,0,,,,
2025-12-01,18,qi_direct_baseline_vs_lightgbm_extended,ANY_DISAGREEMENT,11888,0.137594185118,-6.54563522829e-06,0,0.19969717362,0.259000672948
2025-12-01,18,lightgbm_qi_ofi_vs_lightgbm_extended,LEFT_FLAT_TO_RIGHT_LONG,1361,0.0157524971354,5.33074190129e-05,0,0.487876561352,0.113886847906
2025-12-01,18,lightgbm_qi_ofi_vs_lightgbm_extended,LEFT_FLAT_TO_RIGHT_SHORT,2691,0.0311461938217,-3.96196106439e-05,0,0.115942028986,0.421404682274
2025-12-01,18,lightgbm_qi_ofi_vs_lightgbm_extended,LEFT_LONG_TO_RIGHT_FLAT,1670,0.0193289274181,2.63299154405e-05,0,0.332335329341,0.0526946107784
2025-12-01,18,lightgbm_qi_ofi_vs_lightgbm_extended,LEFT_SHORT_TO_RIGHT_FLAT,1052,0.0121760668526,-3.0762154915e-05,0,0.0332699619772,0.33174904943
2025-12-01,18,lightgbm_qi_ofi_vs_lightgbm_extended,LEFT_LONG_TO_RIGHT_SHORT,0,0,,,,
2025-12-01,18,lightgbm_qi_ofi_vs_lightgbm_extended,LEFT_SHORT_TO_RIGHT_LONG,0,0,,,,
2025-12-01,18,lightgbm_qi_ofi_vs_lightgbm_extended,ANY_DISAGREEMENT,6774,0.0784036852278,-3.31499898893e-06,0,0.231178033658,0.254797756126
