signal_rule,date,fold_id,model,feature_set,total_eligible_anchors,long_count,short_count,flat_count,long_coverage_pct,short_coverage_pct,active_coverage_pct,long_short_balance
train_q10_q90,2024-07-01,1,qi_direct_baseline,qi_only,86398,8231,9555,68612,0.0952684089909,0.110592837797,0.205861246788,0.861433804291
train_q05_q95,2024-07-01,1,qi_direct_baseline,qi_only,86398,4339,5189,76870,0.0502210699322,0.060059260631,0.110280330563,0.836191944498
prediction_sign,2024-07-01,1,qi_direct_baseline,qi_only,86398,41585,44811,2,0.481319012014,0.518657839302,0.999976851316,0.928008747852
train_q10_q90,2024-07-01,1,lightgbm_qi_ofi,qi_ofi,86398,8454,9785,68159,0.0978494872566,0.113254936457,0.211104423714,0.863975472662
train_q05_q95,2024-07-01,1,lightgbm_qi_ofi,qi_ofi,86398,4118,5251,77029,0.0476631403505,0.0607768698349,0.108440010185,0.784231574938
prediction_sign,2024-07-01,1,lightgbm_qi_ofi,qi_ofi,86398,41035,45361,2,0.474953123915,0.525023727401,0.999976851316,0.904631732105
train_q10_q90,2024-07-01,1,lightgbm_extended,extended_book_flow,86398,8580,9614,68204,0.0993078543485,0.111275723975,0.210583578324,0.892448512586
train_q05_q95,2024-07-01,1,lightgbm_extended,extended_book_flow,86398,4143,4720,77535,0.0479524989004,0.0546308942337,0.102583393134,0.877754237288
prediction_sign,2024-07-01,1,lightgbm_extended,extended_book_flow,86398,40071,46325,2,0.463795458228,0.536181393088,0.999976851316,0.864997301673
train_q10_q90,2024-08-01,2,qi_direct_baseline,qi_only,86398,7203,6283,72912,0.0833699854163,0.0727215907776,0.156091576194,1.14642686615
train_q05_q95,2024-08-01,2,qi_direct_baseline,qi_only,86398,3914,3534,78950,0.0453019745827,0.0409037246233,0.086205699206,1.10752688172
prediction_sign,2024-08-01,2,qi_direct_baseline,qi_only,86398,43436,42960,2,0.502743119054,0.497233732262,0.999976851316,1.01108007449
train_q10_q90,2024-08-01,2,lightgbm_qi_ofi,qi_ofi,86398,10857,10412,65129,0.125662631079,0.12051204889,0.246174679969,1.04273914714
train_q05_q95,2024-08-01,2,lightgbm_qi_ofi,qi_ofi,86398,5240,5479,75679,0.060649552073,0.0634158198106,0.124065371884,0.956378901259
prediction_sign,2024-08-01,2,lightgbm_qi_ofi,qi_ofi,86398,43403,42993,2,0.502361165768,0.497615685548,0.999976851316,1.00953643616
train_q10_q90,2024-08-01,2,lightgbm_extended,extended_book_flow,86398,10836,10727,64835,0.125419569897,0.12415796662,0.249577536517,1.01016127529
train_q05_q95,2024-08-01,2,lightgbm_extended,extended_book_flow,86398,5156,4918,76324,0.0596773073451,0.0569226139494,0.116599921294,1.04839365596
prediction_sign,2024-08-01,2,lightgbm_extended,extended_book_flow,86398,42964,43432,2,0.49728002963,0.502696821686,0.999976851316,0.989224534905
train_q10_q90,2024-09-01,3,qi_direct_baseline,qi_only,86395,18793,17209,50393,0.217524162278,0.199189767926,0.416713930204,1.09204486025
train_q05_q95,2024-09-01,3,qi_direct_baseline,qi_only,86395,12280,10771,63344,0.1421378552,0.124671566642,0.266809421842,1.1400984124
prediction_sign,2024-09-01,3,qi_direct_baseline,qi_only,86395,42514,43879,2,0.492088662538,0.507888187974,0.999976850512,0.968891724971
train_q10_q90,2024-09-01,3,lightgbm_qi_ofi,qi_ofi,86395,13459,11955,60981,0.155784478268,0.13837606343,0.294160541698,1.12580510247
train_q05_q95,2024-09-01,3,lightgbm_qi_ofi,qi_ofi,86395,8983,9082,68330,0.103975924533,0.10512182418,0.209097748712,0.989099317331
prediction_sign,2024-09-01,3,lightgbm_qi_ofi,qi_ofi,86395,42843,43550,2,0.495896753284,0.504080097228,0.999976850512,0.983765786452
train_q10_q90,2024-09-01,3,lightgbm_extended,extended_book_flow,86395,12686,11521,62188,0.146837201227,0.133352624573,0.2801898258,1.10111969447
train_q05_q95,2024-09-01,3,lightgbm_extended,extended_book_flow,86395,8141,7778,70476,0.0942299901615,0.0900283581226,0.184258348284,1.04667009514
prediction_sign,2024-09-01,3,lightgbm_extended,extended_book_flow,86395,42449,43944,2,0.491336304184,0.508640546328,0.999976850512,0.965979428363
train_q10_q90,2024-10-01,4,qi_direct_baseline,qi_only,86397,10501,9735,66161,0.121543572115,0.112677523525,0.23422109564,1.07868515665
train_q05_q95,2024-10-01,4,qi_direct_baseline,qi_only,86397,5962,6231,74204,0.0690070257069,0.0721205597417,0.141127585449,0.956828759429
prediction_sign,2024-10-01,4,qi_direct_baseline,qi_only,86397,43410,42985,2,0.502448001667,0.497528849381,0.999976851048,1.00988716994
train_q10_q90,2024-10-01,4,lightgbm_qi_ofi,qi_ofi,86397,10060,10353,65984,0.116439228214,0.119830549672,0.236269777886,0.971699024437
train_q05_q95,2024-10-01,4,lightgbm_qi_ofi,qi_ofi,86397,6033,5940,74424,0.0698288135005,0.0687523872357,0.138581200736,1.01565656566
prediction_sign,2024-10-01,4,lightgbm_qi_ofi,qi_ofi,86397,43267,43128,2,0.500792851604,0.499183999444,0.999976851048,1.0032229642
train_q10_q90,2024-10-01,4,lightgbm_extended,extended_book_flow,86397,10832,11546,64019,0.125374723659,0.133638899499,0.259013623158,0.938160401871
train_q05_q95,2024-10-01,4,lightgbm_extended,extended_book_flow,86397,6272,6510,73615,0.0725951132562,0.0753498385361,0.147944951792,0.963440860215
prediction_sign,2024-10-01,4,lightgbm_extended,extended_book_flow,86397,43412,42983,2,0.502471150619,0.497505700429,0.999976851048,1.00998069004
train_q10_q90,2024-11-01,5,qi_direct_baseline,qi_only,86394,8789,7984,69621,0.101731601732,0.0924138250341,0.194145426766,1.10082665331
train_q05_q95,2024-11-01,5,qi_direct_baseline,qi_only,86394,4975,4437,76982,0.0575850174781,0.0513577331759,0.108942750654,1.12125309894
prediction_sign,2024-11-01,5,qi_direct_baseline,qi_only,86394,43247,43145,2,0.500578743894,0.49939810635,0.999976850244,1.00236412099
train_q10_q90,2024-11-01,5,lightgbm_qi_ofi,qi_ofi,86394,9127,8546,68721,0.105643910457,0.0989189064055,0.204562816862,1.06798502223
train_q05_q95,2024-11-01,5,lightgbm_qi_ofi,qi_ofi,86394,5160,4823,76411,0.0597263698868,0.0558256360395,0.115552005926,1.0698735227
prediction_sign,2024-11-01,5,lightgbm_qi_ofi,qi_ofi,86394,42959,43433,2,0.497245179063,0.502731671181,0.999976850244,0.989086639191
train_q10_q90,2024-11-01,5,lightgbm_extended,extended_book_flow,86394,8119,8449,69826,0.0939764335486,0.0977961432507,0.191772576799,0.960942123328
train_q05_q95,2024-11-01,5,lightgbm_extended,extended_book_flow,86394,4172,4630,77592,0.0482903905364,0.0535916846077,0.101882075144,0.901079913607
prediction_sign,2024-11-01,5,lightgbm_extended,extended_book_flow,86394,43097,43295,2,0.498842512211,0.501134338033,0.999976850244,0.99542672364
train_q10_q90,2024-12-01,6,qi_direct_baseline,qi_only,86398,7291,9746,69361,0.0843885275122,0.112803537119,0.197192064631,0.748101785348
train_q05_q95,2024-12-01,6,qi_direct_baseline,qi_only,86398,4384,5156,76858,0.0507419153221,0.0596773073451,0.110419222667,0.850271528317
prediction_sign,2024-12-01,6,qi_direct_baseline,qi_only,86398,39462,46934,2,0.456746683951,0.543230167365,0.999976851316,0.840797715942
train_q10_q90,2024-12-01,6,lightgbm_qi_ofi,qi_ofi,86398,5896,7238,73264,0.0682423204241,0.0837750873863,0.15201740781,0.814589665653
train_q05_q95,2024-12-01,6,lightgbm_qi_ofi,qi_ofi,86398,3129,3920,79349,0.0362161161138,0.0453714206347,0.0815875367485,0.798214285714
prediction_sign,2024-12-01,6,lightgbm_qi_ofi,qi_ofi,86398,39423,46973,2,0.456295284613,0.543681566703,0.999976851316,0.839269367509
train_q10_q90,2024-12-01,6,lightgbm_extended,extended_book_flow,86398,6218,7334,72846,0.0719692585477,0.0848862242182,0.156855482766,0.847832015271
train_q05_q95,2024-12-01,6,lightgbm_extended,extended_book_flow,86398,2954,3624,79820,0.034190606264,0.0419454154031,0.0761360216672,0.815121412804
prediction_sign,2024-12-01,6,lightgbm_extended,extended_book_flow,86398,38675,47721,2,0.447637676798,0.552339174518,0.999976851316,0.810439848285
train_q10_q90,2025-01-01,7,qi_direct_baseline,qi_only,86399,7790,8677,69932,0.0901630805912,0.100429403118,0.190592483709,0.897775728939
train_q05_q95,2025-01-01,7,qi_direct_baseline,qi_only,86399,3656,5366,77377,0.0423153045753,0.0621072003148,0.10442250489,0.681326872903
prediction_sign,2025-01-01,7,qi_direct_baseline,qi_only,86399,44006,42391,2,0.50933459878,0.490642252804,0.999976851584,1.03809770942
train_q10_q90,2025-01-01,7,lightgbm_qi_ofi,qi_ofi,86399,6116,6274,74009,0.0707878563409,0.0726165812104,0.143404437551,0.974816703857
train_q05_q95,2025-01-01,7,lightgbm_qi_ofi,qi_ofi,86399,2768,3646,79985,0.0320374078404,0.0421995624949,0.0742369703353,0.759188151399
prediction_sign,2025-01-01,7,lightgbm_qi_ofi,qi_ofi,86399,44164,42233,2,0.51116332365,0.488813527934,0.999976851584,1.04572253925
train_q10_q90,2025-01-01,7,lightgbm_extended,extended_book_flow,86399,5659,5858,74882,0.065498443269,0.0678017106679,0.133300153937,0.966029361557
train_q05_q95,2025-01-01,7,lightgbm_extended,extended_book_flow,86399,2728,3503,80168,0.031574439519,0.040544450746,0.0721188902649,0.778761061947
prediction_sign,2025-01-01,7,lightgbm_extended,extended_book_flow,86399,43302,43095,2,0.501186356324,0.49879049526,0.999976851584,1.00480334145
train_q10_q90,2025-02-01,8,qi_direct_baseline,qi_only,86399,13483,9658,63258,0.156055046933,0.1117837012,0.267838748134,1.39604472976
train_q05_q95,2025-02-01,8,qi_direct_baseline,qi_only,86399,8130,5655,72614,0.094098311323,0.0654521464369,0.15955045776,1.43766578249
prediction_sign,2025-02-01,8,qi_direct_baseline,qi_only,86399,46605,39792,2,0.539415965463,0.460560886121,0.999976851584,1.17121531966
train_q10_q90,2025-02-01,8,lightgbm_qi_ofi,qi_ofi,86399,8810,6844,70745,0.101968772787,0.0792138797903,0.181182652577,1.28725891292
train_q05_q95,2025-02-01,8,lightgbm_qi_ofi,qi_ofi,86399,4762,3681,77956,0.0551163786618,0.0426046597762,0.0977210384379,1.29367019832
prediction_sign,2025-02-01,8,lightgbm_qi_ofi,qi_ofi,86399,46388,40009,2,0.536904362319,0.463072489265,0.999976851584,1.1594391262
train_q10_q90,2025-02-01,8,lightgbm_extended,extended_book_flow,86399,8161,5335,72903,0.0944571117721,0.0617483998657,0.156205511638,1.52970946579
train_q05_q95,2025-02-01,8,lightgbm_extended,extended_book_flow,86399,2888,2045,81466,0.0334263128045,0.0236692554312,0.0570955682357,1.41222493888
prediction_sign,2025-02-01,8,lightgbm_extended,extended_book_flow,86399,46853,39544,2,0.542286369055,0.457690482529,0.999976851584,1.18483208578
train_q10_q90,2025-03-01,9,qi_direct_baseline,qi_only,86396,14197,8868,63331,0.164324737256,0.102643640909,0.266968378166,1.60092467298
train_q05_q95,2025-03-01,9,qi_direct_baseline,qi_only,86396,8869,5338,72189,0.102655215519,0.0617852678365,0.164440483356,1.66148370176
prediction_sign,2025-03-01,9,qi_direct_baseline,qi_only,86396,49690,36704,2,0.575142367702,0.424834483078,0.99997685078,1.35380340017
train_q10_q90,2025-03-01,9,lightgbm_qi_ofi,qi_ofi,86396,13094,8953,64349,0.151557942497,0.103627482754,0.255185425251,1.46252652742
train_q05_q95,2025-03-01,9,lightgbm_qi_ofi,qi_ofi,86396,8189,5520,72687,0.094784480763,0.0638918468448,0.158676327608,1.48351449275
prediction_sign,2025-03-01,9,lightgbm_qi_ofi,qi_ofi,86396,49358,37036,2,0.571299597204,0.428677253577,0.99997685078,1.33270331569
train_q10_q90,2025-03-01,9,lightgbm_extended,extended_book_flow,86396,12289,7980,66127,0.142240381499,0.0923653872864,0.234605768786,1.53997493734
train_q05_q95,2025-03-01,9,lightgbm_extended,extended_book_flow,86396,7271,4663,74462,0.0841589888421,0.0539724061299,0.138131394972,1.55929659018
prediction_sign,2025-03-01,9,lightgbm_extended,extended_book_flow,86396,49805,36589,2,0.576473447845,0.423503402935,0.99997685078,1.36120145399
train_q10_q90,2025-04-01,10,qi_direct_baseline,qi_only,86399,11607,11630,63162,0.13434183266,0.134608039445,0.268949872105,0.998022355976
train_q05_q95,2025-04-01,10,qi_direct_baseline,qi_only,86399,5529,5659,75211,0.0639937962245,0.065498443269,0.129492239494,0.977027743418
prediction_sign,2025-04-01,10,qi_direct_baseline,qi_only,86399,42501,43896,2,0.491915415688,0.508061435896,0.999976851584,0.968220338983
train_q10_q90,2025-04-01,10,lightgbm_qi_ofi,qi_ofi,86399,11508,11740,63151,0.133195986065,0.135881202329,0.269077188393,0.980238500852
train_q05_q95,2025-04-01,10,lightgbm_qi_ofi,qi_ofi,86399,6598,6646,73155,0.0763666246137,0.0769221865994,0.153288811213,0.992777610593
prediction_sign,2025-04-01,10,lightgbm_qi_ofi,qi_ofi,86399,42432,43965,2,0.491116795333,0.508860056251,0.999976851584,0.965131354487
train_q10_q90,2025-04-01,10,lightgbm_extended,extended_book_flow,86399,10623,11632,64144,0.122952811954,0.134631187861,0.257583999815,0.9132565337
train_q05_q95,2025-04-01,10,lightgbm_extended,extended_book_flow,86399,6098,6903,73398,0.0705795205963,0.0798967580643,0.150476278661,0.883384035926
prediction_sign,2025-04-01,10,lightgbm_extended,extended_book_flow,86399,42101,44296,2,0.487285732474,0.51269111911,0.999976851584,0.950446992956
train_q10_q90,2025-05-01,11,qi_direct_baseline,qi_only,86399,5492,5127,75780,0.0635655505272,0.0593409645945,0.122906515122,1.07119173006
train_q05_q95,2025-05-01,11,qi_direct_baseline,qi_only,86399,2616,2510,81273,0.0302781282191,0.0290512621674,0.0593293903865,1.0422310757
prediction_sign,2025-05-01,11,qi_direct_baseline,qi_only,86399,43201,43196,2,0.500017361312,0.499959490272,0.999976851584,1.00011575146
train_q10_q90,2025-05-01,11,lightgbm_qi_ofi,qi_ofi,86399,5441,5941,75017,0.0629752659174,0.0687623699348,0.131737635852,0.915839084329
train_q05_q95,2025-05-01,11,lightgbm_qi_ofi,qi_ofi,86399,2127,2301,81971,0.0246183404901,0.0266322526881,0.0512505931782,0.924380704042
prediction_sign,2025-05-01,11,lightgbm_qi_ofi,qi_ofi,86399,42566,43831,2,0.49266773921,0.507309112374,0.999976851584,0.971139148092
train_q10_q90,2025-05-01,11,lightgbm_extended,extended_book_flow,86399,2932,2390,81077,0.0339355779581,0.0276623572032,0.0615979351613,1.22677824268
train_q05_q95,2025-05-01,11,lightgbm_extended,extended_book_flow,86399,1283,1098,84018,0.0148497089087,0.0127084804222,0.0275581893309,1.16848816029
prediction_sign,2025-05-01,11,lightgbm_extended,extended_book_flow,86399,42228,44169,2,0.488755656894,0.51122119469,0.999976851584,0.956055151803
train_q10_q90,2025-06-01,12,qi_direct_baseline,qi_only,86399,5722,4787,75890,0.0662276183752,0.0554057338627,0.121633352238,1.19532066012
train_q05_q95,2025-06-01,12,qi_direct_baseline,qi_only,86399,2739,2074,81586,0.0317017558074,0.0240049074642,0.0557066632716,1.3206364513
prediction_sign,2025-06-01,12,qi_direct_baseline,qi_only,86399,44913,41484,2,0.519832405468,0.480144446116,0.999976851584,1.08265837431
train_q10_q90,2025-06-01,12,lightgbm_qi_ofi,qi_ofi,86399,4095,3842,78462,0.0473963819026,0.0444681072698,0.0918644891723,1.06585111921
train_q05_q95,2025-06-01,12,lightgbm_qi_ofi,qi_ofi,86399,2043,1758,82598,0.0236461070151,0.0203474577252,0.0439935647403,1.16211604096
prediction_sign,2025-06-01,12,lightgbm_qi_ofi,qi_ofi,86399,43981,42416,2,0.509045243579,0.490931608005,0.999976851584,1.03689645417
train_q10_q90,2025-06-01,12,lightgbm_extended,extended_book_flow,86399,991,1020,84388,0.0114700401625,0.0118056921955,0.023275732358,0.971568627451
train_q05_q95,2025-06-01,12,lightgbm_extended,extended_book_flow,86399,51,17,86331,0.000590284609776,0.000196761536592,0.000787046146367,3
prediction_sign,2025-06-01,12,lightgbm_extended,extended_book_flow,86399,42784,43613,2,0.495190916562,0.504785935022,0.999976851584,0.980991906083
train_q10_q90,2025-07-01,13,qi_direct_baseline,qi_only,86393,6853,10409,69131,0.0793235563066,0.120484298496,0.199807854803,0.658372562206
train_q05_q95,2025-07-01,13,qi_direct_baseline,qi_only,86393,2941,4595,78857,0.0340421098932,0.0531871795169,0.08722928941,0.640043525571
prediction_sign,2025-07-01,13,qi_direct_baseline,qi_only,86393,37785,48606,2,0.437361823296,0.56261502668,0.999976849976,0.777373163807
train_q10_q90,2025-07-01,13,lightgbm_qi_ofi,qi_ofi,86393,5134,6744,74515,0.0594261109118,0.0780618800134,0.137487990925,0.761269276394
train_q05_q95,2025-07-01,13,lightgbm_qi_ofi,qi_ofi,86393,2624,2940,80829,0.0303728311322,0.0340305348813,0.0644033660135,0.892517006803
prediction_sign,2025-07-01,13,lightgbm_qi_ofi,qi_ofi,86393,37340,49051,2,0.432210943016,0.56776590696,0.999976849976,0.761248496463
train_q10_q90,2025-07-01,13,lightgbm_extended,extended_book_flow,86393,2327,3004,81062,0.0269350526084,0.0347713356406,0.061706388249,0.774633821571
train_q05_q95,2025-07-01,13,lightgbm_extended,extended_book_flow,86393,431,954,85008,0.00498883011355,0.0110425613186,0.0160313914322,0.45178197065
prediction_sign,2025-07-01,13,lightgbm_extended,extended_book_flow,86393,37403,48988,2,0.432940168764,0.567036681213,0.999976849976,0.763513513514
train_q10_q90,2025-08-01,14,qi_direct_baseline,qi_only,86399,8568,8482,69349,0.0991678144423,0.0981724325513,0.197340246994,1.01013911813
train_q05_q95,2025-08-01,14,qi_direct_baseline,qi_only,86399,4936,5067,76396,0.0571302908598,0.0586465121124,0.115776802972,0.974146437734
prediction_sign,2025-08-01,14,qi_direct_baseline,qi_only,86399,43648,42749,2,0.505191032304,0.49478581928,0.999976851584,1.02102973169
train_q10_q90,2025-08-01,14,lightgbm_qi_ofi,qi_ofi,86399,11434,11403,63562,0.13233949467,0.131980694221,0.264320188891,1.00271858283
train_q05_q95,2025-08-01,14,lightgbm_qi_ofi,qi_ofi,86399,5411,5625,75363,0.0626280396764,0.0651049201958,0.127732959872,0.961955555556
prediction_sign,2025-08-01,14,lightgbm_qi_ofi,qi_ofi,86399,42475,43922,2,0.491614486279,0.508362365305,0.999976851584,0.967055234279
train_q10_q90,2025-08-01,14,lightgbm_extended,extended_book_flow,86399,4749,4202,77448,0.0549659139573,0.0486348221623,0.10360073612,1.13017610662
train_q05_q95,2025-08-01,14,lightgbm_extended,extended_book_flow,86399,469,201,85729,0.00542830356833,0.002326415815,0.00775471938333,2.33333333333
prediction_sign,2025-08-01,14,lightgbm_extended,extended_book_flow,86399,44622,41775,2,0.51646431093,0.483512540654,0.999976851584,1.0681508079
train_q10_q90,2025-09-01,15,qi_direct_baseline,qi_only,86393,9890,11753,64750,0.114476867339,0.136041114442,0.250517981781,0.841487279843
train_q05_q95,2025-09-01,15,qi_direct_baseline,qi_only,86393,3827,4316,78250,0.044297570405,0.0499577512067,0.0942553216117,0.886700648749
prediction_sign,2025-09-01,15,qi_direct_baseline,qi_only,86393,41959,44432,2,0.485675922818,0.514300927158,0.999976849976,0.944341915736
train_q10_q90,2025-09-01,15,lightgbm_qi_ofi,qi_ofi,86393,10543,11762,64088,0.122035350086,0.136145289549,0.258180639635,0.896361163068
train_q05_q95,2025-09-01,15,lightgbm_qi_ofi,qi_ofi,86393,5346,6160,74887,0.061880013427,0.0713020730846,0.133182086512,0.867857142857
prediction_sign,2025-09-01,15,lightgbm_qi_ofi,qi_ofi,86393,40903,45488,2,0.473452710289,0.526524139687,0.999976849976,0.899204185719
train_q10_q90,2025-09-01,15,lightgbm_extended,extended_book_flow,86393,9063,9674,67656,0.104904332527,0.111976664776,0.216880997303,0.936841017159
train_q05_q95,2025-09-01,15,lightgbm_extended,extended_book_flow,86393,3658,3885,78850,0.0423413933999,0.0449689210931,0.0873103144931,0.94157014157
prediction_sign,2025-09-01,15,lightgbm_extended,extended_book_flow,86393,41118,45273,2,0.47594133784,0.524035512136,0.999976849976,0.908223444437
train_q10_q90,2025-10-01,16,qi_direct_baseline,qi_only,86398,4064,7667,74667,0.0470381258825,0.0887404801037,0.135778605986,0.530063910265
train_q05_q95,2025-10-01,16,qi_direct_baseline,qi_only,86398,2095,3337,80966,0.0242482464872,0.0386235792495,0.0628718257367,0.627809409649
prediction_sign,2025-10-01,16,qi_direct_baseline,qi_only,86398,39328,47068,2,0.455195722123,0.544781129193,0.999976851316,0.835557066372
train_q10_q90,2025-10-01,16,lightgbm_qi_ofi,qi_ofi,86398,5215,7645,73538,0.060360193523,0.0884858445797,0.148846038103,0.682145192937
train_q05_q95,2025-10-01,16,lightgbm_qi_ofi,qi_ofi,86398,2029,3171,81198,0.0234843399153,0.0367022384777,0.060186578393,0.63986124251
prediction_sign,2025-10-01,16,lightgbm_qi_ofi,qi_ofi,86398,38670,47726,2,0.447579805088,0.552397046228,0.999976851316,0.8102501781
train_q10_q90,2025-10-01,16,lightgbm_extended,extended_book_flow,86398,4095,5375,76928,0.0473969304845,0.0622120882428,0.109609018727,0.761860465116
train_q05_q95,2025-10-01,16,lightgbm_extended,extended_book_flow,86398,1643,2225,82530,0.0190166439038,0.025752910947,0.0447695548508,0.738426966292
prediction_sign,2025-10-01,16,lightgbm_extended,extended_book_flow,86398,38394,48002,2,0.444385286696,0.55559156462,0.999976851316,0.799841673264
train_q10_q90,2025-11-01,17,qi_direct_baseline,qi_only,86398,8535,11964,65899,0.0987870089585,0.138475427672,0.23726243663,0.713390170512
train_q05_q95,2025-11-01,17,qi_direct_baseline,qi_only,86398,4309,6762,75327,0.0498738396722,0.0782657005949,0.128139540267,0.637237503697
prediction_sign,2025-11-01,17,qi_direct_baseline,qi_only,86398,40755,45641,2,0.471712308155,0.528264543161,0.999976851316,0.892947130869
train_q10_q90,2025-11-01,17,lightgbm_qi_ofi,qi_ofi,86398,4994,6657,74747,0.0578022639413,0.0770503946851,0.134852658626,0.75018777227
train_q05_q95,2025-11-01,17,lightgbm_qi_ofi,qi_ofi,86398,2324,3210,80864,0.0268987708049,0.0371536378157,0.0640524086206,0.723987538941
prediction_sign,2025-11-01,17,lightgbm_qi_ofi,qi_ofi,86398,40152,46244,2,0.46473297993,0.535243871386,0.999976851316,0.868263991004
train_q10_q90,2025-11-01,17,lightgbm_extended,extended_book_flow,86398,4851,5302,76245,0.0561471330355,0.0613671612769,0.117514294312,0.914937759336
train_q05_q95,2025-11-01,17,lightgbm_extended,extended_book_flow,86398,2351,2818,81229,0.0272112780388,0.0326164957522,0.0598277737911,0.834279630944
prediction_sign,2025-11-01,17,lightgbm_extended,extended_book_flow,86398,41221,45175,2,0.477105951527,0.522870899789,0.999976851316,0.912473713337
train_q10_q90,2025-12-01,18,qi_direct_baseline,qi_only,86399,10693,10320,65386,0.123763006516,0.119445826919,0.243208833436,1.03614341085
train_q05_q95,2025-12-01,18,qi_direct_baseline,qi_only,86399,6731,6759,72909,0.0779059942823,0.0782300721073,0.15613606639,0.995857375351
prediction_sign,2025-12-01,18,qi_direct_baseline,qi_only,86399,42787,43610,2,0.495225639186,0.504751212398,0.999976851584,0.98112818161
train_q10_q90,2025-12-01,18,lightgbm_qi_ofi,qi_ofi,86399,11754,12259,62386,0.136043241241,0.141888216299,0.27793145754,0.958805775349
train_q05_q95,2025-12-01,18,lightgbm_qi_ofi,qi_ofi,86399,6562,6653,73184,0.0759499531245,0.0770032060556,0.15295315918,0.986321960018
prediction_sign,2025-12-01,18,lightgbm_qi_ofi,qi_ofi,86399,41992,44405,2,0.486024143798,0.513952707786,0.999976851584,0.945659272604
train_q10_q90,2025-12-01,18,lightgbm_extended,extended_book_flow,86399,11445,13898,61056,0.132466810958,0.160858343268,0.293325154226,0.823499784142
train_q05_q95,2025-12-01,18,lightgbm_extended,extended_book_flow,86399,6466,7349,72584,0.0748388291531,0.0850588548479,0.159897684001,0.879847598313
prediction_sign,2025-12-01,18,lightgbm_extended,extended_book_flow,86399,42555,43842,2,0.492540422922,0.507436428662,0.999976851584,0.970644587382
