date,fold_id,model,signal,count,mean_future_mid_return,median_future_mid_return,p_return_gt_0,p_return_lt_0,mean_signed_future_mid_return,median_signed_future_mid_return,positive_signed_fraction
2024-07-01,1,qi_direct_baseline,SHORT,9555,-2.72145761474e-05,0,0.00586080586081,0.351543694401,2.72145761474e-05,0,0.351543694401
2024-07-01,1,qi_direct_baseline,FLAT,68612,2.60091228767e-07,0,0.0597271614295,0.0588818282516,0,0,0
2024-07-01,1,qi_direct_baseline,LONG,8231,2.96501578343e-05,0,0.386951767707,0.00485967683149,2.96501578343e-05,0,0.386951767707
2024-07-01,1,qi_direct_baseline,LONG_MINUS_SHORT,17786,5.68647339817e-05,0,,,,,
2024-07-01,1,lightgbm_qi_ofi,SHORT,9785,-2.75841022435e-05,0,0.0096065406234,0.362493612672,2.75841022435e-05,0,0.362493612672
2024-07-01,1,lightgbm_qi_ofi,FLAT,68159,1.37021038217e-07,0,0.0574245514165,0.0561334526622,0,0,0
2024-07-01,1,lightgbm_qi_ofi,LONG,8454,3.10423204333e-05,0,0.394014667613,0.00780695528744,3.10423204333e-05,0,0.394014667613
2024-07-01,1,lightgbm_qi_ofi,LONG_MINUS_SHORT,18239,5.86264226768e-05,0,,,,,
2024-07-01,1,lightgbm_extended,SHORT,9614,-2.88427456644e-05,0,0.00977740794674,0.376222175993,2.88427456644e-05,0,0.376222175993
2024-07-01,1,lightgbm_extended,FLAT,68204,7.12501467374e-08,0,0.0553193361093,0.0550260981761,0,0,0
2024-07-01,1,lightgbm_extended,LONG,8580,3.19691334782e-05,0,0.404662004662,0.00804195804196,3.19691334782e-05,0,0.404662004662
2024-07-01,1,lightgbm_extended,LONG_MINUS_SHORT,18194,6.08118791426e-05,0,,,,,
2024-08-01,2,qi_direct_baseline,SHORT,6283,-5.35655129522e-05,-3.10341014896e-05,0.0319910870603,0.613082922171,5.35655129522e-05,3.10341014896e-05,0.613082922171
2024-08-01,2,qi_direct_baseline,FLAT,72912,-4.71537867901e-07,0,0.14129361422,0.148041474654,0,0,0
2024-08-01,2,qi_direct_baseline,LONG,7203,5.30478873683e-05,3.07407121367e-05,0.592392058864,0.0358184089963,5.30478873683e-05,3.07407121367e-05,0.592392058864
2024-08-01,2,qi_direct_baseline,LONG_MINUS_SHORT,13486,0.000106613400321,6.17748136262e-05,,,,,
2024-08-01,2,lightgbm_qi_ofi,SHORT,10412,-4.63582253548e-05,-1.97822081564e-05,0.0390895121014,0.544275835574,4.63582253548e-05,1.97822081564e-05,0.544275835574
2024-08-01,2,lightgbm_qi_ofi,FLAT,65129,-3.1727509382e-07,0,0.129957469023,0.134778670024,0,0,0
2024-08-01,2,lightgbm_qi_ofi,LONG,10857,4.7390319406e-05,1.62050716322e-05,0.543336096528,0.0422768720641,4.7390319406e-05,1.62050716322e-05,0.543336096528
2024-08-01,2,lightgbm_qi_ofi,LONG_MINUS_SHORT,21269,9.37485447608e-05,3.59872797886e-05,,,,,
2024-08-01,2,lightgbm_extended,SHORT,10727,-4.76482876854e-05,-2.37940573032e-05,0.0453994593083,0.553742891768,4.76482876854e-05,2.37940573032e-05,0.553742891768
2024-08-01,2,lightgbm_extended,FLAT,64835,-6.34044197155e-08,0,0.127801341868,0.130315416056,0,0,0
2024-08-01,2,lightgbm_extended,LONG,10836,4.85792777191e-05,1.99957655277e-05,0.553433001107,0.047526762643,4.85792777191e-05,1.99957655277e-05,0.553433001107
2024-08-01,2,lightgbm_extended,LONG_MINUS_SHORT,21563,9.62275654045e-05,4.37898228309e-05,,,,,
2024-09-01,3,qi_direct_baseline,SHORT,17209,-2.51864225399e-05,0,0.0167935382649,0.384856760997,2.51864225399e-05,0,0.384856760997
2024-09-01,3,qi_direct_baseline,FLAT,50393,-6.14045109757e-07,0,0.0733435199333,0.0741372809716,0,0,0
2024-09-01,3,qi_direct_baseline,LONG,18793,2.318385763e-05,0,0.390198478157,0.0212313095301,2.318385763e-05,0,0.390198478157
2024-09-01,3,qi_direct_baseline,LONG_MINUS_SHORT,36002,4.83702801699e-05,0,,,,,
2024-09-01,3,lightgbm_qi_ofi,SHORT,11955,-3.24019861528e-05,0,0.0260142199916,0.469427017984,3.24019861528e-05,0,0.469427017984
2024-09-01,3,lightgbm_qi_ofi,FLAT,60981,-4.33881650245e-07,0,0.0778111214969,0.0778439185976,0,0,0
2024-09-01,3,lightgbm_qi_ofi,LONG,13459,2.86159296461e-05,0,0.46526487852,0.0296455903113,2.86159296461e-05,0,0.46526487852
2024-09-01,3,lightgbm_qi_ofi,LONG_MINUS_SHORT,25414,6.10179157989e-05,0,,,,,
2024-09-01,3,lightgbm_extended,SHORT,11521,-3.38761638812e-05,0,0.0292509330787,0.48615571565,3.38761638812e-05,0,0.48615571565
2024-09-01,3,lightgbm_extended,FLAT,62188,-3.19484879094e-07,0,0.0779893226989,0.0761883321541,0,0,0
2024-09-01,3,lightgbm_extended,LONG,12686,3.00703866839e-05,0,0.48328866467,0.0330285353933,3.00703866839e-05,0,0.48328866467
2024-09-01,3,lightgbm_extended,LONG_MINUS_SHORT,24207,6.39465505651e-05,0,,,,,
2024-10-01,4,qi_direct_baseline,SHORT,9735,-4.43113137325e-05,-7.80371716092e-07,0.0448895737031,0.51186440678,4.43113137325e-05,7.80371716092e-07,0.51186440678
2024-10-01,4,qi_direct_baseline,FLAT,66161,-1.1114804974e-06,0,0.131028853857,0.140898716767,0,0,0
2024-10-01,4,qi_direct_baseline,LONG,10501,4.42180940529e-05,0,0.484239596229,0.0423769164841,4.42180940529e-05,0,0.484239596229
2024-10-01,4,qi_direct_baseline,LONG_MINUS_SHORT,20236,8.85294077854e-05,7.80371716092e-07,,,,,
2024-10-01,4,lightgbm_qi_ofi,SHORT,10353,-4.606665585e-05,-1.13711085245e-05,0.0574712643678,0.548633246402,4.606665585e-05,1.13711085245e-05,0.548633246402
2024-10-01,4,lightgbm_qi_ofi,FLAT,65984,-7.59725729896e-07,0,0.124090688652,0.128622090204,0,0,0
2024-10-01,4,lightgbm_qi_ofi,LONG,10060,4.83583236432e-05,9.38409821482e-06,0.537574552684,0.0579522862823,4.83583236432e-05,9.38409821482e-06,0.537574552684
2024-10-01,4,lightgbm_qi_ofi,LONG_MINUS_SHORT,20413,9.44249794932e-05,2.07552067393e-05,,,,,
2024-10-01,4,lightgbm_extended,SHORT,11546,-4.77389654376e-05,-1.46507194062e-05,0.0704139961892,0.555430452105,4.77389654376e-05,1.46507194062e-05,0.555430452105
2024-10-01,4,lightgbm_extended,FLAT,64019,-4.62247048833e-07,0,0.116293600337,0.119011543448,0,0,0
2024-10-01,4,lightgbm_extended,LONG,10832,4.98720083121e-05,1.38841852294e-05,0.547728951256,0.0662850812408,4.98720083121e-05,1.38841852294e-05,0.547728951256
2024-10-01,4,lightgbm_extended,LONG_MINUS_SHORT,22378,9.76109737497e-05,2.85349046355e-05,,,,,
2024-11-01,5,qi_direct_baseline,SHORT,7984,-4.00435993352e-05,-1.00676034728e-06,0.0346943887776,0.507640280561,4.00435993352e-05,1.00676034728e-06,0.507640280561
2024-11-01,5,qi_direct_baseline,FLAT,69621,-4.06376186281e-07,0,0.122463049942,0.116401660419,0,0,0
2024-11-01,5,qi_direct_baseline,LONG,8789,3.82991941059e-05,3.16874556789e-06,0.517237455911,0.0299237683468,3.82991941059e-05,3.16874556789e-06,0.517237455911
2024-11-01,5,qi_direct_baseline,LONG_MINUS_SHORT,16773,7.8342793441e-05,4.17550591516e-06,,,,,
2024-11-01,5,lightgbm_qi_ofi,SHORT,8546,-4.18765674623e-05,-4.89968654998e-06,0.0450503159373,0.524923941025,4.18765674623e-05,4.89968654998e-06,0.524923941025
2024-11-01,5,lightgbm_qi_ofi,FLAT,68721,-3.17399495295e-07,0,0.118435412756,0.110315624045,0,0,0
2024-11-01,5,lightgbm_qi_ofi,LONG,9127,4.03528387958e-05,7.59453882328e-06,0.52865125452,0.0386764544757,4.03528387958e-05,7.59453882328e-06,0.52865125452
2024-11-01,5,lightgbm_qi_ofi,LONG_MINUS_SHORT,17673,8.22294062581e-05,1.24942253733e-05,,,,,
2024-11-01,5,lightgbm_extended,SHORT,8449,-4.29545284983e-05,-7.92464840866e-06,0.0568114569772,0.533317552373,4.29545284983e-05,7.92464840866e-06,0.533317552373
2024-11-01,5,lightgbm_extended,FLAT,69826,7.77617540626e-08,0,0.119711855183,0.10801134248,0,0,0
2024-11-01,5,lightgbm_extended,LONG,8119,4.26289225869e-05,1.56635927345e-05,0.555487128957,0.0458184505481,4.26289225869e-05,1.56635927345e-05,0.555487128957
2024-11-01,5,lightgbm_extended,LONG_MINUS_SHORT,16568,8.55834510852e-05,2.35882411431e-05,,,,,
2024-12-01,6,qi_direct_baseline,SHORT,9746,-1.93694195488e-05,0,0.00697722142417,0.355222655448,1.93694195488e-05,0,0.355222655448
2024-12-01,6,qi_direct_baseline,FLAT,69361,3.80557827663e-07,0,0.0524069722178,0.0456164126815,0,0,0
2024-12-01,6,qi_direct_baseline,LONG,7291,2.33723133772e-05,0,0.39391030037,0.00685776985324,2.33723133772e-05,0,0.39391030037
2024-12-01,6,qi_direct_baseline,LONG_MINUS_SHORT,17037,4.2741732926e-05,0,,,,,
2024-12-01,6,lightgbm_qi_ofi,SHORT,7238,-2.36685040185e-05,0,0.00815142304504,0.410196186792,2.36685040185e-05,0,0.410196186792
2024-12-01,6,lightgbm_qi_ofi,FLAT,73264,3.32604258922e-07,0,0.0533686394409,0.0498334789255,0,0,0
2024-12-01,6,lightgbm_qi_ofi,LONG,5896,2.62845588629e-05,0,0.441994572592,0.00949796472185,2.62845588629e-05,0,0.441994572592
2024-12-01,6,lightgbm_qi_ofi,LONG_MINUS_SHORT,13134,4.99530628814e-05,0,,,,,
2024-12-01,6,lightgbm_extended,SHORT,7334,-2.42408885153e-05,0,0.0103626943005,0.425552222525,2.42408885153e-05,0,0.425552222525
2024-12-01,6,lightgbm_extended,FLAT,72846,2.61322117543e-07,0,0.050805809516,0.0479779260357,0,0,0
2024-12-01,6,lightgbm_extended,LONG,6218,2.68213976829e-05,0,0.449983917658,0.00964940495336,2.68213976829e-05,0,0.449983917658
2024-12-01,6,lightgbm_extended,LONG_MINUS_SHORT,13552,5.10622861983e-05,0,,,,,
2025-01-01,7,qi_direct_baseline,SHORT,8677,-2.08461632755e-05,0,0.00749106834159,0.356459605855,2.08461632755e-05,0,0.356459605855
2025-01-01,7,qi_direct_baseline,FLAT,69932,1.53668309875e-07,0,0.0411685637476,0.0411256649316,0,0,0
2025-01-01,7,qi_direct_baseline,LONG,7790,2.32262471987e-05,0,0.329268292683,0.00487804878049,2.32262471987e-05,0,0.329268292683
2025-01-01,7,qi_direct_baseline,LONG_MINUS_SHORT,16467,4.40724104742e-05,0,,,,,
2025-01-01,7,lightgbm_qi_ofi,SHORT,6274,-2.42178432452e-05,0,0.00972266496653,0.414249282754,2.42178432452e-05,0,0.414249282754
2025-01-01,7,lightgbm_qi_ofi,FLAT,74009,1.1903743173e-07,0,0.0436163169344,0.0453998837979,0,0,0
2025-01-01,7,lightgbm_qi_ofi,LONG,6116,2.51683365628e-05,0,0.3629823414,0.00784826684107,2.51683365628e-05,0,0.3629823414
2025-01-01,7,lightgbm_qi_ofi,LONG_MINUS_SHORT,12390,4.93861798081e-05,0,,,,,
2025-01-01,7,lightgbm_extended,SHORT,5858,-2.62748722397e-05,0,0.0110959371799,0.444691020826,2.62748722397e-05,0,0.444691020826
2025-01-01,7,lightgbm_extended,FLAT,74882,8.12036520152e-08,0,0.043201303384,0.0447236986192,0,0,0
2025-01-01,7,lightgbm_extended,LONG,5659,2.803218747e-05,0,0.390351652235,0.00936561229899,2.803218747e-05,0,0.390351652235
2025-01-01,7,lightgbm_extended,LONG_MINUS_SHORT,11517,5.43070597097e-05,0,,,,,
2025-02-01,8,qi_direct_baseline,SHORT,9658,-2.16921897506e-05,0,0.00445226755022,0.345102505695,2.16921897506e-05,0,0.345102505695
2025-02-01,8,qi_direct_baseline,FLAT,63258,-8.8803092042e-07,0,0.0373075342249,0.0431249802397,0,0,0
2025-02-01,8,qi_direct_baseline,LONG,13483,1.83929232921e-05,0,0.323963509605,0.004524215679,1.83929232921e-05,0,0.323963509605
2025-02-01,8,qi_direct_baseline,LONG_MINUS_SHORT,23141,4.00851130426e-05,0,,,,,
2025-02-01,8,lightgbm_qi_ofi,SHORT,6844,-2.52928541866e-05,0,0.00672121566335,0.39552893045,2.52928541866e-05,0,0.39552893045
2025-02-01,8,lightgbm_qi_ofi,FLAT,70745,-6.04026584458e-07,0,0.0480175277405,0.0473814403845,0,0,0
2025-02-01,8,lightgbm_qi_ofi,LONG,8810,2.24914541365e-05,0,0.377752553916,0.00715096481271,2.24914541365e-05,0,0.377752553916
2025-02-01,8,lightgbm_qi_ofi,LONG_MINUS_SHORT,15654,4.7784308323e-05,0,,,,,
2025-02-01,8,lightgbm_extended,SHORT,5335,-2.90283774026e-05,0,0.00674789128397,0.464292408622,2.90283774026e-05,0,0.464292408622
2025-02-01,8,lightgbm_extended,FLAT,72903,-8.39532999166e-07,0,0.0463492586039,0.0491749310728,0,0,0
2025-02-01,8,lightgbm_extended,LONG,8161,2.43088376244e-05,0,0.411224114692,0.00735204019115,2.43088376244e-05,0,0.411224114692
2025-02-01,8,lightgbm_extended,LONG_MINUS_SHORT,13496,5.33372150271e-05,0,,,,,
2025-03-01,9,qi_direct_baseline,SHORT,8868,-4.32840379099e-05,-7.61035090849e-06,0.020297699594,0.543752819125,4.32840379099e-05,7.61035090849e-06,0.543752819125
2025-03-01,9,qi_direct_baseline,FLAT,63331,-1.28741003635e-06,0,0.0897664650803,0.0993668187775,0,0,0
2025-03-01,9,qi_direct_baseline,LONG,14197,3.4199641203e-05,0,0.487356483764,0.0179615411707,3.4199641203e-05,0,0.487356483764
2025-03-01,9,qi_direct_baseline,LONG_MINUS_SHORT,23065,7.74836791129e-05,7.61035090849e-06,,,,,
2025-03-01,9,lightgbm_qi_ofi,SHORT,8953,-4.28284803985e-05,-9.46024624205e-06,0.0251312409248,0.549089690607,4.28284803985e-05,9.46024624205e-06,0.549089690607
2025-03-01,9,lightgbm_qi_ofi,FLAT,64349,-8.94463922165e-07,0,0.0941739576373,0.0952462353727,0,0,0
2025-03-01,9,lightgbm_qi_ofi,LONG,13094,3.52190115242e-05,0,0.49633419887,0.0248205284863,3.52190115242e-05,0,0.49633419887
2025-03-01,9,lightgbm_qi_ofi,LONG_MINUS_SHORT,22047,7.80474919227e-05,9.46024624205e-06,,,,,
2025-03-01,9,lightgbm_extended,SHORT,7980,-4.75199031876e-05,-2.0997024557e-05,0.0274436090226,0.601378446115,4.75199031876e-05,2.0997024557e-05,0.601378446115
2025-03-01,9,lightgbm_extended,FLAT,66127,-9.15379830608e-07,0,0.0924130839143,0.094620956644,0,0,0
2025-03-01,9,lightgbm_extended,LONG,12289,3.74234390478e-05,9.4516333635e-07,0.525185124908,0.0255513060461,3.74234390478e-05,9.4516333635e-07,0.525185124908
2025-03-01,9,lightgbm_extended,LONG_MINUS_SHORT,20269,8.49433422354e-05,2.19421878934e-05,,,,,
2025-04-01,10,qi_direct_baseline,SHORT,11630,-3.40193032083e-05,0,0.0203783319003,0.457351676698,3.40193032083e-05,0,0.457351676698
2025-04-01,10,qi_direct_baseline,FLAT,63162,1.50786849213e-07,0,0.0933156011526,0.0927773028087,0,0,0
2025-04-01,10,qi_direct_baseline,LONG,11607,3.59423009374e-05,0,0.467045748255,0.0205048677522,3.59423009374e-05,0,0.467045748255
2025-04-01,10,qi_direct_baseline,LONG_MINUS_SHORT,23237,6.99616041457e-05,0,,,,,
2025-04-01,10,lightgbm_qi_ofi,SHORT,11740,-3.38978738654e-05,0,0.0320272572402,0.45800681431,3.38978738654e-05,0,0.45800681431
2025-04-01,10,lightgbm_qi_ofi,FLAT,63151,-7.14353001705e-08,0,0.0881379550601,0.0901331728714,0,0,0
2025-04-01,10,lightgbm_qi_ofi,LONG,11508,3.76724052364e-05,0,0.487486965589,0.0302398331595,3.76724052364e-05,0,0.487486965589
2025-04-01,10,lightgbm_qi_ofi,LONG_MINUS_SHORT,23248,7.15702791018e-05,0,,,,,
2025-04-01,10,lightgbm_extended,SHORT,11632,-3.5805473427e-05,0,0.0348177441541,0.47893741403,3.5805473427e-05,0,0.47893741403
2025-04-01,10,lightgbm_extended,FLAT,64144,3.47112179741e-07,0,0.0888781491644,0.0857913444749,0,0,0
2025-04-01,10,lightgbm_extended,LONG,10623,4.00344434608e-05,3.62748180093e-07,0.512661206815,0.0322884307634,4.00344434608e-05,3.62748180093e-07,0.512661206815
2025-04-01,10,lightgbm_extended,LONG_MINUS_SHORT,22255,7.58399168877e-05,3.62748180093e-07,,,,,
2025-05-01,11,qi_direct_baseline,SHORT,5127,-3.17807131538e-05,0,0.0130680709967,0.389506534035,3.17807131538e-05,0,0.389506534035
2025-05-01,11,qi_direct_baseline,FLAT,75780,5.04524219003e-07,0,0.058419107944,0.057521773555,0,0,0
2025-05-01,11,qi_direct_baseline,LONG,5492,2.71344340714e-05,0,0.31573197378,0.00782957028405,2.71344340714e-05,0,0.31573197378
2025-05-01,11,qi_direct_baseline,LONG_MINUS_SHORT,10619,5.89151472252e-05,0,,,,,
2025-05-01,11,lightgbm_qi_ofi,SHORT,5941,-3.10153927114e-05,0,0.0193570106043,0.394546372665,3.10153927114e-05,0,0.394546372665
2025-05-01,11,lightgbm_qi_ofi,FLAT,75017,5.57197019823e-07,0,0.0556940426837,0.0530013197009,0,0,0
2025-05-01,11,lightgbm_qi_ofi,LONG,5441,3.06522036683e-05,0,0.35563315567,0.014519389818,3.06522036683e-05,0,0.35563315567
2025-05-01,11,lightgbm_qi_ofi,LONG_MINUS_SHORT,11382,6.16675963797e-05,0,,,,,
2025-05-01,11,lightgbm_extended,SHORT,2390,-4.6921626708e-05,-1.10891771379e-05,0.0209205020921,0.55690376569,4.6921626708e-05,1.10891771379e-05,0.55690376569
2025-05-01,11,lightgbm_extended,FLAT,81077,3.01000487602e-07,0,0.0603377036644,0.0619164497946,0,0,0
2025-05-01,11,lightgbm_extended,LONG,2932,3.82175689616e-05,0,0.43860845839,0.0163710777626,3.82175689616e-05,0,0.43860845839
2025-05-01,11,lightgbm_extended,LONG_MINUS_SHORT,5322,8.51391956696e-05,1.10891771379e-05,,,,,
2025-06-01,12,qi_direct_baseline,SHORT,4787,-2.24166861104e-05,0,0.00564027574681,0.336536452893,2.24166861104e-05,0,0.336536452893
2025-06-01,12,qi_direct_baseline,FLAT,75890,-5.66760139117e-08,0,0.0294241665569,0.0309526946897,0,0,0
2025-06-01,12,qi_direct_baseline,LONG,5722,2.12528184495e-05,0,0.304089479203,0.0045438657812,2.12528184495e-05,0,0.304089479203
2025-06-01,12,qi_direct_baseline,LONG_MINUS_SHORT,10509,4.36695045599e-05,0,,,,,
2025-06-01,12,lightgbm_qi_ofi,SHORT,3842,-2.57745950542e-05,0,0.00806871421135,0.368558042686,2.57745950542e-05,0,0.368558042686
2025-06-01,12,lightgbm_qi_ofi,FLAT,78462,3.78858707164e-08,0,0.0320409879942,0.0324360837093,0,0,0
2025-06-01,12,lightgbm_qi_ofi,LONG,4095,2.58979733998e-05,0,0.355311355311,0.00610500610501,2.58979733998e-05,0,0.355311355311
2025-06-01,12,lightgbm_qi_ofi,LONG_MINUS_SHORT,7937,5.1672568454e-05,0,,,,,
2025-06-01,12,lightgbm_extended,SHORT,1020,-3.77812266605e-05,-1.03781759021e-05,0.0147058823529,0.576470588235,3.77812266605e-05,1.03781759021e-05,0.576470588235
2025-06-01,12,lightgbm_extended,FLAT,84388,8.1267418937e-08,0,0.0406100393421,0.0401360382993,0,0,0
2025-06-01,12,lightgbm_extended,LONG,991,4.20561698349e-05,9.22148257708e-06,0.563067608476,0.0110998990918,4.20561698349e-05,9.22148257708e-06,0.563067608476
2025-06-01,12,lightgbm_extended,LONG_MINUS_SHORT,2011,7.98373964954e-05,1.95996584792e-05,,,,,
2025-07-01,13,qi_direct_baseline,SHORT,10409,-1.62780799443e-05,0,0.00297819194927,0.2520895379,1.62780799443e-05,0,0.2520895379
2025-07-01,13,qi_direct_baseline,FLAT,69131,-7.60529980853e-09,0,0.0344852526363,0.0348034890281,0,0,0
2025-07-01,13,qi_direct_baseline,LONG,6853,2.28042465978e-05,0,0.32482124617,0.00481540930979,2.28042465978e-05,0,0.32482124617
2025-07-01,13,qi_direct_baseline,LONG_MINUS_SHORT,17262,3.90823265421e-05,0,,,,,
2025-07-01,13,lightgbm_qi_ofi,SHORT,6744,-2.24283521148e-05,0,0.00548635824437,0.334519572954,2.24283521148e-05,0,0.334519572954
2025-07-01,13,lightgbm_qi_ofi,FLAT,74515,1.90367031093e-08,0,0.0358048715024,0.0370663624774,0,0,0
2025-07-01,13,lightgbm_qi_ofi,LONG,5134,2.65195739276e-05,0,0.377093883911,0.00876509544215,2.65195739276e-05,0,0.377093883911
2025-07-01,13,lightgbm_qi_ofi,LONG_MINUS_SHORT,11878,4.89479260424e-05,0,,,,,
2025-07-01,13,lightgbm_extended,SHORT,3004,-3.17223675382e-05,0,0.00699067909454,0.454061251664,3.17223675382e-05,0,0.454061251664
2025-07-01,13,lightgbm_extended,FLAT,81062,-6.22292521195e-08,0,0.0424736621352,0.0453726777035,0,0,0
2025-07-01,13,lightgbm_extended,LONG,2327,3.72374841143e-05,9.39940614465e-08,0.505801461109,0.00902449505801,3.72374841143e-05,9.39940614465e-08,0.505801461109
2025-07-01,13,lightgbm_extended,LONG_MINUS_SHORT,5331,6.89598516524e-05,9.39940614465e-08,,,,,
2025-08-01,14,qi_direct_baseline,SHORT,8482,-4.78965275965e-05,-1.2662384468e-05,0.018273991983,0.537726951191,4.78965275965e-05,1.2662384468e-05,0.537726951191
2025-08-01,14,qi_direct_baseline,FLAT,69349,-3.72431611667e-07,0,0.101702980577,0.10640384144,0,0,0
2025-08-01,14,qi_direct_baseline,LONG,8568,4.79169790757e-05,1.21604728592e-05,0.541316526611,0.0218253968254,4.79169790757e-05,1.21604728592e-05,0.541316526611
2025-08-01,14,qi_direct_baseline,LONG_MINUS_SHORT,17050,9.58135066722e-05,2.48228573272e-05,,,,,
2025-08-01,14,lightgbm_qi_ofi,SHORT,11403,-4.26704745464e-05,0,0.0237656756994,0.490572656319,4.26704745464e-05,0,0.490572656319
2025-08-01,14,lightgbm_qi_ofi,FLAT,63562,-4.09242820039e-07,0,0.0932632705075,0.0976998835782,0,0,0
2025-08-01,14,lightgbm_qi_ofi,LONG,11434,4.29465001916e-05,0,0.493877907994,0.0282490816862,4.29465001916e-05,0,0.493877907994
2025-08-01,14,lightgbm_qi_ofi,LONG_MINUS_SHORT,22837,8.5616974738e-05,0,,,,,
2025-08-01,14,lightgbm_extended,SHORT,4202,-6.27618800106e-05,-4.71073904044e-05,0.0287958115183,0.684435982865,6.27618800106e-05,4.71073904044e-05,0.684435982865
2025-08-01,14,lightgbm_extended,FLAT,77448,-6.90799031587e-07,0,0.110177151121,0.117485280446,0,0,0
2025-08-01,14,lightgbm_extended,LONG,4749,6.226426469e-05,4.4883188693e-05,0.672141503474,0.0320067382607,6.226426469e-05,4.4883188693e-05,0.672141503474
2025-08-01,14,lightgbm_extended,LONG_MINUS_SHORT,8951,0.000125026144701,9.19905790974e-05,,,,,
2025-09-01,15,qi_direct_baseline,SHORT,11753,-2.70194951802e-05,0,0.0141240534332,0.390283331915,2.70194951802e-05,0,0.390283331915
2025-09-01,15,qi_direct_baseline,FLAT,64750,5.40750379229e-07,0,0.0846023166023,0.0796293436293,0,0,0
2025-09-01,15,qi_direct_baseline,LONG,9890,2.94813170023e-05,0,0.402022244692,0.0116279069767,2.94813170023e-05,0,0.402022244692
2025-09-01,15,qi_direct_baseline,LONG_MINUS_SHORT,21643,5.65008121824e-05,0,,,,,
2025-09-01,15,lightgbm_qi_ofi,SHORT,11762,-2.78901865871e-05,0,0.017429008672,0.407158646489,2.78901865871e-05,0,0.407158646489
2025-09-01,15,lightgbm_qi_ofi,FLAT,64088,2.60992442379e-07,0,0.0780177256273,0.076363749844,0,0,0
2025-09-01,15,lightgbm_qi_ofi,LONG,10543,3.03842906522e-05,0,0.418761263398,0.0165986910746,3.03842906522e-05,0,0.418761263398
2025-09-01,15,lightgbm_qi_ofi,LONG_MINUS_SHORT,22305,5.82744772393e-05,0,,,,,
2025-09-01,15,lightgbm_extended,SHORT,9674,-3.1710718204e-05,0,0.0194335331817,0.456067810626,3.1710718204e-05,0,0.456067810626
2025-09-01,15,lightgbm_extended,FLAT,67656,8.31492101689e-08,0,0.0777462457136,0.0783522525718,0,0,0
2025-09-01,15,lightgbm_extended,LONG,9063,3.42235054946e-05,0,0.460333222995,0.0159991172901,3.42235054946e-05,0,0.460333222995
2025-09-01,15,lightgbm_extended,LONG_MINUS_SHORT,18737,6.59342236985e-05,0,,,,,
2025-10-01,16,qi_direct_baseline,SHORT,7667,-2.1909107554e-05,0,0.00782574670666,0.338854832399,2.1909107554e-05,0,0.338854832399
2025-10-01,16,qi_direct_baseline,FLAT,74667,9.14342748701e-07,0,0.0641782849184,0.0598256257785,0,0,0
2025-10-01,16,qi_direct_baseline,LONG,4064,3.41271002713e-05,0,0.442421259843,0.0127952755906,3.41271002713e-05,0,0.442421259843
2025-10-01,16,qi_direct_baseline,LONG_MINUS_SHORT,11731,5.60362078252e-05,0,,,,,
2025-10-01,16,lightgbm_qi_ofi,SHORT,7645,-2.51137776764e-05,0,0.0158273381295,0.382995421844,2.51137776764e-05,0,0.382995421844
2025-10-01,16,lightgbm_qi_ofi,FLAT,73538,7.9368822141e-07,0,0.0575484783377,0.0557534879926,0,0,0
2025-10-01,16,lightgbm_qi_ofi,LONG,5215,3.30997552853e-05,0,0.44046021093,0.0170661553212,3.30997552853e-05,0,0.44046021093
2025-10-01,16,lightgbm_qi_ofi,LONG_MINUS_SHORT,12860,5.82135329617e-05,0,,,,,
2025-10-01,16,lightgbm_extended,SHORT,5375,-3.14055201394e-05,0,0.018976744186,0.460465116279,3.14055201394e-05,0,0.460465116279
2025-10-01,16,lightgbm_extended,FLAT,76928,5.87185286191e-07,0,0.05809328203,0.059328202995,0,0,0
2025-10-01,16,lightgbm_extended,LONG,4095,3.97119216011e-05,8.7273331417e-08,0.507692307692,0.0190476190476,3.97119216011e-05,8.7273331417e-08,0.507692307692
2025-10-01,16,lightgbm_extended,LONG_MINUS_SHORT,9470,7.11174417405e-05,8.7273331417e-08,,,,,
2025-11-01,17,qi_direct_baseline,SHORT,11964,-9.56157995319e-06,0,0.00225677031093,0.225091942494,9.56157995319e-06,0,0.225091942494
2025-11-01,17,qi_direct_baseline,FLAT,65899,3.80033226999e-07,0,0.0200003034947,0.016161095009,0,0,0
2025-11-01,17,qi_direct_baseline,LONG,8535,1.09914779019e-05,0,0.240656121851,0.00257762155829,1.09914779019e-05,0,0.240656121851
2025-11-01,17,qi_direct_baseline,LONG_MINUS_SHORT,20499,2.05530578551e-05,0,,,,,
2025-11-01,17,lightgbm_qi_ofi,SHORT,6657,-1.39558830589e-05,0,0.00390566321166,0.332432026438,1.39558830589e-05,0,0.332432026438
2025-11-01,17,lightgbm_qi_ofi,FLAT,74747,3.07578680657e-07,0,0.0229842000348,0.0207232397287,0,0,0
2025-11-01,17,lightgbm_qi_ofi,LONG,4994,1.48928836281e-05,0,0.331397677213,0.00360432519023,1.48928836281e-05,0,0.331397677213
2025-11-01,17,lightgbm_qi_ofi,LONG_MINUS_SHORT,11651,2.8848766687e-05,0,,,,,
2025-11-01,17,lightgbm_extended,SHORT,5302,-1.62699272682e-05,0,0.00396076952094,0.375895888344,1.62699272682e-05,0,0.375895888344
2025-11-01,17,lightgbm_extended,FLAT,76245,1.82333597365e-07,0,0.0223621221064,0.0232146370254,0,0,0
2025-11-01,17,lightgbm_extended,LONG,4851,1.58364172755e-05,0,0.344877344877,0.00350443207586,1.58364172755e-05,0,0.344877344877
2025-11-01,17,lightgbm_extended,LONG_MINUS_SHORT,10153,3.21063445437e-05,0,,,,,
2025-12-01,18,qi_direct_baseline,SHORT,10320,-5.68154432456e-05,-1.35807584184e-05,0.0516472868217,0.565310077519,5.68154432456e-05,1.35807584184e-05,0.565310077519
2025-12-01,18,qi_direct_baseline,FLAT,65386,-8.52301462959e-07,0,0.145872205059,0.154574373719,0,0,0
2025-12-01,18,qi_direct_baseline,LONG,10693,5.57308280923e-05,1.20525270399e-05,0.553913775367,0.0516225568129,5.57308280923e-05,1.20525270399e-05,0.553913775367
2025-12-01,18,qi_direct_baseline,LONG_MINUS_SHORT,21013,0.000112546271338,2.56332854583e-05,,,,,
2025-12-01,18,lightgbm_qi_ofi,SHORT,12259,-5.35522918312e-05,-6.38686247939e-06,0.0606085325067,0.540092992903,5.35522918312e-05,6.38686247939e-06,0.540092992903
2025-12-01,18,lightgbm_qi_ofi,FLAT,62386,-5.91674632968e-08,0,0.144070785112,0.146282819863,0,0,0
2025-12-01,18,lightgbm_qi_ofi,LONG,11754,5.22421774683e-05,4.1684397339e-06,0.532839884295,0.0634677556576,5.22421774683e-05,4.1684397339e-06,0.532839884295
2025-12-01,18,lightgbm_qi_ofi,LONG_MINUS_SHORT,24013,0.000105794469299,1.05553022133e-05,,,,,
2025-12-01,18,lightgbm_extended,SHORT,13898,-5.25796611621e-05,-4.18927134673e-06,0.0733918549432,0.532882429126,5.25796611621e-05,4.18927134673e-06,0.532882429126
2025-12-01,18,lightgbm_extended,FLAT,61056,6.87613427282e-07,0,0.140887054507,0.135514937107,0,0,0
2025-12-01,18,lightgbm_extended,LONG,11445,5.61498464354e-05,1.47665032258e-05,0.556749672346,0.0710353866317,5.61498464354e-05,1.47665032258e-05,0.556749672346
2025-12-01,18,lightgbm_extended,LONG_MINUS_SHORT,25343,0.000108729507597,1.89557745726e-05,,,,,
